Fiyat (TL),Mahalle,İlan No,İlan Tarihi,Brüt m²,Net m²,Oda Sayısı,Kat Sayısı,Isıtma,Banyo Sayısı,Mutfak,Balkon,Asansör,Otopark,Eşyalı,Kullanım Durumu,Site İçerisinde,Site Adı,Aidat (TL),Krediye Uygun,Tapu Durumu,Kimden,Takas,Bina Yaşı Ortalama,Bulunduğu Kat (Dönüştürülmüş),Oda Sayısı Numeric,Kat Sayısı Numeric,_Kaynak Satır,İlan Kimliği,İlan Tarihi Parsed,Aidat (TL) Numeric,Reddetme Nedeni,İlan Günü,Brüt m² Başına Fiyat
7250000,Esenevler Mah.,1180185450,23 Haziran 2024,154,140,3+1,7,Kombi (Doğalgaz),2,Kapalı,Var,Var,Açık & Kapalı Otopark,Hayır,Mülk Sahibi,Hayır,,700,Evet,Müstakil Tapulu,Sahibinden,Evet,13.0,1,4,7,2240,1180185450,2024-06-23,700,,0.0,47077.92207792208
3550000,Mevlana Mah.,1189865148,08 Ağustos 2024,145,135,3+1,9,Kombi (Doğalgaz),2,Kapalı,Var,Var,Açık Otopark,Belirtilmemiş,Mülk Sahibi,Hayır,,250,Belirtilmemiş,Kat Mülkiyetli,Sahibinden,Evet,13.0,1,4,9,1391,1189865148,2024-08-08,250,,46.0,24482.758620689656
2100000,Çakırlar Yalı Mh.,1235729042,20 Mart 2025,55,50,1+1,4,Kombi (Doğalgaz),1,Açık (Amerikan),Var,Var,Açık Otopark,Hayır,Boş,Hayır,,,Evet,Kat Mülkiyetli,Sahibinden,Evet,0.0,3,2,4,506,1235729042,2025-03-20,,,270.0,38181.818181818184
1800000,Körfez Mh.,1237498185,01 Nisan 2025,55,45,1+1,7,Yerden Isıtma,1,Açık (Amerikan),Var,Var,Açık Otopark,Hayır,Boş,Hayır,,50,Evet,Kat Mülkiyetli,Sahibinden,Evet,0.0,4,2,7,182,1237498185,2025-04-01,50,,282.0,32727.272727272728
1490000,İstiklal Mh.,1214639884,03 Nisan 2025,50,40,1+1,4,Kombi (Doğalgaz),1,Açık (Amerikan),Yok,Var,Açık Otopark,Hayır,Boş,Hayır,Belirtilmemiş,Belirtilmemiş,Evet,Kat Mülkiyetli,Emlak Ofisinden,Hayır,3.0,0,2,4,26,1214639884,2025-04-03,,,284.0,29800.0
1500000,Körfez Mh.,1226244242,03 Nisan 2025,46,43,1+1,3,Yerden Isıtma,1,Açık (Amerikan),Var,Var,Açık Otopark,Hayır,Boş,Hayır,Belirtilmemiş,0,Evet,Kat Mülkiyetli,Emlak Ofisinden,Evet,0.0,0,2,3,33,1226244242,2025-04-03,0,,284.0,32608.695652173912
1595000,Körfez Mh.,1232463318,03 Nisan 2025,58,50,1+1,3,Yerden Isıtma,1,Açık (Amerikan),Var,Var,Açık & Kapalı Otopark,Hayır,Boş,Hayır,Belirtilmemiş,Belirtilmemiş,Evet,Kat Mülkiyetli,Emlak Ofisinden,Evet,0.0,1,2,3,51,1232463318,2025-04-03,,,284.0,27500.0
1750000,Körfez Mh.,1143601744,03 Nisan 2025,65,55,1+1,6,Kombi (Doğalgaz),1,Açık (Amerikan),Var,Var,Açık Otopark,Hayır,Boş,Hayır,Belirtilmemiş,Belirtilmemiş,Evet,Kat İrtifaklı,Emlak Ofisinden,Evet,0.0,2,2,6,135,1143601744,2025-04-03,,,284.0,26923.076923076922
1850000,Balaç Mh.,1189037602,03 Nisan 2025,135,125,3+1,5,Kombi (Doğalgaz),2,Açık (Amerikan),Var,Var,Açık Otopark,Hayır,Kiracılı,Hayır,Belirtilmemiş,Belirtilmemiş,Evet,Kat Mülkiyetli,Emlak Ofisinden,Hayır,4.0,0,4,5,216,1189037602,2025-04-03,,,284.0,13703.703703703704
1945000,Körfez Mh.,1237932896,03 Nisan 2025,45,40,1+1,5,Kombi (Doğalgaz),1,Açık (Amerikan),Var,Var,Açık Otopark,Evet,Boş,Hayır,Belirtilmemiş,Belirtilmemiş,Hayır,Kat Mülkiyetli,Emlak Ofisinden,Hayır,1.0,1,2,5,324,1237932896,2025-04-03,,,284.0,43222.22222222222
1950000,Körfez Mh.,1183828834,03 Nisan 2025,50,45,1+1,5,Kombi (Doğalgaz),1,Açık (Amerikan),Var,Var,Açık Otopark,Hayır,Boş,Hayır,Belirtilmemiş,Belirtilmemiş,Evet,Kat Mülkiyetli,Emlak Ofisinden,Hayır,0.0,1,2,5,340,1183828834,2025-04-03,,,284.0,39000.0
2040000,Körfez Mh.,1225224422,03 Nisan 2025,52,45,1+1,4,Kombi (Doğalgaz),1,Açık (Amerikan),Var,Var,Açık Otopark,Hayır,Boş,Hayır,Belirtilmemiş,400,Evet,Müstakil Tapulu,Emlak Ofisinden,Hayır,0.0,4,2,4,446,1225224422,2025-04-03,400,,284.0,39230.769230769234
2650000,Çakırlar Yalı Mh.,1232509718,03 Nisan 2025,85,75,2+1,4,Kombi (Doğalgaz),1,Açık (Amerikan),Var,Var,Açık Otopark,Hayır,Boş,Hayır,Belirtilmemiş,Belirtilmemiş,Evet,Kat Mülkiyetli,Emlak Ofisinden,Evet,0.0,3,3,4,968,1232509718,2025-04-03,,,284.0,31176.470588235294
2650000,Körfez Mh.,1232472613,03 Nisan 2025,53,50,1+1,6,Kombi (Doğalgaz),1,Açık (Amerikan),Var,Var,Açık Otopark,Hayır,Boş,Evet,Belirtilmemiş,500,Evet,Kat Mülkiyetli,Emlak Ofisinden,Hayır,0.0,4,2,6,972,1232472613,2025-04-03,500,,284.0,50000.0
2700000,İncesu Yalı Mh.,1237929584,03 Nisan 2025,50,45,1+1,4,Yerden Isıtma,1,Açık (Amerikan),Var,Var,Açık Otopark,Hayır,Boş,Hayır,Belirtilmemiş,Belirtilmemiş,Evet,Kat Mülkiyetli,Emlak Ofisinden,Hayır,0.0,2,2,4,996,1237929584,2025-04-03,,,284.0,54000.0
3050000,Cumhuriyet Mah.,1232483542,03 Nisan 2025,58,55,1+1,6,Kombi (Doğalgaz),1,Açık (Amerikan),Var,Var,Açık & Kapalı Otopark,Hayır,Boş,Hayır,Belirtilmemiş,200,Evet,Kat Mülkiyetli,Emlak Ofisinden,Hayır,0.0,4,2,6,1189,1232483542,2025-04-03,200,,284.0,52586.206896551725
3400000,Körfez Mh.,1205444083,03 Nisan 2025,60,55,1+1,5,Yerden Isıtma,1,Açık (Amerikan),Var,Var,Açık Otopark,Hayır,Boş,Hayır,Belirtilmemiş,Belirtilmemiş,Evet,Kat Mülkiyetli,Emlak Ofisinden,Hayır,0.0,1,2,5,1327,1205444083,2025-04-03,,,284.0,56666.666666666664
3900000,İncesu Yalı Mh.,1237854673,03 Nisan 2025,120,110,2+1,4,Kombi (Doğalgaz),2,Kapalı,Var,Var,Açık & Kapalı Otopark,Hayır,Boş,Hayır,Belirtilmemiş,0,Evet,Kat Mülkiyetli,Emlak Ofisinden,Evet,0.0,1,3,4,1526,1237854673,2025-04-03,0,,284.0,32500.0
4590000,Yenimahalle Mah.,1219070504,03 Nisan 2025,155,145,3+1,7,Kombi (Doğalgaz),2,Kapalı,Var,Var,Açık Otopark,Hayır,Boş,Hayır,Belirtilmemiş,Belirtilmemiş,Evet,Kat Mülkiyetli,Emlak Ofisinden,Evet,7.5,3,4,7,1785,1219070504,2025-04-03,,,284.0,29612.90322580645
4600000,Körfez Mh.,1237845281,03 Nisan 2025,130,120,3+1,5,Kombi (Doğalgaz),1,Kapalı,Var,Var,Açık Otopark,Hayır,Mülk Sahibi,Hayır,Belirtilmemiş,350,Evet,Kat Mülkiyetli,Emlak Ofisinden,Hayır,13.0,5,4,5,1790,1237845281,2025-04-03,350,,284.0,35384.61538461538
4750000,Mevlana Mah.,1215011845,03 Nisan 2025,150,130,3+1,6,Kombi (Doğalgaz),2,Kapalı,Var,Var,Açık Otopark,Hayır,Boş,Hayır,Belirtilmemiş,300,Evet,Kat Mülkiyetli,Emlak Ofisinden,Evet,7.5,6,4,6,1829,1215011845,2025-04-03,300,,284.0,31666.666666666668
6500000,İstiklal Mh.,1232540831,03 Nisan 2025,145,130,3+1,3,Yerden Isıtma,2,Açık (Amerikan),Var,Var,Kapalı Otopark,Hayır,Boş,Hayır,Belirtilmemiş,100,Evet,Kat Mülkiyetli,Emlak Ofisinden,Hayır,0.0,3,4,3,2174,1232540831,2025-04-03,100,,284.0,44827.58620689655
2300000,İstiklal Mh.,1227337779,05 Nisan 2025,85,70,2+1,4,Kombi (Doğalgaz),1,Açık (Amerikan),Var,Var,Açık Otopark,Hayır,Boş,Hayır,Belirtilmemiş,Belirtilmemiş,Evet,Kat Mülkiyetli,Emlak Ofisinden,Evet,0.0,0,3,4,739,1227337779,2025-04-05,,,286.0,27058.823529411766
2250000,Yeşildere Mh.,1198479068,06 Nisan 2025,48,40,1+1,3,Kombi (Doğalgaz),1,Açık (Amerikan),Var,Var,Açık Otopark,Hayır,Boş,Evet,Belirtilmemiş,0,Evet,Kat Mülkiyetli,Emlak Ofisinden,Hayır,0.0,3,2,3,701,1198479068,2025-04-06,0,,287.0,46875.0
2450000,Körfez Mh.,1232697668,06 Nisan 2025,75,60,2+1,5,Kombi (Doğalgaz),1,Açık (Amerikan),Var,Var,Açık Otopark,Hayır,Boş,Hayır,Belirtilmemiş,Belirtilmemiş,Evet,Kat Mülkiyetli,Emlak Ofisinden,Hayır,1.0,4,3,5,850,1232697668,2025-04-06,,,287.0,32666.666666666668
2650000,Atakent Mh.,1174327529,06 Nisan 2025,60,50,1+1,8,Kombi (Doğalgaz),1,Açık (Amerikan),Var,Var,Açık Otopark,Evet,Kiracılı,Hayır,Belirtilmemiş,Belirtilmemiş,Evet,Kat Mülkiyetli,Emlak Ofisinden,Hayır,4.0,8,2,8,962,1174327529,2025-04-06,,,287.0,44166.666666666664
2650000,Yenimahalle Mah.,1238485827,06 Nisan 2025,140,130,3+1,7,Kombi (Doğalgaz),2,Kapalı,Var,Var,Açık Otopark,Hayır,Kiracılı,Evet,Firuze Sitesi,150,Evet,Kat İrtifaklı,Emlak Ofisinden,Hayır,18.0,1,4,7,981,1238485827,2025-04-06,150,,287.0,18928.571428571428
2850000,Esenevler Mah.,1227332906,06 Nisan 2025,135,120,3+1,3,Kombi (Doğalgaz),1,Açık (Amerikan),Var,Var,Açık Otopark,Evet,Mülk Sahibi,Hayır,Belirtilmemiş,150,Evet,Kat Mülkiyetli,Emlak Ofisinden,Hayır,13.0,1,4,3,1088,1227332906,2025-04-06,150,,287.0,21111.11111111111
2950000,Atakent Mh.,1186440811,06 Nisan 2025,55,50,1+1,5,Kombi (Doğalgaz),1,Açık (Amerikan),Var,Var,Açık Otopark,Hayır,Boş,Hayır,Belirtilmemiş,400,Evet,Kat İrtifaklı,Sahibinden,Hayır,0.0,3,2,5,1131,1186440811,2025-04-06,400,,287.0,53636.36363636364
3250000,Cumhuriyet Mah.,1233204473,06 Nisan 2025,60,50,1+1,5,Kombi (Doğalgaz),1,Açık (Amerikan),Var,Var,Kapalı Otopark,Hayır,Boş,Hayır,Belirtilmemiş,0,Hayır,Kat Mülkiyetli,Emlak Ofisinden,Evet,0.0,1,2,5,1274,1233204473,2025-04-06,0,,287.0,54166.666666666664
3300000,Körfez Mh.,1238525914,06 Nisan 2025,120,100,2+1,5,Kombi (Doğalgaz),2,Kapalı,Var,Var,Açık Otopark,Hayır,Kiracılı,Hayır,Belirtilmemiş,Belirtilmemiş,Evet,Kat Mülkiyetli,Emlak Ofisinden,Hayır,1.0,1,3,5,1291,1238525914,2025-04-06,,,287.0,27500.0
3385000,Mevlana Mah.,1238312962,06 Nisan 2025,85,80,2+1,4,Yerden Isıtma,2,Kapalı,Var,Var,Açık Otopark,Hayır,Boş,Evet,Belirtilmemiş,400,Evet,Kat Mülkiyetli,Emlak Ofisinden,Hayır,2.0,3,3,4,1320,1238312962,2025-04-06,400,,287.0,39823.529411764706
4150000,İstiklal Mh.,1238427583,06 Nisan 2025,165,140,3+1,4,Kombi (Doğalgaz),2,Kapalı,Var,Var,Açık Otopark,Hayır,Kiracılı,Hayır,Belirtilmemiş,300,Evet,Kat Mülkiyetli,Sahibinden,Hayır,5.0,4,4,4,1635,1238427583,2025-04-06,300,,287.0,25151.515151515152
4150000,Körfez Mh.,1238408801,06 Nisan 2025,100,90,2+1,4,Kombi (Doğalgaz),1,Açık (Amerikan),Var,Var,Açık Otopark,Hayır,Boş,Hayır,Belirtilmemiş,Belirtilmemiş,Evet,Kat Mülkiyetli,Emlak Ofisinden,Hayır,0.0,4,3,4,1637,1238408801,2025-04-06,,,287.0,41500.0
4250000,Atatepe,1214179760,06 Nisan 2025,145,130,3+1,9,Kombi (Doğalgaz),2,Kapalı,Var,Var,Açık Otopark,Hayır,Mülk Sahibi,Hayır,Belirtilmemiş,250,Evet,Kat İrtifaklı,Emlak Ofisinden,Hayır,7.5,6,4,9,1657,1214179760,2025-04-06,250,,287.0,29310.344827586207
5300000,Mevlana Mah.,1232700350,06 Nisan 2025,150,135,3+1,4,Kombi (Doğalgaz),2,Kapalı,Var,Var,Açık Otopark,Hayır,Boş,Hayır,Belirtilmemiş,Belirtilmemiş,Evet,Kat İrtifaklı,Emlak Ofisinden,Hayır,0.0,1,4,4,1965,1232700350,2025-04-06,,,287.0,35333.333333333336
5500000,Mimarsinan Mah.,1221309842,06 Nisan 2025,120,100,2+1,4,Yerden Isıtma,2,Kapalı,Var,Var,Açık Otopark,Hayır,Boş,Hayır,Belirtilmemiş,Belirtilmemiş,Evet,Kat Mülkiyetli,Emlak Ofisinden,Hayır,0.0,2,3,4,2006,1221309842,2025-04-06,,,287.0,45833.333333333336
5950000,Mevlana Mah.,1232817362,06 Nisan 2025,168,145,3+1,8,Kombi (Doğalgaz),2,Kapalı,Var,Var,Açık Otopark,Hayır,Mülk Sahibi,Evet,Altun Evler,900,Evet,Kat Mülkiyetli,Emlak Ofisinden,Hayır,7.5,4,4,8,2084,1232817362,2025-04-06,900,,287.0,35416.666666666664
1400000,Yeşildere Mh.,1238695414,07 Nisan 2025,45,40,1+1,5,Kombi (Doğalgaz),1,Açık (Amerikan),Var,Var,Açık Otopark,Hayır,Boş,Hayır,Belirtilmemiş,Belirtilmemiş,Evet,Kat İrtifaklı,Emlak Ofisinden,Evet,0.0,1,2,5,8,1238695414,2025-04-07,,,288.0,31111.11111111111
1450000,Çakırlar Yalı Mh.,1238583228,07 Nisan 2025,50,43,1+1,5,Kombi (Doğalgaz),1,Açık (Amerikan),Var,Var,Açık Otopark,Hayır,Boş,Hayır,Belirtilmemiş,100,Evet,Kat Mülkiyetli,Emlak Ofisinden,Evet,0.0,0,2,5,14,1238583228,2025-04-07,100,,288.0,29000.0
1500000,İstiklal Mh.,1238723642,07 Nisan 2025,43,40,1+1,3,Yerden Isıtma,1,Açık (Amerikan),Yok,Var,Açık Otopark,Belirtilmemiş,Boş,Hayır,Belirtilmemiş,Belirtilmemiş,Evet,Kat Mülkiyetli,Emlak Ofisinden,Hayır,0.0,0,2,3,31,1238723642,2025-04-07,,,288.0,34883.72093023256
1550000,Çakırlar Yalı Mh.,1233273996,07 Nisan 2025,50,45,1+1,6,Kombi (Doğalgaz),1,Açık (Amerikan),Var,Var,Açık Otopark,Hayır,Boş,Hayır,Belirtilmemiş,Belirtilmemiş,Evet,Kat İrtifaklı,Emlak Ofisinden,Evet,0.0,1,2,6,40,1233273996,2025-04-07,,,288.0,31000.0
1550000,Körfez Mh.,1238646929,07 Nisan 2025,49,44,1+1,4,Yerden Isıtma,1,Açık (Amerikan),Yok,Var,Açık Otopark,Hayır,Boş,Hayır,Belirtilmemiş,0,Evet,Kat Mülkiyetli,Emlak Ofisinden,Evet,0.0,1,2,4,41,1238646929,2025-04-07,0,,288.0,31632.65306122449
1565000,Körfez Mh.,1233229721,07 Nisan 2025,57,48,1+1,4,Kombi (Doğalgaz),1,Açık (Amerikan),Var,Var,Açık Otopark,Hayır,Boş,Hayır,Belirtilmemiş,0,Evet,Kat İrtifaklı,Emlak Ofisinden,Hayır,0.0,1,2,4,45,1233229721,2025-04-07,0,,288.0,27456.140350877195
1650000,İncesu Yalı Mh.,1233152827,07 Nisan 2025,60,50,1+1,5,Yerden Isıtma,1,Açık (Amerikan),Var,Var,Açık Otopark,Hayır,Boş,Hayır,Belirtilmemiş,Belirtilmemiş,Evet,Kat İrtifaklı,Emlak Ofisinden,Evet,0.0,1,2,5,68,1233152827,2025-04-07,,,288.0,27500.0
1700000,Mevlana Mah.,1209360860,07 Nisan 2025,52,47,1+1,3,Kombi (Doğalgaz),1,Açık (Amerikan),Var,Var,Açık Otopark,Hayır,Boş,Hayır,Belirtilmemiş,100,Evet,Kat İrtifaklı,Emlak Ofisinden,Evet,0.0,0,2,3,98,1209360860,2025-04-07,100,,288.0,32692.30769230769
1750000,Büyükoyumca Mh.,1220657288,07 Nisan 2025,45,40,1+1,5,Kombi (Doğalgaz),1,Açık (Amerikan),Var,Var,Açık Otopark,Hayır,Boş,Hayır,Belirtilmemiş,Belirtilmemiş,Hayır,Kat İrtifaklı,Emlak Ofisinden,Evet,0.0,2,2,5,124,1220657288,2025-04-07,,,288.0,38888.88888888889
1750000,İncesu Yalı Mh.,1233106522,07 Nisan 2025,55,50,1+1,4,Kombi (Doğalgaz),1,Açık (Amerikan),Var,Var,Açık Otopark,Hayır,Boş,Hayır,Belirtilmemiş,Belirtilmemiş,Evet,Kat İrtifaklı,Emlak Ofisinden,Hayır,0.0,1,2,4,130,1233106522,2025-04-07,,,288.0,31818.18181818182
1750000,Körfez Mh.,1238652298,07 Nisan 2025,50,45,1+1,4,Yerden Isıtma,1,Açık (Amerikan),Var,Var,Açık Otopark,Hayır,Boş,Hayır,Belirtilmemiş,0,Evet,Kat Mülkiyetli,Emlak Ofisinden,Evet,0.0,1,2,4,136,1238652298,2025-04-07,0,,288.0,35000.0
1750000,Körfez Mh.,1238667943,07 Nisan 2025,55,50,1+1,6,Yerden Isıtma,1,Açık (Amerikan),Yok,Var,Açık Otopark,Evet,Boş,Hayır,Belirtilmemiş,Belirtilmemiş,Evet,Kat Mülkiyetli,Emlak Ofisinden,Evet,0.0,1,2,6,137,1238667943,2025-04-07,,,288.0,31818.18181818182
1765000,Körfez Mh.,1238654208,07 Nisan 2025,41,39,1+1,3,Kombi (Doğalgaz),1,Açık (Amerikan),Var,Var,Açık Otopark,Hayır,Boş,Hayır,Belirtilmemiş,200,Evet,Kat Mülkiyetli,Emlak Ofisinden,Hayır,0.0,2,2,3,148,1238654208,2025-04-07,200,,288.0,43048.78048780488
1795000,Körfez Mh.,1238638875,07 Nisan 2025,50,45,1+1,6,Yerden Isıtma,1,Açık (Amerikan),Var,Var,Açık Otopark,Hayır,Boş,Hayır,Belirtilmemiş,Belirtilmemiş,Evet,Kat Mülkiyetli,Emlak Ofisinden,Hayır,0.0,4,2,6,160,1238638875,2025-04-07,,,288.0,35900.0
1800000,Körfez Mh.,1221549311,07 Nisan 2025,50,45,1+1,5,Yerden Isıtma,1,Açık (Amerikan),Yok,Var,Açık Otopark,Hayır,Boş,Hayır,Belirtilmemiş,Belirtilmemiş,Evet,Kat Mülkiyetli,Emlak Ofisinden,Hayır,0.0,1,2,5,178,1221549311,2025-04-07,,,288.0,36000.0
1825000,Körfez Mh.,1231851631,07 Nisan 2025,49,44,1+1,5,Kombi (Doğalgaz),1,Açık (Amerikan),Var,Var,Açık Otopark,Hayır,Boş,Hayır,Belirtilmemiş,0,Evet,Kat Mülkiyetli,Emlak Ofisinden,Evet,0.0,2,2,5,200,1231851631,2025-04-07,0,,288.0,37244.897959183676
1850000,Cumhuriyet Mah.,1238730852,07 Nisan 2025,110,100,2+1,5,Kombi (Doğalgaz),1,Kapalı,Var,Yok,Açık Otopark,Hayır,Boş,Hayır,Belirtilmemiş,Belirtilmemiş,Evet,Kat Mülkiyetli,Emlak Ofisinden,Hayır,18.0,0,3,5,227,1238730852,2025-04-07,,,288.0,16818.18181818182
1850000,Körfez Mh.,1238557809,07 Nisan 2025,55,50,1+1,6,Kombi (Doğalgaz),1,Açık (Amerikan),Var,Var,Açık Otopark,Hayır,Boş,Hayır,Belirtilmemiş,Belirtilmemiş,Evet,Kat Mülkiyetli,Emlak Ofisinden,Evet,0.0,4,2,6,234,1238557809,2025-04-07,,,288.0,33636.36363636364
1850000,Körfez Mh.,1233292611,07 Nisan 2025,60,50,1+1,5,Yerden Isıtma,1,Açık (Amerikan),Var,Var,Açık Otopark,Hayır,Boş,Hayır,Belirtilmemiş,Belirtilmemiş,Evet,Kat Mülkiyetli,Emlak Ofisinden,Hayır,0.0,4,2,5,235,1233292611,2025-04-07,,,288.0,30833.333333333332
1875000,İncesu Yalı Mh.,1238650914,07 Nisan 2025,60,50,1+1,5,Kombi (Doğalgaz),1,Açık (Amerikan),Var,Var,Açık Otopark,Hayır,Boş,Hayır,Belirtilmemiş,Belirtilmemiş,Evet,Kat İrtifaklı,Emlak Ofisinden,Hayır,0.0,2,2,5,261,1238650914,2025-04-07,,,288.0,31250.0
1880000,Çakırlar Yalı Mh.,1227698507,07 Nisan 2025,52,47,1+1,5,Yerden Isıtma,1,Açık (Amerikan),Var,Var,Açık Otopark,Hayır,Boş,Hayır,Belirtilmemiş,Belirtilmemiş,Evet,Kat Mülkiyetli,Emlak Ofisinden,Evet,0.0,3,2,5,275,1227698507,2025-04-07,,,288.0,36153.846153846156
1900000,İstiklal Mh.,1233249565,07 Nisan 2025,60,55,1+1,5,Yerden Isıtma,1,Açık (Amerikan),Var,Var,Açık Otopark,Hayır,Boş,Hayır,Belirtilmemiş,Belirtilmemiş,Evet,Kat Mülkiyetli,Emlak Ofisinden,Evet,0.0,0,2,5,302,1233249565,2025-04-07,,,288.0,31666.666666666668
1900000,Körfez Mh.,1238625826,07 Nisan 2025,55,50,1+1,5,Kombi (Doğalgaz),1,Açık (Amerikan),Var,Var,Açık Otopark,Evet,Boş,Hayır,Belirtilmemiş,Belirtilmemiş,Evet,Kat Mülkiyetli,Emlak Ofisinden,Hayır,0.0,0,2,5,303,1238625826,2025-04-07,,,288.0,34545.454545454544
1945000,Körfez Mh.,1238549870,07 Nisan 2025,50,42,1+1,4,Kombi (Doğalgaz),1,Açık (Amerikan),Var,Var,Açık Otopark,Evet,Boş,Hayır,Belirtilmemiş,Belirtilmemiş,Evet,Kat Mülkiyetli,Emlak Ofisinden,Hayır,4.0,1,2,4,325,1238549870,2025-04-07,,,288.0,38900.0
1950000,Atakent Mh.,1226545472,07 Nisan 2025,50,45,1+1,4,Kombi (Doğalgaz),1,Açık (Amerikan),Var,Var,Açık Otopark,Hayır,Boş,Hayır,Belirtilmemiş,0,Evet,Kat Mülkiyetli,Emlak Ofisinden,Evet,0.0,3,2,4,329,1226545472,2025-04-07,0,,288.0,39000.0
1950000,Körfez Mh.,1223444586,07 Nisan 2025,57,52,1+1,6,Kombi (Doğalgaz),1,Açık (Amerikan),Var,Var,Açık Otopark,Hayır,Mülk Sahibi,Hayır,Belirtilmemiş,Belirtilmemiş,Evet,Kat Mülkiyetli,Emlak Ofisinden,Evet,1.0,6,2,6,341,1223444586,2025-04-07,,,288.0,34210.52631578947
1950000,Körfez Mh.,1233333890,07 Nisan 2025,55,50,1+1,5,Kombi (Doğalgaz),1,Açık (Amerikan),Var,Var,Açık Otopark,Hayır,Boş,Hayır,Belirtilmemiş,Belirtilmemiş,Evet,Kat Mülkiyetli,Emlak Ofisinden,Hayır,1.0,5,2,5,342,1233333890,2025-04-07,,,288.0,35454.545454545456
1950000,Körfez Mh.,1227440941,07 Nisan 2025,65,55,1+1,4,Yerden Isıtma,1,Açık (Amerikan),Var,Var,Açık Otopark,Hayır,Boş,Hayır,Belirtilmemiş,250,Evet,Kat Mülkiyetli,Emlak Ofisinden,Evet,0.0,2,2,4,343,1227440941,2025-04-07,250,,288.0,30000.0
1975000,Körfez Mh.,1232699655,07 Nisan 2025,45,40,1+1,4,Yerden Isıtma,1,Açık (Amerikan),Var,Var,Açık Otopark,Evet,Boş,Hayır,Belirtilmemiş,Belirtilmemiş,Evet,Kat Mülkiyetli,Emlak Ofisinden,Hayır,0.0,1,2,4,369,1232699655,2025-04-07,,,288.0,43888.88888888889
1975000,Körfez Mh.,1213065767,07 Nisan 2025,50,45,1+1,5,Kombi (Doğalgaz),1,Açık (Amerikan),Var,Var,Açık Otopark,Hayır,Boş,Hayır,Belirtilmemiş,Belirtilmemiş,Evet,Kat Mülkiyetli,Emlak Ofisinden,Hayır,0.0,3,2,5,370,1213065767,2025-04-07,,,288.0,39500.0
1999999,Körfez Mh.,1238690267,07 Nisan 2025,60,50,1+1,6,Kombi (Doğalgaz),1,Açık (Amerikan),Var,Var,Açık Otopark,Evet,Boş,Hayır,Belirtilmemiş,Belirtilmemiş,Evet,Kat Mülkiyetli,Emlak Ofisinden,Hayır,0.0,1,2,6,400,1238690267,2025-04-07,,,288.0,33333.316666666666
2000000,Körfez Mh.,1238670610,07 Nisan 2025,55,50,1+1,5,Kombi (Doğalgaz),1,Açık (Amerikan),Var,Var,Açık Otopark,Hayır,Boş,Hayır,Belirtilmemiş,0,Evet,Kat Mülkiyetli,Emlak Ofisinden,Evet,0.0,1,2,5,419,1238670610,2025-04-07,0,,288.0,36363.63636363636
2000000,Körfez Mh.,1238635685,07 Nisan 2025,67,48,1+1,6,Kombi (Doğalgaz),1,Açık (Amerikan),Var,Var,Açık Otopark,Hayır,Kiracılı,Hayır,Belirtilmemiş,Belirtilmemiş,Evet,Kat Mülkiyetli,Emlak Ofisinden,Hayır,7.5,4,2,6,420,1238635685,2025-04-07,,,288.0,29850.746268656716
2100000,Büyükkolpınar Mh.,1224005759,07 Nisan 2025,45,40,1+1,4,Kombi (Doğalgaz),1,Açık (Amerikan),Yok,Var,Açık & Kapalı Otopark,Evet,Boş,Hayır,Belirtilmemiş,200,Evet,Kat Mülkiyetli,Emlak Ofisinden,Evet,1.0,1,2,4,501,1224005759,2025-04-07,200,,288.0,46666.666666666664
2100000,Körfez Mh.,1238558162,07 Nisan 2025,60,50,1+1,5,Kombi (Doğalgaz),1,Açık (Amerikan),Var,Var,Açık Otopark,Evet,Kiracılı,Hayır,Belirtilmemiş,Belirtilmemiş,Evet,Kat Mülkiyetli,Emlak Ofisinden,Evet,4.0,2,2,5,516,1238558162,2025-04-07,,,288.0,35000.0
2100000,Körfez Mh.,1233123559,07 Nisan 2025,60,55,1+1,5,Yerden Isıtma,1,Kapalı,Var,Var,Açık Otopark,Hayır,Boş,Hayır,Belirtilmemiş,200,Evet,Kat Mülkiyetli,Emlak Ofisinden,Hayır,0.0,3,2,5,517,1233123559,2025-04-07,200,,288.0,35000.0
2100000,Körfez Mh.,1232006615,07 Nisan 2025,50,45,1+1,6,Kombi (Doğalgaz),1,Açık (Amerikan),Var,Var,Açık Otopark,Evet,Boş,Hayır,Belirtilmemiş,Belirtilmemiş,Evet,Kat Mülkiyetli,Emlak Ofisinden,Hayır,0.0,4,2,6,519,1232006615,2025-04-07,,,288.0,42000.0
2125000,Esenevler Mah.,1238548476,07 Nisan 2025,50,45,1+1,3,Kombi (Doğalgaz),1,Açık (Amerikan),Var,Var,Açık Otopark,Evet,Boş,Hayır,Belirtilmemiş,Belirtilmemiş,Evet,Kat Mülkiyetli,Emlak Ofisinden,Hayır,0.0,1,2,3,540,1238548476,2025-04-07,,,288.0,42500.0
2125000,Körfez Mh.,1233281526,07 Nisan 2025,50,46,1+1,4,Kombi (Doğalgaz),1,Açık (Amerikan),Var,Var,Açık Otopark,Hayır,Boş,Hayır,Belirtilmemiş,250,Evet,Kat Mülkiyetli,Emlak Ofisinden,Hayır,0.0,4,2,4,542,1233281526,2025-04-07,250,,288.0,42500.0
2150000,Körfez Mh.,1238695047,07 Nisan 2025,55,45,1+1,5,Yerden Isıtma,1,Açık (Amerikan),Var,Var,Açık Otopark,Evet,Boş,Hayır,Belirtilmemiş,Belirtilmemiş,Evet,Kat Mülkiyetli,Emlak Ofisinden,Hayır,1.0,4,2,5,561,1238695047,2025-04-07,,,288.0,39090.90909090909
2195000,Körfez Mh.,1238720408,07 Nisan 2025,55,50,1+1,5,Kombi (Doğalgaz),1,Açık (Amerikan),Var,Var,Açık Otopark,Evet,Boş,Hayır,Belirtilmemiş,Belirtilmemiş,Evet,Kat Mülkiyetli,Emlak Ofisinden,Hayır,0.0,3,2,5,605,1238720408,2025-04-07,,,288.0,39909.09090909091
2200000,Beypınar Mh.,1232895548,07 Nisan 2025,55,50,1+1,4,Yerden Isıtma,1,Açık (Amerikan),Var,Var,Açık Otopark,Hayır,Boş,Hayır,Belirtilmemiş,Belirtilmemiş,Evet,Kat Mülkiyetli,Emlak Ofisinden,Evet,0.0,4,2,4,617,1232895548,2025-04-07,,,288.0,40000.0
2200000,Körfez Mh.,1238692144,07 Nisan 2025,60,50,1+1,4,Yerden Isıtma,1,Açık (Amerikan),Var,Var,Açık Otopark,Evet,Boş,Hayır,Belirtilmemiş,Belirtilmemiş,Evet,Kat Mülkiyetli,Emlak Ofisinden,Hayır,1.0,3,2,4,637,1238692144,2025-04-07,,,288.0,36666.666666666664
2250000,Çakırlar Yalı Mh.,1227623399,07 Nisan 2025,60,55,1+1,7,Yerden Isıtma,1,Açık (Amerikan),Var,Var,Açık Otopark,Hayır,Boş,Hayır,Belirtilmemiş,Belirtilmemiş,Evet,Kat Mülkiyetli,Emlak Ofisinden,Hayır,0.0,1,2,7,671,1227623399,2025-04-07,,,288.0,37500.0
2250000,Körfez Mh.,1233289795,07 Nisan 2025,65,50,1+1,5,Kombi (Doğalgaz),1,Açık (Amerikan),Var,Var,Açık Otopark,Hayır,Boş,Hayır,Belirtilmemiş,Belirtilmemiş,Evet,Kat Mülkiyetli,Emlak Ofisinden,Evet,0.0,2,2,5,682,1233289795,2025-04-07,,,288.0,34615.38461538462
2275000,Körfez Mh.,1232023273,07 Nisan 2025,55,50,1+1,6,Kombi (Doğalgaz),1,Açık (Amerikan),Var,Var,Açık & Kapalı Otopark,Evet,Boş,Hayır,Belirtilmemiş,Belirtilmemiş,Evet,Kat Mülkiyetli,Emlak Ofisinden,Hayır,0.0,2,2,6,716,1232023273,2025-04-07,,,288.0,41363.63636363636
2275000,Körfez Mh.,1227462587,07 Nisan 2025,55,50,1+1,5,Kombi (Doğalgaz),1,Açık (Amerikan),Var,Var,Açık Otopark,Evet,Kiracılı,Hayır,Belirtilmemiş,Belirtilmemiş,Evet,Kat Mülkiyetli,Emlak Ofisinden,Hayır,7.5,3,2,5,717,1227462587,2025-04-07,,,288.0,41363.63636363636
2300000,Körfez Mh.,1238605653,07 Nisan 2025,60,55,1+1,5,Yerden Isıtma,1,Açık (Amerikan),Var,Var,Açık Otopark,Hayır,Boş,Hayır,Belirtilmemiş,Belirtilmemiş,Hayır,Kat İrtifaklı,Emlak Ofisinden,Evet,0.0,5,2,5,743,1238605653,2025-04-07,,,288.0,38333.333333333336
2300000,Körfez Mh.,1214268084,07 Nisan 2025,90,85,2+1,6,Kombi (Doğalgaz),2,Açık (Amerikan),Yok,Var,Açık Otopark,Hayır,Kiracılı,Hayır,Belirtilmemiş,200,Evet,Kat Mülkiyetli,Emlak Ofisinden,Hayır,1.0,1,3,6,745,1214268084,2025-04-07,200,,288.0,25555.555555555555
2350000,Atakent Mh.,1225752891,07 Nisan 2025,135,125,3+1,5,Kombi (Doğalgaz),1,Açık (Amerikan),Var,Var,Açık & Kapalı Otopark,Evet,Boş,Hayır,Belirtilmemiş,200,Evet,Kat Mülkiyetli,Emlak Ofisinden,Hayır,7.5,0,4,5,776,1225752891,2025-04-07,200,,288.0,17407.40740740741
2350000,Körfez Mh.,1151951679,07 Nisan 2025,60,50,1+1,4,Kombi (Doğalgaz),1,Açık (Amerikan),Var,Var,Açık Otopark,Hayır,Boş,Evet,Yaşam Evleri Sitesi 2,500,Evet,Kat Mülkiyetli,Emlak Ofisinden,Hayır,0.0,4,2,4,784,1151951679,2025-04-07,500,,288.0,39166.666666666664
2365000,Körfez Mh.,1233166104,07 Nisan 2025,65,60,1+1,4,Kombi (Doğalgaz),1,Açık (Amerikan),Var,Var,Açık Otopark,Hayır,Boş,Hayır,Belirtilmemiş,Belirtilmemiş,Evet,Kat Mülkiyetli,Emlak Ofisinden,Hayır,0.0,1,2,4,800,1233166104,2025-04-07,,,288.0,36384.61538461538
2380000,Yenimahalle Mah.,1238587031,07 Nisan 2025,65,55,1+1,6,Kombi (Doğalgaz),1,Açık (Amerikan),Var,Var,Açık Otopark,Evet,Boş,Hayır,Belirtilmemiş,300,Evet,Kat Mülkiyetli,Emlak Ofisinden,Hayır,4.0,2,2,6,809,1238587031,2025-04-07,300,,288.0,36615.38461538462
2390000,Körfez Mh.,1238727487,07 Nisan 2025,55,50,1+1,6,Kombi (Doğalgaz),1,Açık (Amerikan),Var,Var,Açık Otopark,Evet,Boş,Hayır,Belirtilmemiş,Belirtilmemiş,Evet,Kat Mülkiyetli,Emlak Ofisinden,Hayır,4.0,3,2,6,813,1238727487,2025-04-07,,,288.0,43454.545454545456
2440000,Körfez Mh.,1238208080,07 Nisan 2025,60,50,1+1,5,Kombi (Doğalgaz),1,Açık (Amerikan),Var,Var,Açık Otopark,Evet,Boş,Hayır,Belirtilmemiş,300,Evet,Kat Mülkiyetli,Emlak Ofisinden,Hayır,4.0,3,2,5,840,1238208080,2025-04-07,300,,288.0,40666.666666666664
2500000,Küçükkolpınar Mh.,1238548542,07 Nisan 2025,100,90,2+1,5,Kombi (Doğalgaz),2,Kapalı,Yok,Var,Açık Otopark,Hayır,Boş,Hayır,Belirtilmemiş,Belirtilmemiş,Evet,Kat Mülkiyetli,Emlak Ofisinden,Evet,0.0,1,3,5,894,1238548542,2025-04-07,,,288.0,25000.0
2525000,Mevlana Mah.,1233283498,07 Nisan 2025,50,45,1+1,3,Yerden Isıtma,1,Açık (Amerikan),Var,Var,Açık Otopark,Hayır,Boş,Hayır,Belirtilmemiş,Belirtilmemiş,Evet,Kat Mülkiyetli,Emlak Ofisinden,Hayır,0.0,2,2,3,907,1233283498,2025-04-07,,,288.0,50500.0
2550000,Körfez Mh.,1238605635,07 Nisan 2025,55,48,1+1,7,Yerden Isıtma,1,Açık (Amerikan),Var,Var,Açık Otopark,Hayır,Boş,Hayır,Belirtilmemiş,Belirtilmemiş,Evet,Kat İrtifaklı,Emlak Ofisinden,Hayır,0.0,7,2,7,914,1238605635,2025-04-07,,,288.0,46363.63636363636
2550000,Mevlana Mah.,1221300382,07 Nisan 2025,49,40,1+1,4,Yerden Isıtma,1,Açık (Amerikan),Var,Var,Açık Otopark,Hayır,Boş,Hayır,Belirtilmemiş,Belirtilmemiş,Evet,Kat İrtifaklı,Emlak Ofisinden,Hayır,0.0,2,2,4,918,1221300382,2025-04-07,,,288.0,52040.816326530614
2600000,Körfez Mh.,1238568694,07 Nisan 2025,55,50,1+1,5,Kombi (Doğalgaz),1,Açık (Amerikan),Var,Var,Açık Otopark,Hayır,Kiracılı,Hayır,Belirtilmemiş,Belirtilmemiş,Evet,Kat Mülkiyetli,Emlak Ofisinden,Hayır,7.5,3,2,5,938,1238568694,2025-04-07,,,288.0,47272.72727272727
2630000,İstiklal Mh.,1238634609,07 Nisan 2025,65,55,1+1,6,Yerden Isıtma,1,Açık (Amerikan),Var,Var,Açık Otopark,Hayır,Boş,Hayır,Belirtilmemiş,Belirtilmemiş,Belirtilmemiş,Kat Mülkiyetli,Emlak Ofisinden,Hayır,0.0,3,2,6,957,1238634609,2025-04-07,,,288.0,40461.53846153846
2650000,Körfez Mh.,1238601486,07 Nisan 2025,55,50,1+1,4,Kombi (Doğalgaz),1,Açık (Amerikan),Var,Var,Açık Otopark,Hayır,Boş,Hayır,Belirtilmemiş,Belirtilmemiş,Evet,Kat Mülkiyetli,Emlak Ofisinden,Evet,0.0,3,2,4,973,1238601486,2025-04-07,,,288.0,48181.818181818184
2749000,Esenevler Mah.,1233057697,07 Nisan 2025,100,90,2+1,6,Yerden Isıtma,1,Açık (Amerikan),Var,Var,Açık Otopark,Belirtilmemiş,Boş,Hayır,Belirtilmemiş,Belirtilmemiş,Evet,Kat Mülkiyetli,Emlak Ofisinden,Hayır,0.0,1,3,6,1010,1233057697,2025-04-07,,,288.0,27490.0
2750000,Mimarsinan Mah.,1238552283,07 Nisan 2025,50,45,1+1,3,Kombi (Doğalgaz),1,Açık (Amerikan),Var,Var,Açık Otopark,Hayır,Boş,Hayır,Belirtilmemiş,Belirtilmemiş,Evet,Kat Mülkiyetli,Emlak Ofisinden,Hayır,2.0,2,2,3,1029,1238552283,2025-04-07,,,288.0,55000.0
2755000,Esenevler Mah.,1165795651,07 Nisan 2025,110,100,2+1,5,Kombi (Doğalgaz),1,Kapalı,Var,Yok,Açık Otopark,Hayır,Boş,Hayır,Belirtilmemiş,500,Evet,Kat Mülkiyetli,Emlak Ofisinden,Hayır,18.0,2,3,5,1061,1165795651,2025-04-07,500,,288.0,25045.454545454544
2762000,Körfez Mh.,1238683730,07 Nisan 2025,58,50,1+1,8,Kombi (Doğalgaz),1,Açık (Amerikan),Var,Var,Açık Otopark,Hayır,Boş,Hayır,Belirtilmemiş,0,Evet,Kat Mülkiyetli,Emlak Ofisinden,Hayır,0.0,3,2,8,1062,1238683730,2025-04-07,0,,288.0,47620.68965517241
2775000,Körfez Mh.,1221589884,07 Nisan 2025,50,42,1+1,4,Kombi (Doğalgaz),1,Açık (Amerikan),Var,Var,Açık Otopark,Hayır,Boş,Hayır,Belirtilmemiş,Belirtilmemiş,Evet,Kat Mülkiyetli,Emlak Ofisinden,Hayır,0.0,2,2,4,1063,1221589884,2025-04-07,,,288.0,55500.0
2900000,Esenevler Mah.,1238631011,07 Nisan 2025,85,71,2+1,4,Yerden Isıtma,1,Açık (Amerikan),Var,Var,Yok,Hayır,Boş,Hayır,Belirtilmemiş,Belirtilmemiş,Evet,Kat Mülkiyetli,Emlak Ofisinden,Hayır,0.0,3,3,4,1116,1238631011,2025-04-07,,,288.0,34117.64705882353
2900000,Körfez Mh.,1233203937,07 Nisan 2025,65,59,1+1,4,Kombi (Doğalgaz),1,Açık (Amerikan),Var,Var,Açık Otopark,Evet,Boş,Hayır,Belirtilmemiş,Belirtilmemiş,Evet,Kat Mülkiyetli,Emlak Ofisinden,Evet,0.0,3,2,4,1117,1233203937,2025-04-07,,,288.0,44615.38461538462
2900000,Yenimahalle Mah.,1238671275,07 Nisan 2025,50,45,1+1,5,Yerden Isıtma,1,Açık (Amerikan),Var,Var,Açık Otopark,Hayır,Boş,Hayır,Belirtilmemiş,Belirtilmemiş,Evet,Kat Mülkiyetli,Emlak Ofisinden,Evet,0.0,1,2,5,1121,1238671275,2025-04-07,,,288.0,58000.0
2950000,Denizevleri Mah.,1238609230,07 Nisan 2025,55,45,1+1,5,Kombi (Doğalgaz),1,Açık (Amerikan),Var,Var,Açık Otopark,Hayır,Boş,Hayır,Belirtilmemiş,Belirtilmemiş,Evet,Kat Mülkiyetli,Emlak Ofisinden,Hayır,0.0,5,2,5,1133,1238609230,2025-04-07,,,288.0,53636.36363636364
3000000,Esenevler Mah.,1232949481,07 Nisan 2025,55,50,1+1,4,Yerden Isıtma,1,Açık (Amerikan),Var,Var,Açık Otopark,Hayır,Boş,Hayır,Belirtilmemiş,Belirtilmemiş,Evet,Kat Mülkiyetli,Emlak Ofisinden,Hayır,0.0,3,2,4,1167,1232949481,2025-04-07,,,288.0,54545.454545454544
3000000,Körfez Mh.,1226024930,07 Nisan 2025,55,45,1+1,5,Yerden Isıtma,1,Açık (Amerikan),Var,Var,Açık Otopark,Hayır,Boş,Hayır,Belirtilmemiş,250,Evet,Kat Mülkiyetli,Emlak Ofisinden,Evet,0.0,2,2,5,1169,1226024930,2025-04-07,250,,288.0,54545.454545454544
3000000,Körfez Mh.,1226061064,07 Nisan 2025,60,50,1+1,5,Yerden Isıtma,1,Açık (Amerikan),Var,Var,Yok,Hayır,Boş,Hayır,Belirtilmemiş,250,Evet,Kat Mülkiyetli,Emlak Ofisinden,Evet,0.0,1,2,5,1170,1226061064,2025-04-07,250,,288.0,50000.0
3000000,Mevlana Mah.,1046302541,07 Nisan 2025,70,60,1+1,6,Kombi (Doğalgaz),1,Açık (Amerikan),Var,Var,Açık Otopark,Hayır,Boş,Hayır,Belirtilmemiş,Belirtilmemiş,Evet,Kat Mülkiyetli,Emlak Ofisinden,Hayır,0.0,4,2,6,1178,1046302541,2025-04-07,,,288.0,42857.142857142855
3200000,Esenevler Mah.,1233366217,07 Nisan 2025,140,128,3+1,5,Kombi (Doğalgaz),1,Açık (Amerikan),Var,Var,Açık Otopark,Hayır,Kiracılı,Hayır,Belirtilmemiş,Belirtilmemiş,Evet,Kat Mülkiyetli,Emlak Ofisinden,Evet,3.0,3,4,5,1252,1233366217,2025-04-07,,,288.0,22857.14285714286
3200000,Körfez Mh.,1238576184,07 Nisan 2025,80,70,2+1,5,Kombi (Doğalgaz),1,Açık (Amerikan),Var,Var,Açık Otopark,Evet,Boş,Hayır,Belirtilmemiş,Belirtilmemiş,Evet,Kat Mülkiyetli,Emlak Ofisinden,Evet,0.0,4,3,5,1253,1238576184,2025-04-07,,,288.0,40000.0
3250000,Cumhuriyet Mah.,1209463456,07 Nisan 2025,60,50,1+1,4,Yerden Isıtma,1,Açık (Amerikan),Var,Var,Açık Otopark,Hayır,Boş,Hayır,Belirtilmemiş,100,Evet,Kat Mülkiyetli,Emlak Ofisinden,Hayır,0.0,3,2,4,1273,1209463456,2025-04-07,100,,288.0,54166.666666666664
3250000,Çakırlar Yalı Mh.,1208438346,07 Nisan 2025,51,41,1+1,4,Kombi (Doğalgaz),1,Açık (Amerikan),Var,Var,Açık Otopark,Hayır,Boş,Hayır,Belirtilmemiş,150,Evet,Kat İrtifaklı,Emlak Ofisinden,Evet,0.0,4,2,4,1275,1208438346,2025-04-07,150,,288.0,63725.490196078434
3250000,İncesu Yalı Mh.,1081154114,07 Nisan 2025,71,68,2+1,5,Yerden Isıtma,2,Açık (Amerikan),Var,Var,Açık Otopark,Belirtilmemiş,Boş,Hayır,Belirtilmemiş,Belirtilmemiş,Evet,Kat Mülkiyetli,Sahibinden,Evet,0.0,3,3,5,1277,1081154114,2025-04-07,,,288.0,45774.64788732395
3300000,Yenimahalle Mah.,1238675967,07 Nisan 2025,50,45,1+1,5,Yerden Isıtma,1,Açık (Amerikan),Var,Var,Açık Otopark,Hayır,Boş,Hayır,Belirtilmemiş,Belirtilmemiş,Evet,Kat Mülkiyetli,Emlak Ofisinden,Evet,0.0,2,2,5,1297,1238675967,2025-04-07,,,288.0,66000.0
3500000,Balaç Mh.,1227679789,07 Nisan 2025,110,95,2+1,4,Yerden Isıtma,2,Kapalı,Var,Var,Açık Otopark,Hayır,Boş,Hayır,Belirtilmemiş,Belirtilmemiş,Evet,Kat Mülkiyetli,Emlak Ofisinden,Evet,0.0,1,3,4,1351,1227679789,2025-04-07,,,288.0,31818.18181818182
3500000,Körfez Mh.,1220962752,07 Nisan 2025,60,55,1+1,4,Kombi (Doğalgaz),1,Açık (Amerikan),Var,Var,Açık Otopark,Hayır,Boş,Hayır,Belirtilmemiş,Belirtilmemiş,Evet,Kat Mülkiyetli,Emlak Ofisinden,Evet,0.0,2,2,4,1361,1220962752,2025-04-07,,,288.0,58333.333333333336
3500000,Körfez Mh.,1219510003,07 Nisan 2025,77,70,2+1,5,Kombi (Doğalgaz),2,Açık (Amerikan),Var,Var,Açık Otopark,Hayır,Boş,Hayır,Belirtilmemiş,Belirtilmemiş,Evet,Kat Mülkiyetli,Emlak Ofisinden,Evet,0.0,3,3,5,1362,1219510003,2025-04-07,,,288.0,45454.545454545456
3500000,Mimarsinan Mah.,1225994242,07 Nisan 2025,145,128,3+1,3,Kombi (Doğalgaz),1,Kapalı,Var,Var,Açık Otopark,Hayır,Mülk Sahibi,Hayır,Belirtilmemiş,150,Evet,Kat Mülkiyetli,Emlak Ofisinden,Evet,18.0,2,4,3,1368,1225994242,2025-04-07,150,,288.0,24137.931034482757
3545000,Yenimahalle Mah.,1227552472,07 Nisan 2025,130,120,3+1,5,Kombi (Doğalgaz),1,Kapalı,Var,Var,Açık Otopark,Hayır,Mülk Sahibi,Hayır,,,Evet,Kat İrtifaklı,Sahibinden,Hayır,13.0,5,4,5,1383,1227552472,2025-04-07,,,288.0,27269.23076923077
3600000,Küçükkolpınar Mh.,1227670352,07 Nisan 2025,95,85,2+1,5,Kombi (Doğalgaz),2,Kapalı,Var,Var,Açık Otopark,Hayır,Boş,Hayır,Belirtilmemiş,0,Evet,Kat Mülkiyetli,Emlak Ofisinden,Hayır,0.0,2,3,5,1409,1227670352,2025-04-07,0,,288.0,37894.73684210526
3650000,Küçükkolpınar Mh.,1227496777,07 Nisan 2025,140,125,3+1,5,Kombi (Doğalgaz),2,Kapalı,Var,Var,Açık Otopark,Hayır,Mülk Sahibi,Hayır,Belirtilmemiş,Belirtilmemiş,Evet,Kat Mülkiyetli,Emlak Ofisinden,Hayır,7.5,5,4,5,1426,1227496777,2025-04-07,,,288.0,26071.428571428572
3650000,Mevlana Mah.,1238670411,07 Nisan 2025,130,120,3+0,6,Kombi (Doğalgaz),2,Kapalı,Var,Var,Açık Otopark,Hayır,Boş,Hayır,Belirtilmemiş,300,Evet,Kat Mülkiyetli,Emlak Ofisinden,Hayır,0.0,1,3,6,1429,1238670411,2025-04-07,300,,288.0,28076.923076923078
3660000,Körfez Mh.,1238669506,07 Nisan 2025,75,70,1+1,5,Yerden Isıtma,1,Açık (Amerikan),Yok,Var,Açık Otopark,Hayır,Boş,Evet,Belirtilmemiş,600,Hayır,Kat Mülkiyetli,Sahibinden,Evet,1.0,0,2,5,1437,1238669506,2025-04-07,600,,288.0,48800.0
3750000,Körfez Mh.,1187474699,07 Nisan 2025,150,135,3+1,9,Kombi (Doğalgaz),2,Kapalı,Var,Var,Açık Otopark,Hayır,Mülk Sahibi,Hayır,Belirtilmemiş,Belirtilmemiş,Evet,Kat Mülkiyetli,Emlak Ofisinden,Hayır,18.0,1,4,9,1464,1187474699,2025-04-07,,,288.0,25000.0
3800000,Mimarsinan Mah.,1238700478,07 Nisan 2025,145,125,3+1,6,Kombi (Doğalgaz),1,Kapalı,Var,Var,Açık Otopark,Hayır,Boş,Hayır,Belirtilmemiş,200,Evet,Kat Mülkiyetli,Emlak Ofisinden,Hayır,13.0,5,4,6,1493,1238700478,2025-04-07,200,,288.0,26206.896551724138
3900000,İstiklal Mh.,1238573621,07 Nisan 2025,110,95,2+1,5,Kombi (Doğalgaz),1,Kapalı,Var,Var,Açık Otopark,Belirtilmemiş,Boş,Hayır,Belirtilmemiş,Belirtilmemiş,Evet,Kat Mülkiyetli,Emlak Ofisinden,Hayır,4.0,5,3,5,1527,1238573621,2025-04-07,,,288.0,35454.545454545456
4000000,Mevlana Mah.,1238581680,07 Nisan 2025,120,110,3+1,5,Kombi (Doğalgaz),1,Açık (Amerikan),Var,Var,Açık Otopark,Hayır,Kiracılı,Hayır,Belirtilmemiş,Belirtilmemiş,Evet,Kat Mülkiyetli,Emlak Ofisinden,Evet,3.0,1,4,5,1580,1238581680,2025-04-07,,,288.0,33333.333333333336
4000000,Mevlana Mah.,1227718760,07 Nisan 2025,145,130,3+1,3,Kombi (Doğalgaz),2,Kapalı,Var,Var,Açık Otopark,Hayır,Mülk Sahibi,Hayır,Belirtilmemiş,Belirtilmemiş,Evet,Kat Mülkiyetli,Emlak Ofisinden,Hayır,3.0,3,4,3,1581,1227718760,2025-04-07,,,288.0,27586.206896551725
4099000,Yenimahalle Mah.,1227426587,07 Nisan 2025,110,100,3+1,6,Kombi (Doğalgaz),1,Açık (Amerikan),Var,Var,Açık Otopark,Hayır,Boş,Hayır,,300,Evet,Kat İrtifaklı,Sahibinden,Hayır,13.0,4,4,6,1610,1227426587,2025-04-07,300,,288.0,37263.63636363636
4100000,Körfez Mh.,1238548046,07 Nisan 2025,85,70,2+1,5,Yerden Isıtma,2,Açık (Amerikan),Var,Var,Açık Otopark,Evet,Kiracılı,Hayır,Belirtilmemiş,Belirtilmemiş,Evet,Kat Mülkiyetli,Emlak Ofisinden,Evet,2.0,2,3,5,1621,1238548046,2025-04-07,,,288.0,48235.294117647056
4150000,İstiklal Mh.,1233299685,07 Nisan 2025,150,130,3+1,6,Kombi (Doğalgaz),2,Açık (Amerikan),Var,Var,Açık Otopark,Hayır,Mülk Sahibi,Hayır,Belirtilmemiş,300,Evet,Kat Mülkiyetli,Emlak Ofisinden,Evet,7.5,2,4,6,1636,1233299685,2025-04-07,300,,288.0,27666.666666666668
4350000,Mevlana Mah.,1233073429,07 Nisan 2025,145,130,3+1,5,Kombi (Doğalgaz),2,Kapalı,Var,Var,Açık Otopark,Hayır,Boş,Hayır,Belirtilmemiş,Belirtilmemiş,Evet,Kat Mülkiyetli,Emlak Ofisinden,Hayır,0.0,3,4,5,1701,1233073429,2025-04-07,,,288.0,30000.0
4350000,Yenimahalle Mah.,1212002289,07 Nisan 2025,85,80,2+1,5,Kombi (Doğalgaz),2,Kapalı,Var,Var,Açık Otopark,Hayır,Boş,Hayır,,,Evet,Kat Mülkiyetli,Sahibinden,Hayır,3.0,1,3,5,1705,1212002289,2025-04-07,,,288.0,51176.470588235294
4450000,Körfez Mh.,1233305336,07 Nisan 2025,135,115,3+1,6,Kombi (Doğalgaz),2,Kapalı,Var,Var,Açık Otopark,Hayır,Kiracılı,Hayır,Belirtilmemiş,200,Evet,Kat Mülkiyetli,Emlak Ofisinden,Evet,7.5,3,4,6,1739,1233305336,2025-04-07,200,,288.0,32962.96296296296
4900000,Körfez Mh.,1238638417,07 Nisan 2025,100,90,2+1,4,Kombi (Doğalgaz),1,Kapalı,Var,Var,Açık Otopark,Hayır,Kiracılı,Hayır,Belirtilmemiş,Belirtilmemiş,Evet,Kat Mülkiyetli,Emlak Ofisinden,Hayır,4.0,2,3,4,1853,1238638417,2025-04-07,,,288.0,49000.0
5000000,İstiklal Mh.,1220577371,07 Nisan 2025,135,125,3+1,3,Kombi (Doğalgaz),2,Kapalı,Var,Var,Açık Otopark,Hayır,Boş,Hayır,Belirtilmemiş,Belirtilmemiş,Evet,Kat Mülkiyetli,Emlak Ofisinden,Hayır,0.0,3,4,3,1900,1220577371,2025-04-07,,,288.0,37037.03703703704
5000000,Körfez Mh.,1238626455,07 Nisan 2025,65,60,1+1,3,Merkezi (Pay Ölçer),1,Açık (Amerikan),Var,Var,Açık Otopark,Evet,Boş,Evet,Meridyen Park,2750,Evet,Kat Mülkiyetli,İnşaat Firmasından,Evet,13.0,2,2,3,1902,1238626455,2025-04-07,2750,,288.0,76923.07692307692
5500000,Balaç Mh.,1227683716,07 Nisan 2025,145,135,3+1,4,Yerden Isıtma,2,Kapalı,Var,Var,Açık Otopark,Hayır,Boş,Hayır,Belirtilmemiş,Belirtilmemiş,Evet,Kat Mülkiyetli,Emlak Ofisinden,Evet,0.0,2,4,4,1993,1227683716,2025-04-07,,,288.0,37931.03448275862
5500000,Büyükkolpınar Mh.,1238574878,07 Nisan 2025,140,117,3+1,6,Yerden Isıtma,2,Kapalı,Var,Var,Açık Otopark,Hayır,Boş,Hayır,Belirtilmemiş,Belirtilmemiş,Evet,Kat Mülkiyetli,Emlak Ofisinden,Evet,0.0,1,4,6,1997,1238574878,2025-04-07,,,288.0,39285.71428571428
5500000,Esenevler Mah.,1037987877,07 Nisan 2025,150,135,3+1,3,Kombi (Doğalgaz),2,Kapalı,Var,Var,Açık Otopark,Hayır,Boş,Hayır,Belirtilmemiş,0,Evet,Kat Mülkiyetli,Emlak Ofisinden,Hayır,0.0,3,4,3,1999,1037987877,2025-04-07,0,,288.0,36666.666666666664
5650000,Küçükkolpınar Mh.,1192390690,07 Nisan 2025,150,135,3+1,6,Kombi (Doğalgaz),2,Kapalı,Var,Var,Açık Otopark,Hayır,Boş,Hayır,Belirtilmemiş,300,Evet,Kat Mülkiyetli,Emlak Ofisinden,Hayır,0.0,1,4,6,2045,1192390690,2025-04-07,300,,288.0,37666.666666666664
5750000,Küçükkolpınar Mh.,1213374993,07 Nisan 2025,135,120,3+1,6,Kombi (Doğalgaz),2,Kapalı,Var,Var,Açık Otopark,Hayır,Boş,Hayır,Belirtilmemiş,Belirtilmemiş,Evet,Kat Mülkiyetli,Emlak Ofisinden,Evet,1.0,6,4,6,2063,1213374993,2025-04-07,,,288.0,42592.59259259259
5900000,Esenevler Mah.,1232701770,07 Nisan 2025,180,160,3+1,5,Kombi (Doğalgaz),2,Kapalı,Var,Var,Açık Otopark,Hayır,Boş,Evet,Obam Sitesi,500,Evet,Kat Mülkiyetli,Emlak Ofisinden,Hayır,7.5,4,4,5,2078,1232701770,2025-04-07,500,,288.0,32777.77777777778
5900000,Körfez Mh.,1233200539,07 Nisan 2025,90,80,2+1,3,Kombi (Doğalgaz),2,Açık (Amerikan),Var,Var,Yok,Hayır,Kiracılı,Hayır,Belirtilmemiş,Belirtilmemiş,Evet,Kat Mülkiyetli,Emlak Ofisinden,Hayır,4.0,2,3,3,2079,1233200539,2025-04-07,,,288.0,65555.55555555556
6100000,Körfez Mh.,1096744963,07 Nisan 2025,110,90,2+1,4,Kombi (Doğalgaz),1,Kapalı,Var,Var,Açık & Kapalı Otopark,Hayır,Boş,Hayır,Belirtilmemiş,650,Evet,Kat Mülkiyetli,Emlak Ofisinden,Hayır,7.5,1,3,4,2135,1096744963,2025-04-07,650,,288.0,55454.545454545456
6500000,Atatepe,1238735034,07 Nisan 2025,178,155,3+1,9,Kombi (Doğalgaz),2,Kapalı,Var,Var,Açık Otopark,Hayır,Boş,Evet,Kuryapı Atapark,250,Evet,Kat Mülkiyetli,Emlak Ofisinden,Hayır,0.0,1,4,9,2173,1238735034,2025-04-07,250,,288.0,36516.85393258427
6650000,Yenimahalle Mah.,1232175363,07 Nisan 2025,190,180,3+1,8,Kombi (Doğalgaz),2,Kapalı,Var,Var,Açık Otopark,Hayır,Mülk Sahibi,Hayır,Belirtilmemiş,600,Evet,Kat Mülkiyetli,İnşaat Firmasından,Hayır,7.5,3,4,8,2193,1232175363,2025-04-07,600,,288.0,35000.0
7000000,Atatepe,1238739525,07 Nisan 2025,180,155,3+1,9,Kombi (Doğalgaz),2,Kapalı,Var,Var,Açık Otopark,Hayır,Boş,Evet,Kuryapı Atapark,250,Evet,Kat Mülkiyetli,Emlak Ofisinden,Hayır,0.0,4,4,9,2218,1238739525,2025-04-07,250,,288.0,38888.88888888889
8250000,Yenimahalle Mah.,1231908002,07 Nisan 2025,225,195,4+1,9,Kombi (Doğalgaz),2,Kapalı,Var,Var,Açık Otopark,Evet,Mülk Sahibi,Hayır,Belirtilmemiş,Belirtilmemiş,Evet,Kat Mülkiyetli,Emlak Ofisinden,Hayır,7.5,1,5,9,2278,1231908002,2025-04-07,,,288.0,36666.666666666664
1475000,Körfez Mh.,1233213210,08 Nisan 2025,48,44,1+1,5,Yerden Isıtma,1,Açık (Amerikan),Yok,Var,Açık Otopark,Hayır,Boş,Hayır,Belirtilmemiş,400,Evet,Kat Mülkiyetli,Emlak Ofisinden,Hayır,0.0,0,2,5,22,1233213210,2025-04-08,400,,289.0,30729.166666666668
1550000,Körfez Mh.,1238794051,08 Nisan 2025,45,40,1+1,5,Kombi (Doğalgaz),1,Açık (Amerikan),Yok,Var,Açık Otopark,Hayır,Boş,Evet,Belirtilmemiş,500,Hayır,Kat Mülkiyetli,Emlak Ofisinden,Evet,0.0,0,2,5,42,1238794051,2025-04-08,500,,289.0,34444.444444444445
1649000,Küçükkolpınar Mh.,1221720541,08 Nisan 2025,65,60,2+0,7,Kombi (Doğalgaz),1,Açık (Amerikan),Yok,Var,Açık Otopark,Evet,Boş,Hayır,Belirtilmemiş,Belirtilmemiş,Evet,Kat Mülkiyetli,Emlak Ofisinden,Evet,0.0,2,2,7,63,1221720541,2025-04-08,,,289.0,25369.23076923077
1725000,Çakırlar Yalı Mh.,1238818483,08 Nisan 2025,55,50,1+1,4,Kombi (Doğalgaz),1,Açık (Amerikan),Var,Var,Açık Otopark,Hayır,Boş,Hayır,Belirtilmemiş,300,Evet,Kat Mülkiyetli,Emlak Ofisinden,Evet,0.0,3,2,4,102,1238818483,2025-04-08,300,,289.0,31363.636363636364
1750000,Büyükoyumca Mh.,1220122331,08 Nisan 2025,65,50,1+1,5,Kombi (Doğalgaz),1,Açık (Amerikan),Var,Var,Açık Otopark,Hayır,Boş,Hayır,Belirtilmemiş,0,Evet,Müstakil Tapulu,Emlak Ofisinden,Hayır,0.0,2,2,5,125,1220122331,2025-04-08,0,,289.0,26923.076923076922
1800000,Körfez Mh.,1238750732,08 Nisan 2025,60,55,1+1,5,Kombi (Doğalgaz),1,Açık (Amerikan),Yok,Var,Açık & Kapalı Otopark,Hayır,Boş,Hayır,Belirtilmemiş,Belirtilmemiş,Evet,Kat Mülkiyetli,Emlak Ofisinden,Evet,0.0,1,2,5,176,1238750732,2025-04-08,,,289.0,30000.0
1820000,Körfez Mh.,1227616265,08 Nisan 2025,55,50,1+1,7,Kat Kaloriferi,1,Açık (Amerikan),Var,Var,Açık Otopark,Evet,Boş,Hayır,Belirtilmemiş,200,Evet,Kat Mülkiyetli,Emlak Ofisinden,Hayır,0.0,2,2,7,192,1227616265,2025-04-08,200,,289.0,33090.90909090909
1990000,Çakırlar Yalı Mh.,1238765192,08 Nisan 2025,55,50,1+1,4,Kombi (Doğalgaz),1,Açık (Amerikan),Var,Var,Açık Otopark,Hayır,Boş,Hayır,Belirtilmemiş,200,Evet,Kat Mülkiyetli,Emlak Ofisinden,Hayır,0.0,2,2,4,394,1238765192,2025-04-08,200,,289.0,36181.818181818184
2000000,İncesu Yalı Mh.,1238809216,08 Nisan 2025,50,45,1+1,5,Yerden Isıtma,1,Açık (Amerikan),Var,Var,Açık Otopark,Hayır,Boş,Hayır,Belirtilmemiş,Belirtilmemiş,Evet,Kat İrtifaklı,Emlak Ofisinden,Hayır,0.0,5,2,5,416,1238809216,2025-04-08,,,289.0,40000.0
2000000,Körfez Mh.,1218752694,08 Nisan 2025,50,45,1+1,6,Yerden Isıtma,1,Açık (Amerikan),Var,Var,Açık Otopark,Hayır,Boş,Hayır,Belirtilmemiş,Belirtilmemiş,Evet,Kat Mülkiyetli,Emlak Ofisinden,Evet,0.0,2,2,6,421,1218752694,2025-04-08,,,289.0,40000.0
2000000,Körfez Mh.,1220632667,08 Nisan 2025,58,50,1+1,6,Kombi (Doğalgaz),1,Açık (Amerikan),Var,Var,Açık Otopark,Hayır,Boş,Hayır,Belirtilmemiş,Belirtilmemiş,Evet,Kat Mülkiyetli,Emlak Ofisinden,Evet,0.0,1,2,6,422,1220632667,2025-04-08,,,289.0,34482.75862068965
2025000,Körfez Mh.,1238779357,08 Nisan 2025,50,46,1+1,4,Yerden Isıtma,1,Kapalı,Var,Var,Açık Otopark,Hayır,Boş,Hayır,Belirtilmemiş,0,Hayır,Kat Mülkiyetli,Emlak Ofisinden,Evet,0.0,1,2,4,440,1238779357,2025-04-08,0,,289.0,40500.0
2065000,Körfez Mh.,1238796979,08 Nisan 2025,55,50,1+1,5,Yerden Isıtma,1,Açık (Amerikan),Var,Var,Açık Otopark,Evet,Boş,Hayır,Belirtilmemiş,Belirtilmemiş,Evet,Kat Mülkiyetli,Emlak Ofisinden,Evet,0.0,3,2,5,481,1238796979,2025-04-08,,,289.0,37545.454545454544
2075000,İncesu Yalı Mh.,1225576391,08 Nisan 2025,55,50,1+1,6,Kombi (Doğalgaz),1,Açık (Amerikan),Var,Var,Açık Otopark,Evet,Boş,Hayır,Belirtilmemiş,300,Evet,Kat İrtifaklı,Emlak Ofisinden,Hayır,3.0,6,2,6,483,1225576391,2025-04-08,300,,289.0,37727.27272727273
2150000,Cumhuriyet Mah.,1208330482,08 Nisan 2025,135,125,3+1,4,Kombi (Doğalgaz),1,Açık (Amerikan),Var,Var,Açık & Kapalı Otopark,Hayır,Mülk Sahibi,Hayır,Belirtilmemiş,Belirtilmemiş,Evet,Kat Mülkiyetli,Emlak Ofisinden,Hayır,13.0,1,4,4,553,1208330482,2025-04-08,,,289.0,15925.925925925925
2150000,İstiklal Mh.,1184233493,08 Nisan 2025,45,40,1+1,4,Yerden Isıtma,1,Açık (Amerikan),Yok,Var,Açık Otopark,Hayır,Boş,Hayır,Belirtilmemiş,Belirtilmemiş,Evet,Kat Mülkiyetli,Emlak Ofisinden,Evet,0.0,0,2,4,558,1184233493,2025-04-08,,,289.0,47777.77777777778
2200000,İncesu Yalı Mh.,1179728477,08 Nisan 2025,55,48,1+1,6,Yerden Isıtma,1,Açık (Amerikan),Var,Var,Açık Otopark,Hayır,Boş,Hayır,,90,Hayır,Müstakil Tapulu,Sahibinden,Hayır,0.0,1,2,6,634,1179728477,2025-04-08,90,,289.0,40000.0
2250000,Körfez Mh.,1225969415,08 Nisan 2025,55,50,1+1,6,Kombi (Doğalgaz),1,Açık (Amerikan),Var,Var,Açık Otopark,Hayır,Boş,Hayır,Belirtilmemiş,Belirtilmemiş,Evet,Kat İrtifaklı,Emlak Ofisinden,Hayır,4.0,2,2,6,683,1225969415,2025-04-08,,,289.0,40909.09090909091
2250000,Körfez Mh.,1238808073,08 Nisan 2025,47,42,1+1,5,Kombi (Doğalgaz),1,Açık (Amerikan),Var,Var,Açık Otopark,Hayır,Boş,Hayır,Belirtilmemiş,Belirtilmemiş,Evet,Kat İrtifaklı,Emlak Ofisinden,Hayır,0.0,5,2,5,684,1238808073,2025-04-08,,,289.0,47872.34042553192
2300000,Körfez Mh.,1238819890,08 Nisan 2025,55,50,1+1,6,Kombi (Doğalgaz),1,Açık (Amerikan),Var,Var,Açık Otopark,Hayır,Boş,Hayır,Belirtilmemiş,350,Evet,Kat İrtifaklı,Emlak Ofisinden,Evet,0.0,5,2,6,746,1238819890,2025-04-08,350,,289.0,41818.181818181816
2384000,Büyükoyumca Mh.,1238933437,08 Nisan 2025,65,58,1+1,4,Kombi (Doğalgaz),1,Açık (Amerikan),Var,Var,Açık Otopark,Evet,Kiracılı,Evet,Belirtilmemiş,250,Evet,Kat Mülkiyetli,Sahibinden,Hayır,7.5,4,2,4,811,1238933437,2025-04-08,250,,289.0,36676.92307692308
2400000,Körfez Mh.,1227049828,08 Nisan 2025,55,52,1+1,5,Kombi (Doğalgaz),1,Açık (Amerikan),Var,Var,Açık Otopark,Hayır,Kiracılı,Hayır,Belirtilmemiş,300,Evet,Kat Mülkiyetli,Emlak Ofisinden,Evet,1.0,3,2,5,825,1227049828,2025-04-08,300,,289.0,43636.36363636364
2450000,Körfez Mh.,1238817683,08 Nisan 2025,52,47,1+1,5,Kombi (Doğalgaz),1,Açık (Amerikan),Var,Var,Açık Otopark,Evet,Boş,Hayır,Belirtilmemiş,Belirtilmemiş,Hayır,Kat Mülkiyetli,Emlak Ofisinden,Hayır,4.0,1,2,5,851,1238817683,2025-04-08,,,289.0,47115.38461538462
2485000,Yenimahalle Mah.,1238813667,08 Nisan 2025,52,45,1+1,6,Kombi (Doğalgaz),1,Açık (Amerikan),Var,Var,Açık Otopark,Hayır,Boş,Hayır,Belirtilmemiş,Belirtilmemiş,Evet,Kat İrtifaklı,Emlak Ofisinden,Hayır,0.0,5,2,6,870,1238813667,2025-04-08,,,289.0,47788.46153846154
2500000,Cumhuriyet Mah.,1226342459,08 Nisan 2025,140,125,3+1,5,Kombi (Doğalgaz),1,Açık (Amerikan),Var,Yok,Yok,Hayır,Boş,Hayır,Belirtilmemiş,Belirtilmemiş,Evet,Kat Mülkiyetli,Emlak Ofisinden,Hayır,18.0,3,4,5,882,1226342459,2025-04-08,,,289.0,17857.14285714286
2600000,Mevlana Mah.,1227181199,08 Nisan 2025,100,85,2+1,5,Yerden Isıtma,2,Açık (Amerikan),Yok,Var,Açık Otopark,Hayır,Boş,Hayır,Belirtilmemiş,Belirtilmemiş,Evet,Kat Mülkiyetli,Emlak Ofisinden,Evet,0.0,1,3,5,943,1227181199,2025-04-08,,,289.0,26000.0
2700000,Büyükoyumca Mh.,1171250987,08 Nisan 2025,52,40,1+1,6,Yerden Isıtma,1,Açık (Amerikan),Var,Var,Açık & Kapalı Otopark,Hayır,Boş,Hayır,Belirtilmemiş,Belirtilmemiş,Hayır,Kat İrtifaklı,Sahibinden,Evet,0.0,3,2,6,995,1171250987,2025-04-08,,,289.0,51923.07692307692
2750000,İstiklal Mh.,1238795464,08 Nisan 2025,55,50,1+1,8,Kombi (Doğalgaz),1,Açık (Amerikan),Var,Var,Açık & Kapalı Otopark,Hayır,Boş,Hayır,Belirtilmemiş,Belirtilmemiş,Evet,Kat Mülkiyetli,Emlak Ofisinden,Evet,0.0,7,2,8,1021,1238795464,2025-04-08,,,289.0,50000.0
2750000,Körfez Mh.,1233337408,08 Nisan 2025,60,45,1+1,4,Kombi (Doğalgaz),1,Açık (Amerikan),Var,Var,Açık Otopark,Hayır,Boş,Hayır,Belirtilmemiş,Belirtilmemiş,Evet,Kat Mülkiyetli,Emlak Ofisinden,Evet,0.0,3,2,4,1023,1233337408,2025-04-08,,,289.0,45833.333333333336
3100000,Esenevler Mah.,1233443421,08 Nisan 2025,100,90,2+1,4,Kombi (Doğalgaz),1,Açık (Amerikan),Var,Var,Açık Otopark,Hayır,Kiracılı,Hayır,Belirtilmemiş,Belirtilmemiş,Evet,Kat Mülkiyetli,Emlak Ofisinden,Hayır,4.0,4,3,4,1201,1233443421,2025-04-08,,,289.0,31000.0
3200000,Alanlı Mh.,1226328492,08 Nisan 2025,110,98,2+1,4,Kombi (Doğalgaz),2,Kapalı,Var,Var,Açık Otopark,Hayır,Boş,Hayır,Belirtilmemiş,Belirtilmemiş,Evet,Kat İrtifaklı,Emlak Ofisinden,Hayır,0.0,1,3,4,1245,1226328492,2025-04-08,,,289.0,29090.909090909092
3300000,Büyükoyumca Mh.,1233252880,08 Nisan 2025,90,80,2+1,3,Kombi (Doğalgaz),2,Açık (Amerikan),Var,Var,Açık Otopark,Hayır,Boş,Hayır,Belirtilmemiş,Belirtilmemiş,Evet,Kat Mülkiyetli,Emlak Ofisinden,Evet,0.0,2,3,3,1289,1233252880,2025-04-08,,,289.0,36666.666666666664
3700000,Körfez Mh.,1238819689,08 Nisan 2025,75,70,1+1,4,Kombi (Doğalgaz),1,Açık (Amerikan),Var,Var,Açık Otopark,Evet,Boş,Hayır,Belirtilmemiş,500,Evet,Kat Mülkiyetli,Emlak Ofisinden,Hayır,4.0,1,2,4,1438,1238819689,2025-04-08,500,,289.0,49333.333333333336
3750000,Yenimahalle Mah.,1220573942,08 Nisan 2025,90,80,1+1,3,Yerden Isıtma,1,Açık (Amerikan),Var,Yok,Açık Otopark,Hayır,Boş,Hayır,Belirtilmemiş,Belirtilmemiş,Evet,Kat Mülkiyetli,Emlak Ofisinden,Evet,0.0,1,2,3,1470,1220573942,2025-04-08,,,289.0,41666.666666666664
4250000,İstiklal Mh.,1238799050,08 Nisan 2025,140,125,3+1,3,Kombi (Doğalgaz),2,Kapalı,Var,Var,Açık Otopark,Hayır,Boş,Hayır,Belirtilmemiş,Belirtilmemiş,Evet,Kat Mülkiyetli,Emlak Ofisinden,Hayır,0.0,1,4,3,1662,1238799050,2025-04-08,,,289.0,30357.14285714286
4250000,Mevlana Mah.,1220855369,08 Nisan 2025,155,140,3+1,4,Kombi (Doğalgaz),2,Kapalı,Var,Var,Açık Otopark,Hayır,Boş,Hayır,Belirtilmemiş,Belirtilmemiş,Evet,Kat Mülkiyetli,Emlak Ofisinden,Evet,4.0,1,4,4,1664,1220855369,2025-04-08,,,289.0,27419.354838709678
4350000,Balaç Mh.,1227993704,08 Nisan 2025,137,130,3+1,5,Kombi (Doğalgaz),2,Kapalı,Var,Var,Açık Otopark,Hayır,Boş,Hayır,Belirtilmemiş,Belirtilmemiş,Evet,Kat Mülkiyetli,Emlak Ofisinden,Evet,1.0,2,4,5,1697,1227993704,2025-04-08,,,289.0,31751.82481751825
4950000,Mevlana Mah.,1238596159,08 Nisan 2025,142,125,3+1,6,Kombi (Doğalgaz),2,Kapalı,Var,Var,Açık Otopark,Hayır,Boş,Hayır,Belirtilmemiş,Belirtilmemiş,Evet,Kat Mülkiyetli,Emlak Ofisinden,Evet,0.0,6,4,6,1873,1238596159,2025-04-08,,,289.0,34859.15492957747
4990000,İstiklal Mh.,1219494425,08 Nisan 2025,145,135,3+1,4,Kombi (Doğalgaz),2,Kapalı,Var,Var,Açık Otopark,Hayır,Mülk Sahibi,Hayır,Belirtilmemiş,Belirtilmemiş,Evet,Kat Mülkiyetli,Emlak Ofisinden,Evet,2.0,2,4,4,1889,1219494425,2025-04-08,,,289.0,34413.793103448275
5000000,Körfez Mh.,1238775647,08 Nisan 2025,65,60,1+1,3,Merkezi (Pay Ölçer),1,Açık (Amerikan),Var,Var,Açık Otopark,Evet,Boş,Evet,Meridyen Park,Belirtilmemiş,Evet,Kat Mülkiyetli,Emlak Ofisinden,Hayır,13.0,2,2,3,1903,1238775647,2025-04-08,,,289.0,76923.07692307692
5240000,Cumhuriyet Mah.,1238851240,08 Nisan 2025,165,140,3+1,4,Kombi (Doğalgaz),2,Açık (Amerikan),Var,Var,Açık Otopark,Hayır,Boş,Hayır,,400,Evet,Müstakil Tapulu,Sahibinden,Hayır,7.5,3,4,4,1941,1238851240,2025-04-08,400,,289.0,31757.575757575756
5270000,Balaç Mh.,1238767175,08 Nisan 2025,130,120,3+1,4,Kombi (Doğalgaz),2,Açık (Amerikan),Var,Var,Açık Otopark,Hayır,Mülk Sahibi,Hayır,,230,Evet,Kat Mülkiyetli,Sahibinden,Evet,3.0,2,4,4,1963,1238767175,2025-04-08,230,,289.0,40538.46153846154
5500000,Balaç Mh.,1192701052,08 Nisan 2025,140,123,3+1,4,Yerden Isıtma,2,Kapalı,Var,Var,Açık & Kapalı Otopark,Hayır,Boş,Evet,,,Evet,Kat İrtifaklı,Sahibinden,Evet,0.0,1,4,4,1992,1192701052,2025-04-08,,,289.0,39285.71428571428
5550000,Yenimahalle Mah.,1222347134,08 Nisan 2025,150,135,3+1,9,Kombi (Doğalgaz),1,Kapalı,Var,Var,Açık & Kapalı Otopark,Hayır,Boş,Hayır,Belirtilmemiş,Belirtilmemiş,Evet,Kat Mülkiyetli,Emlak Ofisinden,Hayır,7.5,5,4,9,2031,1222347134,2025-04-08,,,289.0,37000.0
5700000,Balaç Mh.,1227701667,08 Nisan 2025,185,150,3+1,9,Kombi (Doğalgaz),2,Kapalı,Var,Var,Açık Otopark,Hayır,Mülk Sahibi,Hayır,,350,Evet,Kat Mülkiyetli,Sahibinden,Evet,7.5,8,4,9,2049,1227701667,2025-04-08,350,,289.0,30810.81081081081
5950000,Beypınar Mh.,1233089246,08 Nisan 2025,190,170,4+1,5,Kombi (Doğalgaz),2,Kapalı,Var,Var,Açık Otopark,Hayır,Boş,Hayır,Belirtilmemiş,Belirtilmemiş,Evet,Kat İrtifaklı,Emlak Ofisinden,Hayır,0.0,3,5,5,2083,1233089246,2025-04-08,,,289.0,31315.78947368421
5990000,Yenimahalle Mah.,1227638542,08 Nisan 2025,170,140,3+1,7,Kombi (Doğalgaz),2,Kapalı,Var,Var,Açık Otopark,Hayır,Mülk Sahibi,Hayır,,200,Evet,Kat Mülkiyetli,Sahibinden,Evet,13.0,6,4,7,2088,1227638542,2025-04-08,200,,289.0,35235.294117647056
6000000,Yenimahalle Mah.,1238807476,08 Nisan 2025,155,140,3+1,6,Kombi (Doğalgaz),2,Kapalı,Var,Var,Açık & Kapalı Otopark,Hayır,Mülk Sahibi,Hayır,Belirtilmemiş,Belirtilmemiş,Evet,Kat Mülkiyetli,Emlak Ofisinden,Hayır,1.0,1,4,6,2113,1238807476,2025-04-08,,,289.0,38709.67741935484
6200000,Mevlana Mah.,1233409445,08 Nisan 2025,175,159,3+1,4,Yerden Isıtma,2,Kapalı,Var,Var,Açık Otopark,Hayır,Mülk Sahibi,Hayır,Belirtilmemiş,Belirtilmemiş,Evet,Kat Mülkiyetli,Emlak Ofisinden,Hayır,1.0,4,4,4,2150,1233409445,2025-04-08,,,289.0,35428.57142857143
1470000,İncesu Yalı Mh.,1233755342,09 Nisan 2025,48,45,1+1,5,Kombi (Doğalgaz),1,Açık (Amerikan),Yok,Var,Açık Otopark,Evet,Boş,Hayır,Belirtilmemiş,Belirtilmemiş,Evet,Kat Mülkiyetli,Emlak Ofisinden,Hayır,1.0,0,2,5,17,1233755342,2025-04-09,,,290.0,30625.0
1555000,Körfez Mh.,1233588411,09 Nisan 2025,55,50,1+1,5,Kombi (Doğalgaz),1,Açık (Amerikan),Var,Var,Açık Otopark,Hayır,Boş,Hayır,Belirtilmemiş,Belirtilmemiş,Evet,Kat İrtifaklı,Emlak Ofisinden,Hayır,0.0,1,2,5,44,1233588411,2025-04-09,,,290.0,28272.727272727272
1725000,Körfez Mh.,1239151099,09 Nisan 2025,60,55,1+1,4,Kombi (Doğalgaz),1,Açık (Amerikan),Var,Var,Açık Otopark,Hayır,Boş,Hayır,Belirtilmemiş,Belirtilmemiş,Evet,Kat Mülkiyetli,Emlak Ofisinden,Hayır,0.0,3,2,4,104,1239151099,2025-04-09,,,290.0,28750.0
1750000,Atakent Mh.,1168405371,09 Nisan 2025,55,45,1+1,5,Kombi (Doğalgaz),1,Kapalı,Var,Var,Açık Otopark,Hayır,Boş,Hayır,Belirtilmemiş,Belirtilmemiş,Hayır,Kat Mülkiyetli,Emlak Ofisinden,Hayır,0.0,1,2,5,123,1168405371,2025-04-09,,,290.0,31818.18181818182
1760000,Körfez Mh.,1233794341,09 Nisan 2025,55,45,1+1,5,Yerden Isıtma,1,Açık (Amerikan),Yok,Var,Açık Otopark,Belirtilmemiş,Boş,Hayır,Belirtilmemiş,Belirtilmemiş,Belirtilmemiş,Kat Mülkiyetli,Emlak Ofisinden,Hayır,0.0,1,2,5,146,1233794341,2025-04-09,,,290.0,32000.0
1800000,Büyükoyumca Mh.,1227899616,09 Nisan 2025,50,45,1+1,6,Kombi (Doğalgaz),1,Açık (Amerikan),Var,Var,Açık Otopark,Hayır,Boş,Hayır,Belirtilmemiş,Belirtilmemiş,Evet,Kat Mülkiyetli,Sahibinden,Hayır,0.0,4,2,6,168,1227899616,2025-04-09,,,290.0,36000.0
1800000,Körfez Mh.,1226550917,09 Nisan 2025,50,45,1+1,3,Kombi (Doğalgaz),1,Açık (Amerikan),Var,Var,Açık & Kapalı Otopark,Hayır,Boş,Evet,Belirtilmemiş,Belirtilmemiş,Evet,Kat İrtifaklı,Emlak Ofisinden,Hayır,0.0,0,2,3,177,1226550917,2025-04-09,,,290.0,36000.0
1810000,Körfez Mh.,1233788721,09 Nisan 2025,60,46,1+1,5,Yerden Isıtma,1,Açık (Amerikan),Yok,Var,Açık Otopark,Belirtilmemiş,Boş,Hayır,Belirtilmemiş,Belirtilmemiş,Belirtilmemiş,Kat Mülkiyetli,Emlak Ofisinden,Hayır,0.0,1,2,5,188,1233788721,2025-04-09,,,290.0,30166.666666666668
1820000,Körfez Mh.,1225580964,09 Nisan 2025,60,55,1+1,5,Kombi (Doğalgaz),1,Açık (Amerikan),Var,Var,Açık Otopark,Evet,Kiracılı,Hayır,Belirtilmemiş,Belirtilmemiş,Evet,Kat Mülkiyetli,Emlak Ofisinden,Hayır,4.0,5,2,5,193,1225580964,2025-04-09,,,290.0,30333.333333333332
1825000,Körfez Mh.,1221577205,09 Nisan 2025,50,40,1+1,3,Kombi (Doğalgaz),1,Açık (Amerikan),Var,Var,Açık Otopark,Hayır,Boş,Hayır,Belirtilmemiş,Belirtilmemiş,Evet,Kat Mülkiyetli,Emlak Ofisinden,Evet,0.0,1,2,3,201,1221577205,2025-04-09,,,290.0,36500.0
1850000,Alanlı Mh.,1233251575,09 Nisan 2025,65,58,1+1,5,Kombi (Doğalgaz),1,Açık (Amerikan),Var,Var,Açık Otopark,Hayır,Boş,Hayır,Belirtilmemiş,Belirtilmemiş,Evet,Kat Mülkiyetli,Emlak Ofisinden,Hayır,0.0,2,2,5,210,1233251575,2025-04-09,,,290.0,28461.53846153846
1850000,Alanlı Mh.,1221696368,09 Nisan 2025,58,54,1+1,6,Yerden Isıtma,1,Açık (Amerikan),Var,Var,Açık Otopark,Hayır,Boş,Hayır,Belirtilmemiş,Belirtilmemiş,Evet,Kat Mülkiyetli,Emlak Ofisinden,Evet,0.0,1,2,6,211,1221696368,2025-04-09,,,290.0,31896.55172413793
1850000,Esenevler Mah.,1239068611,09 Nisan 2025,90,80,2+1,7,Kombi (Doğalgaz),1,Kapalı,Yok,Var,Açık Otopark,Hayır,Boş,Hayır,Belirtilmemiş,300,Evet,Kat Mülkiyetli,Emlak Ofisinden,Hayır,7.5,0,3,7,228,1239068611,2025-04-09,300,,290.0,20555.555555555555
1850000,Körfez Mh.,1208908658,09 Nisan 2025,55,48,1+1,3,Kombi (Doğalgaz),1,Açık (Amerikan),Var,Var,Açık Otopark,Hayır,Boş,Hayır,Belirtilmemiş,Belirtilmemiş,Evet,Kat Mülkiyetli,Emlak Ofisinden,Evet,0.0,1,2,3,236,1208908658,2025-04-09,,,290.0,33636.36363636364
1850000,Körfez Mh.,1233270663,09 Nisan 2025,45,43,1+1,6,Yerden Isıtma,1,Açık (Amerikan),Var,Var,Açık Otopark,Hayır,Boş,Hayır,Belirtilmemiş,Belirtilmemiş,Evet,Kat İrtifaklı,Emlak Ofisinden,Evet,0.0,6,2,6,237,1233270663,2025-04-09,,,290.0,41111.11111111111
1850000,Körfez Mh.,1232962463,09 Nisan 2025,65,55,1+1,4,Kombi (Doğalgaz),1,Kapalı,Var,Var,Açık Otopark,Hayır,Mülk Sahibi,Hayır,Belirtilmemiş,Belirtilmemiş,Evet,Kat Mülkiyetli,Emlak Ofisinden,Hayır,1.0,3,2,4,238,1232962463,2025-04-09,,,290.0,28461.53846153846
1870000,Esenevler Mah.,1227631655,09 Nisan 2025,100,90,2+1,3,Kombi (Doğalgaz),1,Açık (Amerikan),Yok,Var,Açık Otopark,Hayır,Boş,Hayır,Belirtilmemiş,300,Evet,Kat Mülkiyetli,Emlak Ofisinden,Hayır,7.5,0,3,3,254,1227631655,2025-04-09,300,,290.0,18700.0
1875000,Çakırlar Yalı Mh.,1239099638,09 Nisan 2025,50,45,1+1,4,Kombi (Doğalgaz),1,Açık (Amerikan),Var,Var,Açık Otopark,Hayır,Boş,Hayır,Belirtilmemiş,Belirtilmemiş,Evet,Kat İrtifaklı,Emlak Ofisinden,Evet,0.0,3,2,4,260,1239099638,2025-04-09,,,290.0,37500.0
1875000,Körfez Mh.,1233487994,09 Nisan 2025,55,50,1+1,5,Yerden Isıtma,1,Açık (Amerikan),Var,Var,Açık Otopark,Hayır,Boş,Hayır,Belirtilmemiş,Belirtilmemiş,Evet,Kat Mülkiyetli,Emlak Ofisinden,Evet,0.0,3,2,5,263,1233487994,2025-04-09,,,290.0,34090.90909090909
1890000,Körfez Mh.,1239080283,09 Nisan 2025,50,48,1+1,5,Yerden Isıtma,1,Açık (Amerikan),Var,Var,Açık Otopark,Hayır,Boş,Hayır,Belirtilmemiş,Belirtilmemiş,Evet,Kat Mülkiyetli,Emlak Ofisinden,Hayır,0.0,2,2,5,282,1239080283,2025-04-09,,,290.0,37800.0
1890000,Körfez Mh.,1233519387,09 Nisan 2025,60,50,1+1,5,Kombi (Doğalgaz),1,Açık (Amerikan),Var,Var,Açık Otopark,Evet,Boş,Hayır,Belirtilmemiş,Belirtilmemiş,Evet,Kat Mülkiyetli,Emlak Ofisinden,Evet,1.0,1,2,5,283,1233519387,2025-04-09,,,290.0,31500.0
1925000,Körfez Mh.,1239047059,09 Nisan 2025,50,45,1+1,5,Yerden Isıtma,1,Açık (Amerikan),Var,Var,Açık Otopark,Evet,Boş,Hayır,Belirtilmemiş,Belirtilmemiş,Evet,Kat İrtifaklı,Emlak Ofisinden,Evet,0.0,1,2,5,315,1239047059,2025-04-09,,,290.0,38500.0
1935000,Körfez Mh.,1239040359,09 Nisan 2025,50,45,1+1,5,Kombi (Doğalgaz),1,Açık (Amerikan),Var,Var,Açık Otopark,Evet,Boş,Hayır,Belirtilmemiş,Belirtilmemiş,Evet,Kat Mülkiyetli,Emlak Ofisinden,Evet,0.0,1,2,5,318,1239040359,2025-04-09,,,290.0,38700.0
1945000,Körfez Mh.,1216129504,09 Nisan 2025,52,43,1+1,5,Yerden Isıtma,1,Açık (Amerikan),Var,Var,Açık Otopark,Hayır,Boş,Hayır,Belirtilmemiş,Belirtilmemiş,Evet,Kat Mülkiyetli,Emlak Ofisinden,Evet,0.0,4,2,5,326,1216129504,2025-04-09,,,290.0,37403.846153846156
1950000,Körfez Mh.,1239097688,09 Nisan 2025,58,53,1+1,4,Yerden Isıtma,1,Açık (Amerikan),Var,Var,Açık Otopark,Hayır,Boş,Hayır,Belirtilmemiş,Belirtilmemiş,Evet,Kat Mülkiyetli,Emlak Ofisinden,Hayır,0.0,3,2,4,344,1239097688,2025-04-09,,,290.0,33620.68965517241
1950000,Körfez Mh.,1233310607,09 Nisan 2025,60,50,1+1,5,Kombi (Doğalgaz),1,Açık (Amerikan),Var,Var,Açık Otopark,Evet,Boş,Hayır,Belirtilmemiş,Belirtilmemiş,Evet,Kat Mülkiyetli,Emlak Ofisinden,Evet,1.0,2,2,5,345,1233310607,2025-04-09,,,290.0,32500.0
1965000,Körfez Mh.,1239035168,09 Nisan 2025,50,45,1+1,5,Kombi (Doğalgaz),1,Açık (Amerikan),Var,Var,Açık Otopark,Evet,Boş,Hayır,Belirtilmemiş,Belirtilmemiş,Evet,Kat Mülkiyetli,Emlak Ofisinden,Evet,0.0,1,2,5,365,1239035168,2025-04-09,,,290.0,39300.0
1990000,İstiklal Mh.,1239029176,09 Nisan 2025,54,50,1+1,3,Yerden Isıtma,1,Açık (Amerikan),Var,Var,Açık Otopark,Hayır,Boş,Hayır,Belirtilmemiş,Belirtilmemiş,Hayır,Kat Mülkiyetli,Emlak Ofisinden,Hayır,0.0,3,2,3,395,1239029176,2025-04-09,,,290.0,36851.851851851854
1990000,Körfez Mh.,1233708347,09 Nisan 2025,52,47,1+1,4,Kombi (Doğalgaz),1,Açık (Amerikan),Yok,Var,Açık Otopark,Evet,Boş,Hayır,Belirtilmemiş,200,Evet,Kat Mülkiyetli,Emlak Ofisinden,Evet,7.5,2,2,4,396,1233708347,2025-04-09,200,,290.0,38269.230769230766
1990000,Körfez Mh.,1239121389,09 Nisan 2025,53,48,1+1,5,Yerden Isıtma,1,Açık (Amerikan),Var,Var,Açık Otopark,Hayır,Boş,Hayır,Belirtilmemiş,0,Evet,Kat İrtifaklı,Emlak Ofisinden,Hayır,0.0,5,2,5,397,1239121389,2025-04-09,0,,290.0,37547.16981132075
2000000,Körfez Mh.,1239032448,09 Nisan 2025,55,50,1+1,5,Yerden Isıtma,1,Açık (Amerikan),Var,Var,Açık Otopark,Hayır,Boş,Hayır,Belirtilmemiş,Belirtilmemiş,Evet,Kat İrtifaklı,Emlak Ofisinden,Hayır,0.0,2,2,5,424,1239032448,2025-04-09,,,290.0,36363.63636363636
2025000,Körfez Mh.,1232885348,09 Nisan 2025,60,55,1+1,4,Kombi (Doğalgaz),1,Açık (Amerikan),Var,Var,Açık Otopark,Hayır,Boş,Hayır,Belirtilmemiş,Belirtilmemiş,Evet,Kat Mülkiyetli,Emlak Ofisinden,Hayır,0.0,2,2,4,441,1232885348,2025-04-09,,,290.0,33750.0
2035000,Körfez Mh.,1233675404,09 Nisan 2025,52,47,1+1,5,Yerden Isıtma,1,Açık (Amerikan),Var,Var,Açık Otopark,Hayır,Boş,Hayır,Belirtilmemiş,Belirtilmemiş,Belirtilmemiş,Kat Mülkiyetli,Emlak Ofisinden,Hayır,0.0,3,2,5,443,1233675404,2025-04-09,,,290.0,39134.61538461538
2045000,İstiklal Mh.,1239240774,09 Nisan 2025,55,45,1+1,3,Kombi (Doğalgaz),1,Açık (Amerikan),Var,Var,Açık Otopark,Evet,Boş,Hayır,Belirtilmemiş,Belirtilmemiş,Evet,Kat Mülkiyetli,Emlak Ofisinden,Hayır,1.0,1,2,3,453,1239240774,2025-04-09,,,290.0,37181.818181818184
2045000,Körfez Mh.,1233565221,09 Nisan 2025,54,48,1+1,6,Kombi (Doğalgaz),1,Açık (Amerikan),Var,Var,Açık Otopark,Hayır,Boş,Hayır,Belirtilmemiş,Belirtilmemiş,Evet,Kat İrtifaklı,Emlak Ofisinden,Hayır,0.0,1,2,6,454,1233565221,2025-04-09,,,290.0,37870.37037037037
2050000,İncesu Yalı Mh.,1233594168,09 Nisan 2025,60,50,1+1,5,Kombi (Doğalgaz),1,Açık (Amerikan),Var,Var,Açık Otopark,Hayır,Boş,Hayır,Belirtilmemiş,300,Evet,Kat Mülkiyetli,Emlak Ofisinden,Hayır,0.0,1,2,5,460,1233594168,2025-04-09,300,,290.0,34166.666666666664
2050000,Körfez Mh.,1239121532,09 Nisan 2025,55,50,1+1,5,Yerden Isıtma,1,Kapalı,Var,Var,Açık Otopark,Hayır,Boş,Hayır,Belirtilmemiş,200,Evet,Kat Mülkiyetli,Emlak Ofisinden,Hayır,0.0,2,2,5,466,1239121532,2025-04-09,200,,290.0,37272.72727272727
2050000,Körfez Mh.,1239120623,09 Nisan 2025,55,50,1+1,4,Yerden Isıtma,1,Açık (Amerikan),Var,Var,Açık Otopark,Hayır,Boş,Hayır,Belirtilmemiş,Belirtilmemiş,Evet,Kat İrtifaklı,Emlak Ofisinden,Hayır,0.0,4,2,4,467,1239120623,2025-04-09,,,290.0,37272.72727272727
2050000,Körfez Mh.,1228030892,09 Nisan 2025,62,52,1+1,6,Kombi (Doğalgaz),1,Açık (Amerikan),Var,Var,Açık Otopark,Hayır,Boş,Hayır,Belirtilmemiş,0,Evet,Kat Mülkiyetli,Emlak Ofisinden,Hayır,0.0,6,2,6,468,1228030892,2025-04-09,0,,290.0,33064.51612903226
2075000,Körfez Mh.,1239097453,09 Nisan 2025,55,49,1+1,5,Kombi (Doğalgaz),1,Açık (Amerikan),Var,Var,Açık Otopark,Evet,Boş,Hayır,Belirtilmemiş,Belirtilmemiş,Evet,Kat Mülkiyetli,Emlak Ofisinden,Hayır,1.0,2,2,5,484,1239097453,2025-04-09,,,290.0,37727.27272727273
2100000,Balaç Mh.,1239051244,09 Nisan 2025,65,60,1+1,3,Kombi (Doğalgaz),1,Açık (Amerikan),Var,Var,Yok,Belirtilmemiş,Boş,Hayır,Belirtilmemiş,Belirtilmemiş,Evet,Kat Mülkiyetli,Emlak Ofisinden,Hayır,1.0,3,2,3,499,1239051244,2025-04-09,,,290.0,32307.69230769231
2100000,Esenevler Mah.,1233436289,09 Nisan 2025,130,120,3+1,4,Kat Kaloriferi,2,Kapalı,Var,Yok,Yok,Hayır,Boş,Hayır,Belirtilmemiş,Belirtilmemiş,Hayır,Kat İrtifaklı,Emlak Ofisinden,Hayır,18.0,4,4,4,508,1233436289,2025-04-09,,,290.0,16153.846153846154
2100000,Körfez Mh.,1233319056,09 Nisan 2025,43,37,1+1,3,Kombi (Doğalgaz),1,Kapalı,Var,Var,Açık Otopark,Evet,Boş,Hayır,Belirtilmemiş,350,Evet,Kat Mülkiyetli,Emlak Ofisinden,Hayır,3.0,2,2,3,520,1233319056,2025-04-09,350,,290.0,48837.20930232558
2100000,Körfez Mh.,1239060215,09 Nisan 2025,55,50,1+1,4,Yerden Isıtma,1,Açık (Amerikan),Var,Var,Açık Otopark,Evet,Boş,Hayır,Belirtilmemiş,Belirtilmemiş,Evet,Kat Mülkiyetli,Emlak Ofisinden,Evet,0.0,1,2,4,521,1239060215,2025-04-09,,,290.0,38181.818181818184
2100000,Körfez Mh.,1239187146,09 Nisan 2025,55,50,1+1,5,Kombi (Doğalgaz),1,Açık (Amerikan),Var,Var,Açık Otopark,Evet,Boş,Hayır,Belirtilmemiş,Belirtilmemiş,Evet,Kat Mülkiyetli,Emlak Ofisinden,Hayır,0.0,2,2,5,522,1239187146,2025-04-09,,,290.0,38181.818181818184
2115000,Körfez Mh.,1239090776,09 Nisan 2025,50,45,1+1,5,Kombi (Doğalgaz),1,Açık (Amerikan),Var,Var,Açık Otopark,Hayır,Boş,Hayır,Belirtilmemiş,Belirtilmemiş,Hayır,Kat Mülkiyetli,Emlak Ofisinden,Hayır,0.0,2,2,5,538,1239090776,2025-04-09,,,290.0,42300.0
2150000,Alanlı Mh.,1239081082,09 Nisan 2025,60,50,1+1,5,Kombi (Doğalgaz),1,Açık (Amerikan),Var,Var,Açık Otopark,Hayır,Boş,Hayır,Belirtilmemiş,400,Evet,Kat Mülkiyetli,Emlak Ofisinden,Evet,0.0,4,2,5,548,1239081082,2025-04-09,400,,290.0,35833.333333333336
2150000,Esenevler Mah.,1232731382,09 Nisan 2025,55,45,1+1,5,Kombi (Doğalgaz),1,Açık (Amerikan),Var,Var,Açık Otopark,Hayır,Boş,Hayır,Belirtilmemiş,100,Evet,Kat Mülkiyetli,Emlak Ofisinden,Hayır,0.0,3,2,5,557,1232731382,2025-04-09,100,,290.0,39090.90909090909
2150000,Körfez Mh.,1215171720,09 Nisan 2025,55,47,1+1,5,Kombi (Doğalgaz),1,Açık (Amerikan),Var,Var,Açık Otopark,Hayır,Boş,Hayır,Belirtilmemiş,Belirtilmemiş,Evet,Kat Mülkiyetli,Emlak Ofisinden,Evet,0.0,3,2,5,562,1215171720,2025-04-09,,,290.0,39090.90909090909
2150000,Körfez Mh.,1233329703,09 Nisan 2025,60,55,1+1,5,Kombi (Doğalgaz),1,Açık (Amerikan),Var,Var,Açık Otopark,Hayır,Boş,Hayır,Belirtilmemiş,Belirtilmemiş,Evet,Kat Mülkiyetli,Emlak Ofisinden,Hayır,0.0,4,2,5,563,1233329703,2025-04-09,,,290.0,35833.333333333336
2150000,Körfez Mh.,1214407998,09 Nisan 2025,55,47,1+1,5,Kombi (Doğalgaz),1,Açık (Amerikan),Var,Var,Açık Otopark,Hayır,Boş,Hayır,Belirtilmemiş,150,Evet,Kat Mülkiyetli,Emlak Ofisinden,Evet,0.0,2,2,5,564,1214407998,2025-04-09,150,,290.0,39090.90909090909
2150000,Yeşildere Mh.,1228052244,09 Nisan 2025,55,45,1+1,6,Yerden Isıtma,1,Açık (Amerikan),Var,Var,Açık Otopark,Hayır,Kiracılı,Hayır,Belirtilmemiş,Belirtilmemiş,Evet,Kat Mülkiyetli,Emlak Ofisinden,Evet,0.0,6,2,6,572,1228052244,2025-04-09,,,290.0,39090.90909090909
2150000,Yeşilyurt Mh.,1233773690,09 Nisan 2025,65,50,1+1,5,Kombi (Doğalgaz),1,Açık (Amerikan),Var,Var,Açık Otopark,Hayır,Boş,Hayır,Belirtilmemiş,0,Evet,Kat Mülkiyetli,Emlak Ofisinden,Evet,0.0,2,2,5,573,1233773690,2025-04-09,0,,290.0,33076.92307692308
2165000,Esenevler Mah.,1239043365,09 Nisan 2025,55,50,1+1,3,Yerden Isıtma,1,Açık (Amerikan),Var,Var,Açık Otopark,Evet,Boş,Hayır,Belirtilmemiş,Belirtilmemiş,Evet,Kat Mülkiyetli,Emlak Ofisinden,Evet,0.0,1,2,3,581,1239043365,2025-04-09,,,290.0,39363.63636363636
2195000,Esenevler Mah.,1239050969,09 Nisan 2025,55,50,1+1,3,Yerden Isıtma,1,Açık (Amerikan),Var,Var,Açık Otopark,Evet,Boş,Hayır,Belirtilmemiş,Belirtilmemiş,Evet,Kat Mülkiyetli,Emlak Ofisinden,Evet,0.0,2,2,3,603,1239050969,2025-04-09,,,290.0,39909.09090909091
2200000,Atakent Mh.,1239094304,09 Nisan 2025,57,49,2+1,5,Kombi (Doğalgaz),1,Açık (Amerikan),Yok,Var,Yok,Evet,Boş,Hayır,Belirtilmemiş,Belirtilmemiş,Evet,Kat İrtifaklı,Emlak Ofisinden,Evet,1.0,0,3,5,614,1239094304,2025-04-09,,,290.0,38596.491228070176
2200000,İncesu Yalı Mh.,1239060548,09 Nisan 2025,60,55,1+1,5,Kombi (Doğalgaz),1,Açık (Amerikan),Var,Var,Açık Otopark,Hayır,Boş,Hayır,Belirtilmemiş,Belirtilmemiş,Evet,Kat İrtifaklı,Emlak Ofisinden,Hayır,0.0,3,2,5,632,1239060548,2025-04-09,,,290.0,36666.666666666664
2200000,Körfez Mh.,1221916332,09 Nisan 2025,60,50,1+1,5,Kombi (Doğalgaz),1,Açık (Amerikan),Var,Var,Açık Otopark,Evet,Boş,Hayır,Belirtilmemiş,Belirtilmemiş,Evet,Kat Mülkiyetli,Emlak Ofisinden,Hayır,0.0,3,2,5,638,1221916332,2025-04-09,,,290.0,36666.666666666664
2250000,Büyükoyumca Mh.,1172774615,09 Nisan 2025,130,127,3+1,1,Yok,1,Kapalı,Yok,Yok,Yok,Hayır,Boş,Hayır,Belirtilmemiş,0,Evet,Kat İrtifaklı,Bankadan,Hayır,13.0,1,4,1,670,1172774615,2025-04-09,0,,290.0,17307.69230769231
2250000,Mevlana Mah.,1239007721,09 Nisan 2025,55,50,1+1,4,Kombi (Doğalgaz),1,Açık (Amerikan),Var,Var,Açık Otopark,Evet,Kiracılı,Hayır,Belirtilmemiş,Belirtilmemiş,Evet,Kat Mülkiyetli,Emlak Ofisinden,Evet,0.0,3,2,4,697,1239007721,2025-04-09,,,290.0,40909.09090909091
2250000,Yenimahalle Mah.,1213115780,09 Nisan 2025,55,50,1+1,4,Kombi (Doğalgaz),1,Açık (Amerikan),Var,Var,Açık Otopark,Evet,Boş,Hayır,Belirtilmemiş,Belirtilmemiş,Evet,Kat Mülkiyetli,Emlak Ofisinden,Hayır,0.0,3,2,4,700,1213115780,2025-04-09,,,290.0,40909.09090909091
2275000,Esenevler Mah.,1239049651,09 Nisan 2025,55,50,1+1,3,Yerden Isıtma,1,Açık (Amerikan),Var,Var,Açık Otopark,Evet,Boş,Hayır,Belirtilmemiş,Belirtilmemiş,Evet,Kat Mülkiyetli,Emlak Ofisinden,Evet,0.0,2,2,3,714,1239049651,2025-04-09,,,290.0,41363.63636363636
2275000,Körfez Mh.,1239004298,09 Nisan 2025,50,43,1+1,6,Kombi (Doğalgaz),1,Açık (Amerikan),Var,Var,Açık Otopark,Evet,Boş,Hayır,Belirtilmemiş,Belirtilmemiş,Evet,Kat Mülkiyetli,Emlak Ofisinden,Hayır,1.0,2,2,6,718,1239004298,2025-04-09,,,290.0,45500.0
2300000,Çobanlı Mh.,1233696013,09 Nisan 2025,55,45,1+1,9,Yerden Isıtma,1,Açık (Amerikan),Var,Var,Açık & Kapalı Otopark,Hayır,Boş,Hayır,Belirtilmemiş,Belirtilmemiş,Evet,Kat Mülkiyetli,Emlak Ofisinden,Hayır,0.0,3,2,9,732,1233696013,2025-04-09,,,290.0,41818.181818181816
2300000,İncesu Yalı Mh.,1239247275,09 Nisan 2025,50,45,1+1,6,Kombi (Doğalgaz),1,Açık (Amerikan),Var,Var,Açık Otopark,Hayır,Boş,Evet,Belirtilmemiş,Belirtilmemiş,Evet,Kat İrtifaklı,Emlak Ofisinden,Evet,0.0,1,2,6,736,1239247275,2025-04-09,,,290.0,46000.0
2300000,Körfez Mh.,1227897596,09 Nisan 2025,58,50,1+1,5,Kombi (Doğalgaz),1,Açık (Amerikan),Var,Var,Açık Otopark,Evet,Boş,Hayır,Belirtilmemiş,Belirtilmemiş,Evet,Kat Mülkiyetli,Emlak Ofisinden,Hayır,0.0,4,2,5,747,1227897596,2025-04-09,,,290.0,39655.1724137931
2320000,Körfez Mh.,1216153246,09 Nisan 2025,55,50,1+1,5,Yerden Isıtma,1,Açık (Amerikan),Var,Var,Açık Otopark,Hayır,Boş,Hayır,Belirtilmemiş,Belirtilmemiş,Evet,Kat Mülkiyetli,Emlak Ofisinden,Hayır,0.0,5,2,5,757,1216153246,2025-04-09,,,290.0,42181.818181818184
2325000,Körfez Mh.,1239129058,09 Nisan 2025,60,56,1+1,5,Kombi (Doğalgaz),1,Açık (Amerikan),Var,Var,Açık Otopark,Evet,Boş,Hayır,Belirtilmemiş,Belirtilmemiş,Evet,Kat Mülkiyetli,Emlak Ofisinden,Evet,4.0,1,2,5,761,1239129058,2025-04-09,,,290.0,38750.0
2350000,Körfez Mh.,1218805939,09 Nisan 2025,50,43,1+1,6,Yerden Isıtma,1,Açık (Amerikan),Var,Var,Açık & Kapalı Otopark,Evet,Boş,Hayır,Belirtilmemiş,Belirtilmemiş,Evet,Kat Mülkiyetli,Emlak Ofisinden,Evet,0.0,6,2,6,781,1218805939,2025-04-09,,,290.0,47000.0
2350000,Körfez Mh.,1239158889,09 Nisan 2025,110,90,2+0,5,Kombi (Doğalgaz),1,Açık (Amerikan),Var,Var,Açık Otopark,Evet,Boş,Hayır,Belirtilmemiş,150,Evet,Kat Mülkiyetli,Emlak Ofisinden,Hayır,2.0,1,2,5,785,1239158889,2025-04-09,150,,290.0,21363.636363636364
2375000,Körfez Mh.,1233610997,09 Nisan 2025,50,42,1+1,4,Yerden Isıtma,1,Açık (Amerikan),Var,Var,Açık & Kapalı Otopark,Evet,Boş,Hayır,Belirtilmemiş,Belirtilmemiş,Evet,Kat Mülkiyetli,Emlak Ofisinden,Hayır,0.0,1,2,4,802,1233610997,2025-04-09,,,290.0,47500.0
2400000,Yenimahalle Mah.,1221687724,09 Nisan 2025,50,45,1+1,4,Kombi (Doğalgaz),1,Açık (Amerikan),Var,Var,Açık Otopark,Hayır,Boş,Hayır,Belirtilmemiş,Belirtilmemiş,Evet,Kat Mülkiyetli,Emlak Ofisinden,Hayır,0.0,4,2,4,828,1221687724,2025-04-09,,,290.0,48000.0
2450000,Beypınar Mh.,1239006369,09 Nisan 2025,85,70,2+1,7,Kombi (Doğalgaz),1,Açık (Amerikan),Var,Var,Açık Otopark,Hayır,Boş,Hayır,Belirtilmemiş,Belirtilmemiş,Evet,Kat İrtifaklı,Emlak Ofisinden,Evet,0.0,1,3,7,848,1239006369,2025-04-09,,,290.0,28823.529411764706
2450000,Büyükoyumca Mh.,1221697298,09 Nisan 2025,140,130,3+1,4,Merkezi (Pay Ölçer),1,Kapalı,Var,Yok,Açık Otopark,Hayır,Kiracılı,Hayır,Belirtilmemiş,Belirtilmemiş,Evet,Kat Mülkiyetli,Emlak Ofisinden,Hayır,13.0,2,4,4,849,1221697298,2025-04-09,,,290.0,17500.0
2450000,Körfez Mh.,1232279021,09 Nisan 2025,55,50,1+1,5,Kombi (Doğalgaz),1,Açık (Amerikan),Var,Var,Açık Otopark,Hayır,Boş,Hayır,Belirtilmemiş,Belirtilmemiş,Evet,Kat Mülkiyetli,Emlak Ofisinden,Hayır,0.0,3,2,5,852,1232279021,2025-04-09,,,290.0,44545.454545454544
2450000,Körfez Mh.,1223220041,09 Nisan 2025,55,45,1+1,4,Kombi (Doğalgaz),1,Açık (Amerikan),Var,Var,Açık Otopark,Evet,Mülk Sahibi,Hayır,Belirtilmemiş,Belirtilmemiş,Hayır,Kat Mülkiyetli,Emlak Ofisinden,Hayır,0.0,4,2,4,853,1223220041,2025-04-09,,,290.0,44545.454545454544
2500000,Yenimahalle Mah.,1239051183,09 Nisan 2025,52,46,1+1,5,Kombi (Doğalgaz),1,Açık (Amerikan),Var,Var,Açık Otopark,Evet,Boş,Hayır,Belirtilmemiş,Belirtilmemiş,Evet,Kat Mülkiyetli,Emlak Ofisinden,Hayır,3.0,5,2,5,896,1239051183,2025-04-09,,,290.0,48076.92307692308
2550000,İstiklal Mh.,1239067789,09 Nisan 2025,45,40,1+1,8,Kombi (Doğalgaz),1,Açık (Amerikan),Var,Var,Açık Otopark,Hayır,Boş,Hayır,Belirtilmemiş,Belirtilmemiş,Evet,Kat İrtifaklı,Emlak Ofisinden,Hayır,0.0,7,2,8,913,1239067789,2025-04-09,,,290.0,56666.666666666664
2550000,Körfez Mh.,1239103569,09 Nisan 2025,57,49,1+1,5,Yerden Isıtma,1,Açık (Amerikan),Var,Var,Açık Otopark,Hayır,Boş,Hayır,Belirtilmemiş,350,Evet,Kat Mülkiyetli,Emlak Ofisinden,Evet,0.0,2,2,5,915,1239103569,2025-04-09,350,,290.0,44736.84210526316
2630000,Körfez Mh.,1233382699,09 Nisan 2025,55,50,1+1,4,Kombi (Doğalgaz),1,Açık (Amerikan),Var,Var,Açık Otopark,Evet,Kiracılı,Hayır,Belirtilmemiş,0,Evet,Kat Mülkiyetli,Emlak Ofisinden,Evet,4.0,2,2,4,958,1233382699,2025-04-09,0,,290.0,47818.181818181816
2650000,İstiklal Mh.,1239115302,09 Nisan 2025,70,65,1+1,4,Kombi (Doğalgaz),1,Açık (Amerikan),Var,Var,Açık Otopark,Hayır,Boş,Hayır,Belirtilmemiş,Belirtilmemiş,Hayır,Kat Mülkiyetli,Emlak Ofisinden,Hayır,0.0,4,2,4,971,1239115302,2025-04-09,,,290.0,37857.142857142855
2750000,İncesu Yalı Mh.,1200213829,09 Nisan 2025,53,43,1+1,5,Kombi (Doğalgaz),1,Açık (Amerikan),Var,Var,Açık Otopark,Hayır,Boş,Hayır,Belirtilmemiş,Belirtilmemiş,Evet,Kat İrtifaklı,Emlak Ofisinden,Hayır,0.0,5,2,5,1020,1200213829,2025-04-09,,,290.0,51886.79245283019
2800000,Cumhuriyet Mah.,1233322020,09 Nisan 2025,50,45,1+1,4,Kombi (Doğalgaz),1,Açık (Amerikan),Var,Var,Açık Otopark,Hayır,Boş,Hayır,Belirtilmemiş,Belirtilmemiş,Hayır,Kat Mülkiyetli,Emlak Ofisinden,Hayır,0.0,3,2,4,1070,1233322020,2025-04-09,,,290.0,56000.0
2900000,Körfez Mh.,1200164991,09 Nisan 2025,120,110,2+1,5,Kombi (Doğalgaz),2,Kapalı,Var,Var,Açık Otopark,Hayır,Boş,Hayır,Belirtilmemiş,150,Evet,Kat Mülkiyetli,Emlak Ofisinden,Hayır,7.5,1,3,5,1118,1200164991,2025-04-09,150,,290.0,24166.666666666668
2950000,Körfez Mh.,1239048618,09 Nisan 2025,75,70,2+1,6,Kombi (Doğalgaz),1,Açık (Amerikan),Var,Var,Açık Otopark,Hayır,Boş,Evet,Belirtilmemiş,Belirtilmemiş,Evet,Kat Mülkiyetli,Sahibinden,Evet,0.0,4,3,6,1138,1239048618,2025-04-09,,,290.0,39333.333333333336
2950000,Mevlana Mah.,1226014990,09 Nisan 2025,75,70,2+1,3,Kombi (Doğalgaz),1,Açık (Amerikan),Var,Var,Açık Otopark,Hayır,Boş,Hayır,Belirtilmemiş,Belirtilmemiş,Evet,Kat Mülkiyetli,Emlak Ofisinden,Hayır,0.0,0,3,3,1139,1226014990,2025-04-09,,,290.0,39333.333333333336
3100000,Cumhuriyet Mah.,1238900768,09 Nisan 2025,110,100,2+1,5,Kombi (Doğalgaz),1,Kapalı,Var,Var,Açık Otopark,Evet,Boş,Hayır,Belirtilmemiş,Belirtilmemiş,Evet,Kat Mülkiyetli,Emlak Ofisinden,Hayır,18.0,1,3,5,1199,1238900768,2025-04-09,,,290.0,28181.81818181818
3200000,Esenevler Mah.,1221929399,09 Nisan 2025,55,50,1+1,4,Kombi (Doğalgaz),1,Açık (Amerikan),Var,Var,Açık & Kapalı Otopark,Hayır,Boş,Hayır,Belirtilmemiş,250,Evet,Kat Mülkiyetli,Emlak Ofisinden,Evet,3.0,4,2,4,1250,1221929399,2025-04-09,250,,290.0,58181.818181818184
3250000,Körfez Mh.,1222208632,09 Nisan 2025,60,55,1+1,5,Yerden Isıtma,1,Açık (Amerikan),Var,Var,Açık Otopark,Hayır,Boş,Hayır,Belirtilmemiş,Belirtilmemiş,Hayır,Kat Mülkiyetli,Emlak Ofisinden,Hayır,0.0,1,2,5,1279,1222208632,2025-04-09,,,290.0,54166.666666666664
3350000,İstiklal Mh.,1233680260,09 Nisan 2025,110,90,2+1,3,Kombi (Doğalgaz),2,Kapalı,Var,Var,Açık Otopark,Hayır,Kiracılı,Hayır,Belirtilmemiş,Belirtilmemiş,Evet,Kat Mülkiyetli,Emlak Ofisinden,Hayır,7.5,2,3,3,1310,1233680260,2025-04-09,,,290.0,30454.545454545456
3450000,İstiklal Mh.,1219488010,09 Nisan 2025,145,135,3+1,4,Kombi (Doğalgaz),1,Kapalı,Var,Var,Açık Otopark,Hayır,Boş,Hayır,Belirtilmemiş,Belirtilmemiş,Evet,Kat Mülkiyetli,Emlak Ofisinden,Hayır,0.0,2,4,4,1337,1219488010,2025-04-09,,,290.0,23793.103448275862
3490000,Körfez Mh.,1198100825,09 Nisan 2025,55,50,1+1,4,Kombi (Doğalgaz),1,Açık (Amerikan),Var,Var,Açık Otopark,Evet,Boş,Hayır,Belirtilmemiş,Belirtilmemiş,Evet,Kat Mülkiyetli,Emlak Ofisinden,Hayır,0.0,1,2,4,1346,1198100825,2025-04-09,,,290.0,63454.545454545456
3500000,Körfez Mh.,1239050939,09 Nisan 2025,60,55,1+1,4,Yerden Isıtma,1,Açık (Amerikan),Var,Var,Açık Otopark,Hayır,Boş,Hayır,Belirtilmemiş,200,Evet,Kat Mülkiyetli,Emlak Ofisinden,Hayır,0.0,4,2,4,1363,1239050939,2025-04-09,200,,290.0,58333.333333333336
3550000,Mimarsinan Mah.,1203523508,09 Nisan 2025,145,135,3+1,5,Kombi (Doğalgaz),2,Kapalı,Var,Var,Açık Otopark,Hayır,Mülk Sahibi,Hayır,Belirtilmemiş,Belirtilmemiş,Evet,Kat Mülkiyetli,Emlak Ofisinden,Hayır,7.5,1,4,5,1392,1203523508,2025-04-09,,,290.0,24482.758620689656
3600000,Küçükkolpınar Mh.,1233726003,09 Nisan 2025,115,100,2+1,4,Yerden Isıtma,2,Kapalı,Var,Var,Açık Otopark,Hayır,Boş,Hayır,Belirtilmemiş,Belirtilmemiş,Evet,Kat Mülkiyetli,Emlak Ofisinden,Evet,0.0,4,3,4,1410,1233726003,2025-04-09,,,290.0,31304.347826086956
3650000,Mevlana Mah.,1233629886,09 Nisan 2025,125,115,3+1,5,Kombi (Doğalgaz),2,Açık (Amerikan),Var,Var,Açık Otopark,Hayır,Boş,Hayır,Belirtilmemiş,Belirtilmemiş,Evet,Kat Mülkiyetli,Emlak Ofisinden,Hayır,0.0,1,4,5,1430,1233629886,2025-04-09,,,290.0,29200.0
3750000,Beypınar Mh.,1239011422,09 Nisan 2025,120,100,2+1,8,Kombi (Doğalgaz),2,Kapalı,Var,Var,Açık Otopark,Hayır,Boş,Hayır,Belirtilmemiş,Belirtilmemiş,Evet,Kat İrtifaklı,Emlak Ofisinden,Evet,0.0,5,3,8,1458,1239011422,2025-04-09,,,290.0,31250.0
3775000,Körfez Mh.,1239143007,09 Nisan 2025,90,80,2+1,4,Kombi (Doğalgaz),1,Açık (Amerikan),Var,Var,Açık Otopark,Hayır,Boş,Hayır,Belirtilmemiş,200,Hayır,Kat İrtifaklı,Emlak Ofisinden,Hayır,4.0,4,3,4,1484,1239143007,2025-04-09,200,,290.0,41944.444444444445
3800000,Yeşildere Mh.,1233290282,09 Nisan 2025,135,120,3+1,4,Kombi (Doğalgaz),2,Kapalı,Var,Var,Açık Otopark,Hayır,Kiracılı,Hayır,Belirtilmemiş,400,Evet,Kat Mülkiyetli,Emlak Ofisinden,Hayır,7.5,1,4,4,1495,1233290282,2025-04-09,400,,290.0,28148.14814814815
3850000,Küçükkolpınar Mh.,1233721972,09 Nisan 2025,115,100,2+1,4,Yerden Isıtma,2,Kapalı,Var,Var,Açık Otopark,Hayır,Boş,Hayır,Belirtilmemiş,Belirtilmemiş,Hayır,Kat Mülkiyetli,Emlak Ofisinden,Evet,0.0,4,3,4,1506,1233721972,2025-04-09,,,290.0,33478.260869565216
3875000,Esenevler Mah.,1226973877,09 Nisan 2025,120,110,3+1,4,Kombi (Doğalgaz),1,Kapalı,Var,Var,Açık Otopark,Hayır,Boş,Hayır,Belirtilmemiş,Belirtilmemiş,Evet,Kat Mülkiyetli,Emlak Ofisinden,Hayır,7.5,1,4,4,1518,1226973877,2025-04-09,,,290.0,32291.666666666668
3900000,Atakent Mh.,1239251452,09 Nisan 2025,130,120,3+1,4,Kombi (Doğalgaz),2,Kapalı,Var,Var,Açık Otopark,Hayır,Kiracılı,Hayır,Belirtilmemiş,250,Evet,Kat Mülkiyetli,Emlak Ofisinden,Hayır,13.0,4,4,4,1523,1239251452,2025-04-09,250,,290.0,30000.0
4000000,Mevlana Mah.,1239076915,09 Nisan 2025,90,75,2+1,6,Yerden Isıtma,1,Açık (Amerikan),Var,Var,Açık & Kapalı Otopark,Hayır,Boş,Hayır,Belirtilmemiş,Belirtilmemiş,Evet,Kat Mülkiyetli,Emlak Ofisinden,Evet,0.0,3,3,6,1579,1239076915,2025-04-09,,,290.0,44444.444444444445
4100000,Körfez Mh.,1194561487,09 Nisan 2025,140,130,3+1,5,Kombi (Doğalgaz),1,Kapalı,Var,Var,Açık Otopark,Hayır,Kiracılı,Evet,İhlas Evleri 3,Belirtilmemiş,Evet,Kat Mülkiyetli,Emlak Ofisinden,Hayır,7.5,5,4,5,1622,1194561487,2025-04-09,,,290.0,29285.714285714286
4440000,Yenimahalle Mah.,1230357555,09 Nisan 2025,140,135,3+1,5,Kombi (Doğalgaz),1,Kapalı,Var,Var,Açık Otopark,Hayır,Boş,Hayır,Belirtilmemiş,300,Evet,Kat İrtifaklı,Emlak Ofisinden,Evet,13.0,5,4,5,1732,1230357555,2025-04-09,300,,290.0,31714.285714285714
4750000,Mevlana Mah.,1227912290,09 Nisan 2025,145,125,3+1,5,Kombi (Doğalgaz),2,Kapalı,Var,Var,Açık Otopark,Hayır,Boş,Hayır,Belirtilmemiş,Belirtilmemiş,Evet,Kat Mülkiyetli,Emlak Ofisinden,Hayır,0.0,3,4,5,1830,1227912290,2025-04-09,,,290.0,32758.620689655174
5000000,Atakent Mh.,1226986818,09 Nisan 2025,150,130,3+1,6,Kombi (Doğalgaz),2,Kapalı,Var,Var,Açık Otopark,Hayır,Boş,Hayır,Belirtilmemiş,Belirtilmemiş,Evet,Kat İrtifaklı,Emlak Ofisinden,Evet,0.0,1,4,6,1894,1226986818,2025-04-09,,,290.0,33333.333333333336
5250000,Küçükkolpınar Mh.,1239230410,09 Nisan 2025,167,150,3+1,4,Kombi (Doğalgaz),2,Kapalı,Var,Var,Açık Otopark,Hayır,Boş,Hayır,Belirtilmemiş,250,Evet,Kat Mülkiyetli,Emlak Ofisinden,Hayır,7.5,3,4,4,1951,1239230410,2025-04-09,250,,290.0,31437.125748502993
5750000,Atakent Mh.,1239078781,09 Nisan 2025,170,140,3+1,7,Kombi (Doğalgaz),2,Kapalı,Var,Var,Açık Otopark,Hayır,Mülk Sahibi,Hayır,Belirtilmemiş,150,Evet,Kat Mülkiyetli,Sahibinden,Evet,7.5,2,4,7,2062,1239078781,2025-04-09,150,,290.0,33823.529411764706
6000000,Esenevler Mah.,1233571387,09 Nisan 2025,170,150,3+1,3,Kombi (Doğalgaz),2,Kapalı,Var,Var,Açık Otopark,Evet,Mülk Sahibi,Hayır,Belirtilmemiş,Belirtilmemiş,Evet,Kat Mülkiyetli,Emlak Ofisinden,Evet,7.5,3,4,3,2105,1233571387,2025-04-09,,,290.0,35294.117647058825
6000000,İstiklal Mh.,1239044056,09 Nisan 2025,260,230,5+2,7,Kombi (Doğalgaz),3,Kapalı,Var,Var,Açık Otopark,Hayır,Boş,Hayır,Belirtilmemiş,200,Evet,Kat Mülkiyetli,Emlak Ofisinden,Evet,4.0,6,7,7,2107,1239044056,2025-04-09,200,,290.0,23076.923076923078
6000000,Küçükkolpınar Mh.,1233503978,09 Nisan 2025,145,135,3+1,6,Kombi (Doğalgaz),2,Kapalı,Var,Var,Açık Otopark,Hayır,Boş,Hayır,Belirtilmemiş,Belirtilmemiş,Evet,Kat Mülkiyetli,Sahibinden,Hayır,0.0,3,4,6,2110,1233503978,2025-04-09,,,290.0,41379.31034482759
6550000,Mevlana Mah.,1233688135,09 Nisan 2025,160,150,3+1,4,Kombi (Doğalgaz),2,Kapalı,Var,Var,Açık Otopark,Hayır,Boş,Hayır,Belirtilmemiş,Belirtilmemiş,Evet,Kat Mülkiyetli,Emlak Ofisinden,Hayır,0.0,1,4,4,2187,1233688135,2025-04-09,,,290.0,40937.5
7150000,İstiklal Mh.,1232908197,09 Nisan 2025,190,175,4+1,5,Kombi (Doğalgaz),2,Kapalı,Var,Var,Açık Otopark,Hayır,Boş,Hayır,Belirtilmemiş,150,Evet,Kat İrtifaklı,Emlak Ofisinden,Hayır,0.0,3,5,5,2232,1232908197,2025-04-09,150,,290.0,37631.57894736842
1710000,Yenimahalle Mah.,1201923969,10 Nisan 2025,43,35,1+1,5,Kombi (Doğalgaz),1,Açık (Amerikan),Var,Var,Açık Otopark,Evet,Boş,Hayır,Belirtilmemiş,150,Evet,Kat İrtifaklı,Emlak Ofisinden,Evet,0.0,-3,2,5,101,1201923969,2025-04-10,150,,291.0,39767.441860465115
1760000,Denizevleri Mah.,1224003287,10 Nisan 2025,55,50,2+0,5,Kombi (Doğalgaz),1,Kapalı,Yok,Yok,Açık Otopark,Belirtilmemiş,Kiracılı,Hayır,Belirtilmemiş,Belirtilmemiş,Evet,Kat Mülkiyetli,Emlak Ofisinden,Evet,18.0,1,2,5,145,1224003287,2025-04-10,,,291.0,32000.0
1800000,İncesu Yalı Mh.,1228093390,10 Nisan 2025,55,45,1+1,5,Kombi (Doğalgaz),1,Açık (Amerikan),Var,Var,Açık Otopark,Evet,Kiracılı,Hayır,Belirtilmemiş,200,Evet,Kat Mülkiyetli,Sahibinden,Hayır,1.0,1,2,5,175,1228093390,2025-04-10,200,,291.0,32727.272727272728
1880000,İstiklal Mh.,1239269998,10 Nisan 2025,50,45,1+1,5,Yerden Isıtma,1,Açık (Amerikan),Var,Var,Açık Otopark,Belirtilmemiş,Boş,Hayır,Belirtilmemiş,Belirtilmemiş,Evet,Kat Mülkiyetli,Emlak Ofisinden,Evet,0.0,5,2,5,277,1239269998,2025-04-10,,,291.0,37600.0
1950000,Körfez Mh.,1233742189,10 Nisan 2025,55,52,1+1,5,Kombi (Doğalgaz),1,Açık (Amerikan),Var,Var,Açık Otopark,Hayır,Boş,Hayır,Belirtilmemiş,Belirtilmemiş,Evet,Kat Mülkiyetli,Emlak Ofisinden,Evet,0.0,5,2,5,346,1233742189,2025-04-10,,,291.0,35454.545454545456
1950000,Körfez Mh.,1233715738,10 Nisan 2025,50,45,1+1,5,Yerden Isıtma,1,Açık (Amerikan),Var,Var,Açık Otopark,Evet,Boş,Hayır,Belirtilmemiş,250,Evet,Kat Mülkiyetli,Emlak Ofisinden,Evet,0.0,1,2,5,347,1233715738,2025-04-10,250,,291.0,39000.0
1975000,Körfez Mh.,1233704708,10 Nisan 2025,55,50,1+1,5,Kombi (Doğalgaz),1,Açık (Amerikan),Var,Var,Açık Otopark,Hayır,Boş,Hayır,Belirtilmemiş,350,Evet,Kat Mülkiyetli,Emlak Ofisinden,Hayır,0.0,2,2,5,371,1233704708,2025-04-10,350,,291.0,35909.09090909091
2000000,Körfez Mh.,1239288513,10 Nisan 2025,55,50,1+1,3,Yerden Isıtma,1,Açık (Amerikan),Var,Var,Açık Otopark,Evet,Boş,Hayır,Belirtilmemiş,100,Evet,Kat Mülkiyetli,Emlak Ofisinden,Hayır,0.0,2,2,3,425,1239288513,2025-04-10,100,,291.0,36363.63636363636
2100000,İstiklal Mh.,1239299978,10 Nisan 2025,55,50,1+1,3,Kombi (Doğalgaz),1,Açık (Amerikan),Var,Var,Açık Otopark,Evet,Boş,Hayır,Belirtilmemiş,250,Evet,Kat Mülkiyetli,Emlak Ofisinden,Hayır,2.0,1,2,3,513,1239299978,2025-04-10,250,,291.0,38181.818181818184
2200000,Çakırlar Yalı Mh.,1221688634,10 Nisan 2025,55,45,1+1,5,Yerden Isıtma,1,Açık (Amerikan),Var,Var,Açık Otopark,Hayır,Boş,Hayır,Belirtilmemiş,0,Evet,Kat Mülkiyetli,Emlak Ofisinden,Hayır,0.0,5,2,5,629,1221688634,2025-04-10,0,,291.0,40000.0
2250000,İstiklal Mh.,1208823259,10 Nisan 2025,60,48,1+1,4,Yerden Isıtma,1,Açık (Amerikan),Var,Var,Açık Otopark,Hayır,Boş,Hayır,Belirtilmemiş,Belirtilmemiş,Evet,Kat Mülkiyetli,Emlak Ofisinden,Evet,0.0,3,2,4,680,1208823259,2025-04-10,,,291.0,37500.0
2300000,Körfez Mh.,1216167984,10 Nisan 2025,53,47,1+1,5,Yerden Isıtma,2,Açık (Amerikan),Var,Var,Açık & Kapalı Otopark,Hayır,Boş,Hayır,Belirtilmemiş,Belirtilmemiş,Belirtilmemiş,Kat Mülkiyetli,Emlak Ofisinden,Evet,0.0,5,2,5,741,1216167984,2025-04-10,,,291.0,43396.22641509434
2325000,Körfez Mh.,1233298728,10 Nisan 2025,60,55,1+1,5,Kombi (Doğalgaz),1,Açık (Amerikan),Var,Var,Açık Otopark,Hayır,Boş,Hayır,Belirtilmemiş,Belirtilmemiş,Evet,Kat Mülkiyetli,Emlak Ofisinden,Hayır,0.0,5,2,5,762,1233298728,2025-04-10,,,291.0,38750.0
2700000,İstiklal Mh.,1239288850,10 Nisan 2025,53,46,1+1,5,Kombi (Doğalgaz),1,Açık (Amerikan),Var,Var,Açık Otopark,Hayır,Boş,Hayır,Belirtilmemiş,Belirtilmemiş,Evet,Kat İrtifaklı,Emlak Ofisinden,Evet,0.0,2,2,5,998,1239288850,2025-04-10,,,291.0,50943.3962264151
2950000,Mimarsinan Mah.,1239477574,10 Nisan 2025,120,110,3+1,7,Kombi (Doğalgaz),1,Kapalı,Var,Var,Açık Otopark,Hayır,Boş,Evet,Zirveli Sitesi,250,Evet,Kat Mülkiyetli,Sahibinden,Evet,13.0,3,4,7,1142,1239477574,2025-04-10,250,,291.0,24583.333333333332
3250000,Körfez Mh.,1219724133,10 Nisan 2025,100,85,2+1,5,Kombi (Doğalgaz),1,Açık (Amerikan),Var,Var,Açık & Kapalı Otopark,Evet,Boş,Hayır,Belirtilmemiş,Belirtilmemiş,Evet,Kat Mülkiyetli,Emlak Ofisinden,Evet,0.0,1,3,5,1278,1219724133,2025-04-10,,,291.0,32500.0
3350000,Beypınar Mh.,1233810574,10 Nisan 2025,115,107,2+1,5,Kombi (Doğalgaz),2,Kapalı,Var,Var,Açık Otopark,Hayır,Boş,Hayır,Belirtilmemiş,Belirtilmemiş,Evet,Kat Mülkiyetli,Emlak Ofisinden,Evet,0.0,2,3,5,1307,1233810574,2025-04-10,,,291.0,29130.434782608696
3400000,İstiklal Mh.,1200330933,10 Nisan 2025,100,90,2+1,3,Kombi (Doğalgaz),1,Kapalı,Var,Var,Açık Otopark,Hayır,Boş,Hayır,Belirtilmemiş,100,Evet,Kat İrtifaklı,Emlak Ofisinden,Evet,1.0,1,3,3,1326,1200330933,2025-04-10,100,,291.0,34000.0
3600000,Küçükkolpınar Mh.,1191621629,10 Nisan 2025,90,80,2+1,5,Kombi (Doğalgaz),2,Kapalı,Var,Var,Açık Otopark,Hayır,Boş,Hayır,Belirtilmemiş,Belirtilmemiş,Evet,Kat İrtifaklı,Emlak Ofisinden,Evet,0.0,1,3,5,1411,1191621629,2025-04-10,,,291.0,40000.0
4000000,Atakent Mh.,1226312087,10 Nisan 2025,70,47,1+1,5,Yerden Isıtma,1,Açık (Amerikan),Var,Var,Açık Otopark,Hayır,Boş,Hayır,Belirtilmemiş,Belirtilmemiş,Evet,Kat Mülkiyetli,Sahibinden,Hayır,0.0,4,2,5,1578,1226312087,2025-04-10,,,291.0,57142.857142857145
4250000,Körfez Mh.,1212580655,10 Nisan 2025,90,85,2+1,4,Kombi (Doğalgaz),1,Açık (Amerikan),Var,Var,Açık Otopark,Hayır,Boş,Hayır,Belirtilmemiş,Belirtilmemiş,Hayır,Kat Mülkiyetli,Emlak Ofisinden,Evet,2.0,4,3,4,1663,1212580655,2025-04-10,,,291.0,47222.22222222222
4250000,Mevlana Mah.,1221720182,10 Nisan 2025,135,130,3+1,4,Kombi (Doğalgaz),2,Kapalı,Var,Var,Açık Otopark,Hayır,Mülk Sahibi,Hayır,Belirtilmemiş,Belirtilmemiş,Evet,Kat Mülkiyetli,Emlak Ofisinden,Evet,7.5,1,4,4,1665,1221720182,2025-04-10,,,291.0,31481.48148148148
4300000,Mevlana Mah.,1239268510,10 Nisan 2025,125,110,2+1,3,Yerden Isıtma,2,Açık (Amerikan),Var,Var,Açık & Kapalı Otopark,Hayır,Boş,Hayır,Belirtilmemiş,Belirtilmemiş,Evet,Kat Mülkiyetli,Emlak Ofisinden,Evet,0.0,3,3,3,1687,1239268510,2025-04-10,,,291.0,34400.0
4500000,Körfez Mh.,1221639618,10 Nisan 2025,60,56,1+1,4,Yerden Isıtma,1,Açık (Amerikan),Var,Var,Açık Otopark,Hayır,Boş,Hayır,Belirtilmemiş,Belirtilmemiş,Evet,Kat İrtifaklı,Emlak Ofisinden,Evet,0.0,1,2,4,1766,1221639618,2025-04-10,,,291.0,75000.0
5500000,Beypınar Mh.,1232898024,10 Nisan 2025,225,190,4+1,5,Kombi (Doğalgaz),2,Kapalı,Var,Var,Açık Otopark,Hayır,Boş,Hayır,Belirtilmemiş,Belirtilmemiş,Evet,Kat Mülkiyetli,Emlak Ofisinden,Hayır,0.0,2,5,5,1996,1232898024,2025-04-10,,,291.0,24444.444444444445
6300000,İstiklal Mh.,1239299502,10 Nisan 2025,160,140,3+1,5,Kombi (Doğalgaz),2,Kapalı,Var,Var,Açık Otopark,Hayır,Boş,Hayır,Belirtilmemiş,Belirtilmemiş,Evet,Kat Mülkiyetli,Emlak Ofisinden,Evet,0.0,1,4,5,2164,1239299502,2025-04-10,,,291.0,39375.0
7000000,Mevlana Mah.,1233702122,10 Nisan 2025,165,160,4+1,3,Kombi (Doğalgaz),2,Kapalı,Var,Var,Açık Otopark,Belirtilmemiş,Boş,Hayır,Belirtilmemiş,Belirtilmemiş,Belirtilmemiş,Kat Mülkiyetli,Sahibinden,Hayır,1.0,3,5,3,2223,1233702122,2025-04-10,,,291.0,42424.242424242424
7200000,Atakent Mh.,1239288552,10 Nisan 2025,195,185,4+1,9,Kombi (Doğalgaz),2,Kapalı,Var,Var,Açık Otopark,Hayır,Mülk Sahibi,Hayır,Belirtilmemiş,300,Evet,Kat Mülkiyetli,Sahibinden,Hayır,7.5,7,5,9,2236,1239288552,2025-04-10,300,,291.0,36923.07692307692
7500000,Yenimahalle Mah.,1232943405,10 Nisan 2025,205,185,4+1,8,Yerden Isıtma,2,Kapalı,Var,Var,Açık Otopark,Hayır,Boş,Hayır,Belirtilmemiş,500,Evet,Kat Mülkiyetli,Emlak Ofisinden,Evet,1.0,6,5,8,2250,1232943405,2025-04-10,500,,291.0,36585.365853658535
8150000,Mevlana Mah.,1239232702,10 Nisan 2025,150,135,3+1,4,Yerden Isıtma,2,Kapalı,Var,Var,Açık Otopark,Hayır,Kiracılı,Hayır,Belirtilmemiş,500,Evet,Kat Mülkiyetli,Sahibinden,Hayır,4.0,3,4,4,2273,1239232702,2025-04-10,500,,291.0,54333.333333333336
1475000,Körfez Mh.,1228303483,11 Nisan 2025,140,125,2+1,5,Kombi (Doğalgaz),1,Kapalı,Var,Yok,Açık & Kapalı Otopark,Evet,Boş,Hayır,Belirtilmemiş,100,Evet,Kat İrtifaklı,Emlak Ofisinden,Evet,18.0,1,3,5,21,1228303483,2025-04-11,100,,292.0,10535.714285714286
1649000,Körfez Mh.,1222431684,11 Nisan 2025,50,40,1+1,5,Kombi (Doğalgaz),1,Açık (Amerikan),Var,Var,Açık Otopark,Hayır,Boş,Hayır,Belirtilmemiş,Belirtilmemiş,Evet,Kat İrtifaklı,Emlak Ofisinden,Hayır,0.0,2,2,5,62,1222431684,2025-04-11,,,292.0,32980.0
1650000,Körfez Mh.,1233808313,11 Nisan 2025,60,50,1+1,5,Kombi (Doğalgaz),1,Açık (Amerikan),Yok,Var,Açık Otopark,Hayır,Boş,Hayır,Belirtilmemiş,200,Evet,Kat Mülkiyetli,Emlak Ofisinden,Hayır,0.0,1,2,5,70,1233808313,2025-04-11,200,,292.0,27500.0
1725000,Körfez Mh.,1216100704,11 Nisan 2025,55,45,1+1,5,Kombi (Doğalgaz),1,Açık (Amerikan),Var,Var,Açık Otopark,Hayır,Boş,Hayır,Belirtilmemiş,Belirtilmemiş,Evet,Kat Mülkiyetli,Emlak Ofisinden,Evet,0.0,1,2,5,105,1216100704,2025-04-11,,,292.0,31363.636363636364
1725000,Körfez Mh.,1222431524,11 Nisan 2025,41,36,1+1,4,Yerden Isıtma,1,Açık (Amerikan),Var,Var,Açık Otopark,Hayır,Boş,Hayır,Belirtilmemiş,50,Evet,Kat Mülkiyetli,Emlak Ofisinden,Evet,0.0,0,2,4,106,1222431524,2025-04-11,50,,292.0,42073.170731707316
1750000,Körfez Mh.,1221894426,11 Nisan 2025,55,45,1+1,5,Kombi (Doğalgaz),1,Açık (Amerikan),Var,Var,Açık Otopark,Hayır,Boş,Hayır,Belirtilmemiş,Belirtilmemiş,Evet,Kat Mülkiyetli,Emlak Ofisinden,Evet,0.0,4,2,5,138,1221894426,2025-04-11,,,292.0,31818.18181818182
1750000,Körfez Mh.,1234100585,11 Nisan 2025,55,50,1+1,4,Kombi (Doğalgaz),1,Açık (Amerikan),Yok,Var,Açık Otopark,Hayır,Boş,Hayır,Belirtilmemiş,200,Evet,Kat Mülkiyetli,Emlak Ofisinden,Hayır,0.0,1,2,4,139,1234100585,2025-04-11,200,,292.0,31818.18181818182
1760000,Körfez Mh.,1228493860,11 Nisan 2025,52,48,1+1,3,Kombi (Doğalgaz),1,Açık (Amerikan),Var,Var,Açık Otopark,Hayır,Boş,Hayır,Belirtilmemiş,80,Evet,Kat Mülkiyetli,Emlak Ofisinden,Evet,0.0,2,2,3,147,1228493860,2025-04-11,80,,292.0,33846.153846153844
1799000,Mevlana Mah.,1234100537,11 Nisan 2025,55,50,1+1,4,Yerden Isıtma,1,Açık (Amerikan),Var,Var,Açık Otopark,Hayır,Boş,Hayır,Belirtilmemiş,Belirtilmemiş,Evet,Kat Mülkiyetli,Emlak Ofisinden,Evet,0.0,1,2,4,164,1234100537,2025-04-11,,,292.0,32709.090909090908
1800000,Körfez Mh.,1229345240,11 Nisan 2025,50,42,1+1,5,Kombi (Doğalgaz),1,Açık (Amerikan),Var,Var,Açık Otopark,Hayır,Boş,Hayır,Belirtilmemiş,Belirtilmemiş,Evet,Kat Mülkiyetli,Emlak Ofisinden,Evet,0.0,1,2,5,180,1229345240,2025-04-11,,,292.0,36000.0
1850000,İncesu Yalı Mh.,1189791466,11 Nisan 2025,55,49,1+1,5,Kombi (Doğalgaz),1,Açık (Amerikan),Var,Var,Açık Otopark,Hayır,Boş,Hayır,Belirtilmemiş,80,Evet,Kat Mülkiyetli,Emlak Ofisinden,Evet,0.0,3,2,5,231,1189791466,2025-04-11,80,,292.0,33636.36363636364
1850000,İstiklal Mh.,1221787150,11 Nisan 2025,55,50,1+1,4,Yerden Isıtma,1,Açık (Amerikan),Yok,Var,Açık Otopark,Evet,Boş,Hayır,Belirtilmemiş,Belirtilmemiş,Evet,Kat İrtifaklı,Emlak Ofisinden,Evet,0.0,1,2,4,233,1221787150,2025-04-11,,,292.0,33636.36363636364
1850000,Körfez Mh.,1234106793,11 Nisan 2025,60,50,1+1,4,Kombi (Doğalgaz),1,Açık (Amerikan),Var,Var,Açık Otopark,Hayır,Boş,Hayır,Belirtilmemiş,250,Evet,Kat Mülkiyetli,Emlak Ofisinden,Hayır,0.0,1,2,4,239,1234106793,2025-04-11,250,,292.0,30833.333333333332
1850000,Körfez Mh.,1233667693,11 Nisan 2025,58,50,1+1,5,Kombi (Doğalgaz),1,Açık (Amerikan),Var,Var,Açık Otopark,Hayır,Boş,Hayır,Belirtilmemiş,Belirtilmemiş,Evet,Kat İrtifaklı,Emlak Ofisinden,Evet,0.0,4,2,5,240,1233667693,2025-04-11,,,292.0,31896.55172413793
1900000,Körfez Mh.,1233735668,11 Nisan 2025,55,50,1+1,5,Yerden Isıtma,1,Açık (Amerikan),Var,Var,Açık Otopark,Hayır,Boş,Hayır,Belirtilmemiş,200,Evet,Kat Mülkiyetli,Emlak Ofisinden,Hayır,0.0,4,2,5,304,1233735668,2025-04-11,200,,292.0,34545.454545454544
1945000,Körfez Mh.,1234036723,11 Nisan 2025,55,47,1+1,5,Kombi (Doğalgaz),1,Açık (Amerikan),Var,Var,Açık Otopark,Evet,Boş,Hayır,Belirtilmemiş,Belirtilmemiş,Evet,Kat Mülkiyetli,Emlak Ofisinden,Evet,0.0,1,2,5,327,1234036723,2025-04-11,,,292.0,35363.63636363636
1950000,Körfez Mh.,1234058772,11 Nisan 2025,50,45,1+1,5,Yerden Isıtma,1,Açık (Amerikan),Var,Var,Açık Otopark,Hayır,Boş,Hayır,Belirtilmemiş,300,Evet,Kat Mülkiyetli,Emlak Ofisinden,Hayır,0.0,2,2,5,348,1234058772,2025-04-11,300,,292.0,39000.0
1950000,Körfez Mh.,1187606746,11 Nisan 2025,65,53,1+1,5,Yerden Isıtma,1,Açık (Amerikan),Var,Var,Açık Otopark,Hayır,Boş,Hayır,Belirtilmemiş,Belirtilmemiş,Evet,Kat Mülkiyetli,Emlak Ofisinden,Evet,0.0,3,2,5,349,1187606746,2025-04-11,,,292.0,30000.0
1950000,Körfez Mh.,1234144851,11 Nisan 2025,58,55,1+1,5,Yerden Isıtma,1,Açık (Amerikan),Var,Var,Açık Otopark,Hayır,Boş,Hayır,Belirtilmemiş,Belirtilmemiş,Evet,Kat İrtifaklı,Emlak Ofisinden,Evet,0.0,2,2,5,350,1234144851,2025-04-11,,,292.0,33620.68965517241
1950000,Körfez Mh.,1233875681,11 Nisan 2025,55,50,1+1,5,Kombi (Doğalgaz),1,Açık (Amerikan),Var,Var,Açık Otopark,Hayır,Boş,Hayır,Belirtilmemiş,Belirtilmemiş,Evet,Kat Mülkiyetli,Emlak Ofisinden,Evet,0.0,4,2,5,351,1233875681,2025-04-11,,,292.0,35454.545454545456
1950000,Körfez Mh.,1225418701,11 Nisan 2025,50,45,1+1,6,Yerden Isıtma,1,Açık (Amerikan),Var,Var,Açık Otopark,Hayır,Boş,Hayır,Belirtilmemiş,Belirtilmemiş,Evet,Kat Mülkiyetli,Emlak Ofisinden,Hayır,0.0,1,2,6,352,1225418701,2025-04-11,,,292.0,39000.0
1950000,Körfez Mh.,1184741609,11 Nisan 2025,60,50,1+1,5,Yerden Isıtma,1,Açık (Amerikan),Var,Var,Açık Otopark,Hayır,Boş,Hayır,Belirtilmemiş,Belirtilmemiş,Evet,Kat Mülkiyetli,Emlak Ofisinden,Evet,0.0,2,2,5,353,1184741609,2025-04-11,,,292.0,32500.0
1965000,Körfez Mh.,1239517014,11 Nisan 2025,50,40,1+1,5,Yerden Isıtma,1,Açık (Amerikan),Var,Var,Açık Otopark,Evet,Boş,Hayır,Belirtilmemiş,400,Evet,Kat Mülkiyetli,Emlak Ofisinden,Hayır,0.0,1,2,5,366,1239517014,2025-04-11,400,,292.0,39300.0
1980000,Körfez Mh.,1234084537,11 Nisan 2025,55,50,1+1,5,Kombi (Doğalgaz),1,Açık (Amerikan),Var,Var,Açık Otopark,Hayır,Boş,Hayır,Belirtilmemiş,Belirtilmemiş,Hayır,Kat Mülkiyetli,Emlak Ofisinden,Evet,0.0,5,2,5,379,1234084537,2025-04-11,,,292.0,36000.0
2000000,İstiklal Mh.,1233904947,11 Nisan 2025,55,50,1+1,5,Yerden Isıtma,1,Açık (Amerikan),Var,Var,Açık Otopark,Evet,Boş,Hayır,Belirtilmemiş,Belirtilmemiş,Evet,Kat Mülkiyetli,Emlak Ofisinden,Evet,0.0,1,2,5,418,1233904947,2025-04-11,,,292.0,36363.63636363636
2000000,Körfez Mh.,1216545322,11 Nisan 2025,50,42,1+1,5,Yerden Isıtma,1,Açık (Amerikan),Var,Var,Açık Otopark,Evet,Kiracılı,Hayır,Belirtilmemiş,Belirtilmemiş,Hayır,Kat Mülkiyetli,Emlak Ofisinden,Hayır,0.0,1,2,5,426,1216545322,2025-04-11,,,292.0,40000.0
2080000,Mevlana Mah.,1239507668,11 Nisan 2025,55,45,1+1,3,Yerden Isıtma,1,Açık (Amerikan),Var,Var,Açık Otopark,Hayır,Boş,Hayır,Belirtilmemiş,250,Evet,Kat Mülkiyetli,Emlak Ofisinden,Hayır,0.0,2,2,3,487,1239507668,2025-04-11,250,,292.0,37818.181818181816
2100000,İncesu Yalı Mh.,1222125722,11 Nisan 2025,55,50,1+1,5,Kombi (Doğalgaz),1,Açık (Amerikan),Var,Var,Açık Otopark,Evet,Boş,Hayır,Belirtilmemiş,300,Evet,Kat Mülkiyetli,Emlak Ofisinden,Hayır,1.0,2,2,5,509,1222125722,2025-04-11,300,,292.0,38181.818181818184
2100000,İncesu Yalı Mh.,1206202579,11 Nisan 2025,50,45,1+1,4,Kombi (Doğalgaz),1,Açık (Amerikan),Var,Var,Açık Otopark,Hayır,Boş,Hayır,Belirtilmemiş,Belirtilmemiş,Evet,Kat Mülkiyetli,Sahibinden,Evet,0.0,1,2,4,511,1206202579,2025-04-11,,,292.0,42000.0
2100000,Körfez Mh.,1234099491,11 Nisan 2025,45,42,1+1,6,Yerden Isıtma,1,Açık (Amerikan),Var,Var,Açık Otopark,Evet,Boş,Hayır,Belirtilmemiş,100,Evet,Kat Mülkiyetli,Emlak Ofisinden,Hayır,0.0,4,2,6,523,1234099491,2025-04-11,100,,292.0,46666.666666666664
2125000,Körfez Mh.,1239560878,11 Nisan 2025,55,50,1+1,5,Kombi (Doğalgaz),1,Açık (Amerikan),Var,Var,Açık Otopark,Evet,Boş,Hayır,Belirtilmemiş,450,Evet,Kat Mülkiyetli,Emlak Ofisinden,Hayır,2.0,5,2,5,543,1239560878,2025-04-11,450,,292.0,38636.36363636364
2150000,İstiklal Mh.,1234130061,11 Nisan 2025,55,50,1+1,5,Yerden Isıtma,1,Açık (Amerikan),Var,Var,Açık Otopark,Evet,Boş,Hayır,Belirtilmemiş,Belirtilmemiş,Evet,Kat Mülkiyetli,Emlak Ofisinden,Evet,0.0,1,2,5,559,1234130061,2025-04-11,,,292.0,39090.90909090909
2150000,Körfez Mh.,1123179181,11 Nisan 2025,55,45,1+1,5,Kombi (Doğalgaz),1,Açık (Amerikan),Var,Var,Açık & Kapalı Otopark,Hayır,Boş,Evet,Yaşam Evleri Sitesi,Belirtilmemiş,Belirtilmemiş,Kat Mülkiyetli,Emlak Ofisinden,Hayır,0.0,2,2,5,560,1123179181,2025-04-11,,,292.0,39090.90909090909
2150000,Körfez Mh.,1234103092,11 Nisan 2025,60,50,1+1,4,Kombi (Doğalgaz),1,Açık (Amerikan),Var,Var,Açık Otopark,Evet,Boş,Hayır,Belirtilmemiş,200,Evet,Kat Mülkiyetli,Emlak Ofisinden,Hayır,0.0,3,2,4,565,1234103092,2025-04-11,200,,292.0,35833.333333333336
2150000,Körfez Mh.,1239619657,11 Nisan 2025,65,55,1+1,4,Kombi (Doğalgaz),1,Açık (Amerikan),Var,Var,Açık Otopark,Evet,Boş,Hayır,Belirtilmemiş,450,Evet,Kat Mülkiyetli,Emlak Ofisinden,Hayır,1.0,1,2,4,566,1239619657,2025-04-11,450,,292.0,33076.92307692308
2150000,Yenimahalle Mah.,1165799609,11 Nisan 2025,55,49,1+1,6,Kombi (Doğalgaz),1,Açık (Amerikan),Var,Var,Açık Otopark,Hayır,Boş,Hayır,Belirtilmemiş,0,Evet,Kat Mülkiyetli,Emlak Ofisinden,Evet,0.0,3,2,6,571,1165799609,2025-04-11,0,,292.0,39090.90909090909
2195000,Esenevler Mah.,1239519625,11 Nisan 2025,45,40,1+1,3,Yerden Isıtma,1,Açık (Amerikan),Var,Var,Açık Otopark,Evet,Boş,Hayır,Belirtilmemiş,333,Evet,Kat Mülkiyetli,Emlak Ofisinden,Hayır,0.0,1,2,3,604,1239519625,2025-04-11,333,,292.0,48777.77777777778
2200000,İncesu Yalı Mh.,1234158629,11 Nisan 2025,55,45,1+1,5,Kombi (Doğalgaz),1,Açık (Amerikan),Yok,Var,Açık Otopark,Hayır,Boş,Hayır,Belirtilmemiş,Belirtilmemiş,Hayır,Kat İrtifaklı,Emlak Ofisinden,Hayır,0.0,1,2,5,633,1234158629,2025-04-11,,,292.0,40000.0
2200000,Körfez Mh.,1234103270,11 Nisan 2025,55,50,1+1,5,Yerden Isıtma,1,Açık (Amerikan),Var,Var,Açık Otopark,Evet,Boş,Hayır,Belirtilmemiş,100,Evet,Kat Mülkiyetli,Emlak Ofisinden,Hayır,0.0,3,2,5,639,1234103270,2025-04-11,100,,292.0,40000.0
2200000,Körfez Mh.,1234097204,11 Nisan 2025,60,50,1+1,3,Kombi (Doğalgaz),1,Açık (Amerikan),Var,Var,Açık Otopark,Hayır,Boş,Hayır,Belirtilmemiş,200,Evet,Kat Mülkiyetli,Emlak Ofisinden,Evet,0.0,1,2,3,640,1234097204,2025-04-11,200,,292.0,36666.666666666664
2200000,Küçükkolpınar Mh.,1216400008,11 Nisan 2025,50,47,1+1,5,Yerden Isıtma,1,Açık (Amerikan),Var,Var,Açık Otopark,Hayır,Boş,Hayır,Belirtilmemiş,Belirtilmemiş,Evet,Kat Mülkiyetli,Emlak Ofisinden,Evet,0.0,1,2,5,647,1216400008,2025-04-11,,,292.0,44000.0
2250000,Esenevler Mah.,1239521494,11 Nisan 2025,55,50,1+1,3,Kombi (Doğalgaz),1,Açık (Amerikan),Var,Var,Açık Otopark,Evet,Kiracılı,Hayır,Belirtilmemiş,Belirtilmemiş,Evet,Kat Mülkiyetli,Emlak Ofisinden,Hayır,1.0,1,2,3,673,1239521494,2025-04-11,,,292.0,40909.09090909091
2250000,Esenevler Mah.,1228153268,11 Nisan 2025,58,52,1+1,5,Kombi (Doğalgaz),1,Açık (Amerikan),Var,Var,Açık Otopark,Hayır,Boş,Hayır,Belirtilmemiş,200,Evet,Kat Mülkiyetli,Emlak Ofisinden,Evet,0.0,5,2,5,674,1228153268,2025-04-11,200,,292.0,38793.10344827586
2250000,İstiklal Mh.,1228510360,11 Nisan 2025,50,42,1+1,4,Kombi (Doğalgaz),1,Açık (Amerikan),Var,Var,Açık Otopark,Hayır,Boş,Hayır,Belirtilmemiş,Belirtilmemiş,Evet,Kat İrtifaklı,Emlak Ofisinden,Evet,0.0,4,2,4,681,1228510360,2025-04-11,,,292.0,45000.0
2250000,Körfez Mh.,1239538167,11 Nisan 2025,60,50,1+1,5,Kombi (Doğalgaz),1,Açık (Amerikan),Var,Var,Açık Otopark,Hayır,Boş,Hayır,Belirtilmemiş,150,Evet,Kat Mülkiyetli,Emlak Ofisinden,Hayır,1.0,2,2,5,685,1239538167,2025-04-11,150,,292.0,37500.0
2250000,Körfez Mh.,1228161130,11 Nisan 2025,58,48,1+1,5,Kombi (Doğalgaz),1,Açık (Amerikan),Var,Var,Açık Otopark,Hayır,Boş,Hayır,Belirtilmemiş,100,Evet,Kat Mülkiyetli,Emlak Ofisinden,Evet,0.0,3,2,5,686,1228161130,2025-04-11,100,,292.0,38793.10344827586
2270000,Körfez Mh.,1239668426,11 Nisan 2025,60,52,1+1,6,Kombi (Doğalgaz),1,Açık (Amerikan),Var,Var,Açık Otopark,Hayır,Boş,Hayır,Belirtilmemiş,0,Hayır,Kat Mülkiyetli,Emlak Ofisinden,Evet,3.0,2,2,6,713,1239668426,2025-04-11,0,,292.0,37833.333333333336
2300000,Körfez Mh.,1233114578,11 Nisan 2025,50,45,1+1,6,Kombi (Doğalgaz),1,Açık (Amerikan),Var,Var,Açık Otopark,Evet,Boş,Hayır,Belirtilmemiş,Belirtilmemiş,Evet,Kat Mülkiyetli,Emlak Ofisinden,Hayır,0.0,5,2,6,748,1233114578,2025-04-11,,,292.0,46000.0
2345000,Körfez Mh.,1231722526,11 Nisan 2025,58,50,1+1,5,Yerden Isıtma,1,Açık (Amerikan),Var,Var,Açık Otopark,Evet,Boş,Hayır,Belirtilmemiş,Belirtilmemiş,Belirtilmemiş,Kat Mülkiyetli,Sahibinden,Evet,0.0,3,2,5,771,1231722526,2025-04-11,,,292.0,40431.03448275862
2350000,Körfez Mh.,1221707189,11 Nisan 2025,65,57,1+1,4,Kombi (Doğalgaz),1,Açık (Amerikan),Var,Var,Açık Otopark,Hayır,Boş,Hayır,Belirtilmemiş,100,Evet,Kat Mülkiyetli,Emlak Ofisinden,Hayır,0.0,2,2,4,786,1221707189,2025-04-11,100,,292.0,36153.846153846156
2350000,Körfez Mh.,1232725685,11 Nisan 2025,75,60,1+1,6,Kombi (Doğalgaz),1,Açık (Amerikan),Yok,Var,Açık Otopark,Hayır,Boş,Hayır,Belirtilmemiş,Belirtilmemiş,Hayır,Kat Mülkiyetli,Emlak Ofisinden,Hayır,0.0,1,2,6,787,1232725685,2025-04-11,,,292.0,31333.333333333332
2350000,Körfez Mh.,1135346706,11 Nisan 2025,60,50,1+1,4,Yerden Isıtma,1,Açık (Amerikan),Yok,Var,Açık Otopark,Evet,Boş,Hayır,Belirtilmemiş,800,Evet,Kat Mülkiyetli,Emlak Ofisinden,Evet,7.5,4,2,4,788,1135346706,2025-04-11,800,,292.0,39166.666666666664
2400000,İncesu Yalı Mh.,1234130785,11 Nisan 2025,50,45,1+1,5,Kombi (Doğalgaz),1,Açık (Amerikan),Var,Var,Açık Otopark,Hayır,Boş,Hayır,Belirtilmemiş,Belirtilmemiş,Hayır,Kat Mülkiyetli,Emlak Ofisinden,Evet,0.0,4,2,5,824,1234130785,2025-04-11,,,292.0,48000.0
2425000,Körfez Mh.,1227321869,11 Nisan 2025,60,55,1+1,5,Kombi (Doğalgaz),1,Açık (Amerikan),Var,Var,Açık Otopark,Hayır,Boş,Hayır,Belirtilmemiş,350,Hayır,Kat Mülkiyetli,Emlak Ofisinden,Evet,0.0,3,2,5,838,1227321869,2025-04-11,350,,292.0,40416.666666666664
2450000,Mevlana Mah.,1233891388,11 Nisan 2025,55,50,1+1,5,Yerden Isıtma,1,Açık (Amerikan),Var,Var,Açık Otopark,Hayır,Boş,Hayır,Belirtilmemiş,Belirtilmemiş,Evet,Kat Mülkiyetli,Emlak Ofisinden,Hayır,0.0,2,2,5,856,1233891388,2025-04-11,,,292.0,44545.454545454544
2490000,Körfez Mh.,1234076035,11 Nisan 2025,55,49,1+1,4,Yerden Isıtma,1,Açık (Amerikan),Var,Var,Açık & Kapalı Otopark,Hayır,Boş,Hayır,Belirtilmemiş,Belirtilmemiş,Evet,Kat İrtifaklı,Emlak Ofisinden,Hayır,0.0,4,2,4,872,1234076035,2025-04-11,,,292.0,45272.72727272727
2500000,İstiklal Mh.,1222450697,11 Nisan 2025,110,90,2+1,5,Kombi (Doğalgaz),1,Açık (Amerikan),Var,Var,Açık Otopark,Hayır,Boş,Hayır,Belirtilmemiş,Belirtilmemiş,Evet,Kat Mülkiyetli,Emlak Ofisinden,Hayır,0.0,1,3,5,891,1222450697,2025-04-11,,,292.0,22727.272727272728
2550000,Esenevler Mah.,1239592286,11 Nisan 2025,52,45,1+1,4,Yerden Isıtma,1,Açık (Amerikan),Var,Var,Açık & Kapalı Otopark,Hayır,Boş,Hayır,Belirtilmemiş,Belirtilmemiş,Evet,Kat Mülkiyetli,Emlak Ofisinden,Hayır,0.0,3,2,4,911,1239592286,2025-04-11,,,292.0,49038.46153846154
2550000,İncesu Yalı Mh.,1238565443,11 Nisan 2025,50,48,1+1,5,Kombi (Doğalgaz),1,Açık (Amerikan),Var,Var,Açık Otopark,Hayır,Boş,Hayır,Belirtilmemiş,0,Hayır,Kat İrtifaklı,Emlak Ofisinden,Hayır,0.0,1,2,5,912,1238565443,2025-04-11,0,,292.0,51000.0
2600000,Körfez Mh.,1228539414,11 Nisan 2025,90,80,2+1,6,Yerden Isıtma,1,Açık (Amerikan),Var,Var,Açık Otopark,Belirtilmemiş,Boş,Hayır,Belirtilmemiş,Belirtilmemiş,Evet,Kat Mülkiyetli,Emlak Ofisinden,Hayır,0.0,2,3,6,939,1228539414,2025-04-11,,,292.0,28888.88888888889
2650000,Büyükkolpınar Mh.,1227958652,11 Nisan 2025,110,100,2+1,4,Kombi (Doğalgaz),2,Kapalı,Var,Var,Açık Otopark,Hayır,Boş,Hayır,Belirtilmemiş,Belirtilmemiş,Evet,Kat İrtifaklı,Emlak Ofisinden,Evet,0.0,1,3,4,963,1227958652,2025-04-11,,,292.0,24090.909090909092
2750000,Balaç Mh.,1234144211,11 Nisan 2025,48,40,1+1,6,Kombi (Doğalgaz),1,Açık (Amerikan),Yok,Var,Açık Otopark,Hayır,Boş,Hayır,Belirtilmemiş,Belirtilmemiş,Hayır,Kat Mülkiyetli,Emlak Ofisinden,Hayır,0.0,2,2,6,1014,1234144211,2025-04-11,,,292.0,57291.666666666664
2750000,Esenevler Mah.,1221920555,11 Nisan 2025,60,50,1+1,4,Kombi (Doğalgaz),1,Açık (Amerikan),Var,Var,Açık Otopark,Hayır,Boş,Hayır,Belirtilmemiş,250,Evet,Kat Mülkiyetli,Emlak Ofisinden,Hayır,0.0,4,2,4,1019,1221920555,2025-04-11,250,,292.0,45833.333333333336
2750000,Mimarsinan Mah.,1234139293,11 Nisan 2025,60,55,1+1,3,Kombi (Doğalgaz),1,Açık (Amerikan),Var,Var,Açık Otopark,Hayır,Boş,Hayır,Belirtilmemiş,Belirtilmemiş,Evet,Kat Mülkiyetli,Emlak Ofisinden,Evet,0.0,3,2,3,1030,1234139293,2025-04-11,,,292.0,45833.333333333336
2750000,Mimarsinan Mah.,1228399600,11 Nisan 2025,58,55,1+1,3,Kombi (Doğalgaz),1,Açık (Amerikan),Var,Var,Açık Otopark,Hayır,Boş,Hayır,Belirtilmemiş,Belirtilmemiş,Evet,Kat Mülkiyetli,Emlak Ofisinden,Hayır,0.0,3,2,3,1031,1228399600,2025-04-11,,,292.0,47413.793103448275
2750000,Yenimahalle Mah.,1239581262,11 Nisan 2025,62,60,1+1,5,Yerden Isıtma,1,Açık (Amerikan),Var,Var,Açık Otopark,Hayır,Boş,Hayır,Belirtilmemiş,Belirtilmemiş,Evet,Kat Mülkiyetli,Emlak Ofisinden,Evet,0.0,1,2,5,1033,1239581262,2025-04-11,,,292.0,44354.83870967742
2800000,Yenimahalle Mah.,1239526685,11 Nisan 2025,115,110,2+1,5,Kombi (Doğalgaz),1,Açık (Amerikan),Var,Var,Açık Otopark,Hayır,Kiracılı,Hayır,Belirtilmemiş,100,Evet,Kat Mülkiyetli,Emlak Ofisinden,Hayır,7.5,4,3,5,1078,1239526685,2025-04-11,100,,292.0,24347.82608695652
2850000,Körfez Mh.,1234011914,11 Nisan 2025,60,50,1+1,5,Kombi (Doğalgaz),1,Açık (Amerikan),Var,Var,Açık Otopark,Hayır,Kiracılı,Hayır,Belirtilmemiş,Belirtilmemiş,Evet,Kat Mülkiyetli,Emlak Ofisinden,Hayır,7.5,2,2,5,1091,1234011914,2025-04-11,,,292.0,47500.0
2850000,Mevlana Mah.,1222236507,11 Nisan 2025,65,60,1+1,4,Kombi (Doğalgaz),1,Açık (Amerikan),Var,Var,Açık & Kapalı Otopark,Evet,Kiracılı,Hayır,Belirtilmemiş,270,Evet,Kat Mülkiyetli,Emlak Ofisinden,Hayır,4.0,1,2,4,1094,1222236507,2025-04-11,270,,292.0,43846.153846153844
2850000,Yenimahalle Mah.,1228442991,11 Nisan 2025,55,45,1+1,4,Kombi (Doğalgaz),1,Açık (Amerikan),Var,Var,Açık Otopark,Hayır,Kiracılı,Hayır,Belirtilmemiş,Belirtilmemiş,Evet,Kat Mülkiyetli,Emlak Ofisinden,Hayır,7.5,2,2,4,1096,1228442991,2025-04-11,,,292.0,51818.181818181816
2900000,Körfez Mh.,1225987990,11 Nisan 2025,100,90,2+1,9,Merkezi (Pay Ölçer),1,Açık (Amerikan),Var,Var,Açık Otopark,Evet,Boş,Evet,Defne Sitesi,600,Evet,Kat Mülkiyetli,Emlak Ofisinden,Hayır,7.5,7,3,9,1119,1225987990,2025-04-11,600,,292.0,29000.0
2950000,İncesu Yalı Mh.,1234108308,11 Nisan 2025,55,50,1+1,4,Yerden Isıtma,1,Açık (Amerikan),Var,Var,Açık Otopark,Hayır,Boş,Hayır,Belirtilmemiş,Belirtilmemiş,Evet,Kat Mülkiyetli,Emlak Ofisinden,Hayır,0.0,3,2,4,1134,1234108308,2025-04-11,,,292.0,53636.36363636364
2950000,İstiklal Mh.,1234112051,11 Nisan 2025,50,45,1+1,8,Kombi (Doğalgaz),1,Açık (Amerikan),Var,Var,Açık & Kapalı Otopark,Evet,Boş,Hayır,Belirtilmemiş,Belirtilmemiş,Evet,Kat Mülkiyetli,Emlak Ofisinden,Evet,0.0,7,2,8,1135,1234112051,2025-04-11,,,292.0,59000.0
2950000,Körfez Mh.,1233931246,11 Nisan 2025,90,80,2+1,6,Kombi (Doğalgaz),1,Açık (Amerikan),Var,Var,Açık Otopark,Hayır,Kiracılı,Hayır,Belirtilmemiş,Belirtilmemiş,Evet,Kat Mülkiyetli,Emlak Ofisinden,Evet,13.0,1,3,6,1137,1233931246,2025-04-11,,,292.0,32777.77777777778
3230000,Körfez Mh.,1239689490,11 Nisan 2025,52,45,1+1,5,Yerden Isıtma,1,Açık (Amerikan),Var,Var,Açık Otopark,Hayır,Boş,Hayır,Belirtilmemiş,Belirtilmemiş,Evet,Kat Mülkiyetli,Emlak Ofisinden,Hayır,0.0,1,2,5,1265,1239689490,2025-04-11,,,292.0,62115.38461538462
3245000,Körfez Mh.,1081358807,11 Nisan 2025,110,95,2+1,5,Kombi (Doğalgaz),1,Kapalı,Var,Var,Açık Otopark,Hayır,Boş,Hayır,Belirtilmemiş,120,Evet,Kat Mülkiyetli,Emlak Ofisinden,Hayır,1.0,1,3,5,1266,1081358807,2025-04-11,120,,292.0,29500.0
3350000,Yenimahalle Mah.,1239525496,11 Nisan 2025,150,135,3+1,5,Kombi (Doğalgaz),1,Kapalı,Var,Var,Açık Otopark,Hayır,Boş,Hayır,Belirtilmemiş,100,Evet,Kat Mülkiyetli,Emlak Ofisinden,Hayır,18.0,5,4,5,1315,1239525496,2025-04-11,100,,292.0,22333.333333333332
3399000,Cumhuriyet Mah.,1234135420,11 Nisan 2025,270,240,5+1,4,Kombi (Doğalgaz),2,Kapalı,Var,Var,Açık Otopark,Hayır,Boş,Hayır,Belirtilmemiş,Belirtilmemiş,Evet,Kat Mülkiyetli,Emlak Ofisinden,Hayır,18.0,4,6,4,1322,1234135420,2025-04-11,,,292.0,12588.888888888889
3420000,Yenimahalle Mah.,1191224994,11 Nisan 2025,125,104,3+1,7,Kombi (Doğalgaz),1,Kapalı,Var,Var,Açık Otopark,Hayır,Kiracılı,Hayır,Belirtilmemiş,250,Evet,Kat Mülkiyetli,Emlak Ofisinden,Hayır,13.0,1,4,7,1332,1191224994,2025-04-11,250,,292.0,27360.0
3525000,Esenevler Mah.,1239603336,11 Nisan 2025,110,100,2+1,4,Kombi (Doğalgaz),2,Kapalı,Var,Var,Açık Otopark,Hayır,Mülk Sahibi,Hayır,Belirtilmemiş,200,Evet,Kat Mülkiyetli,Emlak Ofisinden,Hayır,3.0,2,3,4,1380,1239603336,2025-04-11,200,,292.0,32045.454545454544
3550000,Yeşilyurt Mh.,1234097250,11 Nisan 2025,80,65,2+1,5,Kombi (Doğalgaz),1,Açık (Amerikan),Var,Var,Açık Otopark,Hayır,Boş,Hayır,Belirtilmemiş,Belirtilmemiş,Hayır,Kat İrtifaklı,Emlak Ofisinden,Hayır,0.0,3,3,5,1394,1234097250,2025-04-11,,,292.0,44375.0
3600000,Yeşilyurt Mh.,1160064430,11 Nisan 2025,75,65,2+1,6,Kombi (Doğalgaz),1,Açık (Amerikan),Var,Var,Açık Otopark,Hayır,Boş,Hayır,Belirtilmemiş,200,Evet,Kat İrtifaklı,Emlak Ofisinden,Evet,0.0,3,3,6,1412,1160064430,2025-04-11,200,,292.0,48000.0
3650000,Cumhuriyet Mah.,1214304017,11 Nisan 2025,145,130,3+1,4,Kombi (Doğalgaz),1,Kapalı,Var,Var,Yok,Hayır,Mülk Sahibi,Hayır,Belirtilmemiş,200,Evet,Kat Mülkiyetli,Emlak Ofisinden,Hayır,18.0,3,4,4,1423,1214304017,2025-04-11,200,,292.0,25172.41379310345
3700000,Mimarsinan Mah.,1210246734,11 Nisan 2025,155,140,3+1,5,Kombi (Doğalgaz),1,Kapalı,Var,Var,Açık Otopark,Hayır,Kiracılı,Hayır,Belirtilmemiş,250,Evet,Kat Mülkiyetli,Emlak Ofisinden,Hayır,18.0,1,4,5,1440,1210246734,2025-04-11,250,,292.0,23870.967741935485
3750000,İstiklal Mh.,1193468815,11 Nisan 2025,130,120,3+1,4,Kombi (Doğalgaz),2,Kapalı,Var,Var,Açık Otopark,Hayır,Kiracılı,Hayır,Belirtilmemiş,Belirtilmemiş,Evet,Kat Mülkiyetli,Sahibinden,Evet,2.0,1,4,4,1462,1193468815,2025-04-11,,,292.0,28846.153846153848
3770000,Esenevler Mah.,1214478328,11 Nisan 2025,110,100,3+1,3,Kombi (Doğalgaz),2,Açık (Amerikan),Var,Var,Açık Otopark,Hayır,Boş,Hayır,Belirtilmemiş,200,Evet,Hisseli Tapu,Sahibinden,Hayır,7.5,0,4,3,1483,1214478328,2025-04-11,200,,292.0,34272.72727272727
3850000,Yeşilyurt Mh.,1239536296,11 Nisan 2025,80,70,2+1,1,Klima,1,Açık (Amerikan),Var,Belirtilmemiş,Belirtilmemiş,Hayır,Boş,Hayır,Belirtilmemiş,Belirtilmemiş,Evet,Müstakil Tapulu,Emlak Ofisinden,Evet,0.0,0,3,1,1508,1239536296,2025-04-11,,,292.0,48125.0
3900000,Güzelyalı Mh.,1233976379,11 Nisan 2025,75,70,1+1,4,Kombi (Doğalgaz),1,Açık (Amerikan),Var,Var,Yok,Evet,Boş,Hayır,Belirtilmemiş,500,Belirtilmemiş,Müstakil Tapulu,Sahibinden,Hayır,7.5,4,2,4,1525,1233976379,2025-04-11,500,,292.0,52000.0
3995000,Mevlana Mah.,1239617944,11 Nisan 2025,90,80,2+1,5,Kombi (Doğalgaz),1,Kapalı,Var,Var,Açık & Kapalı Otopark,Hayır,Boş,Evet,Belirtilmemiş,0,Evet,Kat Mülkiyetli,Emlak Ofisinden,Hayır,0.0,2,3,5,1571,1239617944,2025-04-11,0,,292.0,44388.88888888889
4100000,İstiklal Mh.,1228258818,11 Nisan 2025,130,120,2+1,5,Kombi (Doğalgaz),2,Kapalı,Var,Var,Açık Otopark,Hayır,Boş,Hayır,Belirtilmemiş,0,Evet,Kat Mülkiyetli,Emlak Ofisinden,Belirtilmemiş,0.0,2,3,5,1619,1228258818,2025-04-11,0,,292.0,31538.46153846154
4100000,İstiklal Mh.,1239535454,11 Nisan 2025,140,128,3+1,5,Kombi (Doğalgaz),1,Kapalı,Var,Var,Açık Otopark,Hayır,Boş,Hayır,Belirtilmemiş,Belirtilmemiş,Evet,Kat Mülkiyetli,Emlak Ofisinden,Hayır,13.0,2,4,5,1620,1239535454,2025-04-11,,,292.0,29285.714285714286
4150000,Atakent Mh.,1227986893,11 Nisan 2025,190,155,5+2,5,Kombi (Doğalgaz),2,Kapalı,Var,Var,Yok,Hayır,Boş,Hayır,Belirtilmemiş,200,Evet,Kat İrtifaklı,Emlak Ofisinden,Hayır,18.0,5,7,5,1631,1227986893,2025-04-11,200,,292.0,21842.105263157893
4250000,Mevlana Mah.,1234122089,11 Nisan 2025,160,150,3+1,4,Kombi (Doğalgaz),1,Kapalı,Var,Var,Açık Otopark,Hayır,Boş,Hayır,Belirtilmemiş,100,Evet,Kat Mülkiyetli,Emlak Ofisinden,Hayır,4.0,3,4,4,1666,1234122089,2025-04-11,100,,292.0,26562.5
4300000,Körfez Mh.,1227863386,11 Nisan 2025,120,100,3+1,6,Kombi (Doğalgaz),1,Kapalı,Var,Yok,Açık Otopark,Hayır,Boş,Hayır,Belirtilmemiş,400,Hayır,Müstakil Tapulu,Emlak Ofisinden,Hayır,18.0,1,4,6,1685,1227863386,2025-04-11,400,,292.0,35833.333333333336
4350000,Atakent Mh.,1228265292,11 Nisan 2025,95,85,2+1,6,Kombi (Doğalgaz),2,Kapalı,Var,Var,Açık Otopark,Hayır,Boş,Hayır,Belirtilmemiş,250,Evet,Kat Mülkiyetli,Emlak Ofisinden,Hayır,2.0,6,3,6,1695,1228265292,2025-04-11,250,,292.0,45789.47368421053
4550000,Mevlana Mah.,1233931211,11 Nisan 2025,140,137,3+1,6,Kombi (Doğalgaz),2,Kapalı,Var,Var,Açık Otopark,Hayır,Mülk Sahibi,Hayır,Belirtilmemiş,250,Evet,Kat Mülkiyetli,Emlak Ofisinden,Hayır,7.5,1,4,6,1779,1233931211,2025-04-11,250,,292.0,32500.0
4650000,Körfez Mh.,1219493519,11 Nisan 2025,105,90,2+1,4,Yerden Isıtma,1,Açık (Amerikan),Var,Var,Açık Otopark,Hayır,Boş,Hayır,Belirtilmemiş,Belirtilmemiş,Hayır,Kat Mülkiyetli,Emlak Ofisinden,Hayır,0.0,3,3,4,1803,1219493519,2025-04-11,,,292.0,44285.71428571428
4700000,Mevlana Mah.,1228261865,11 Nisan 2025,145,130,3+1,5,Kombi (Doğalgaz),2,Kapalı,Var,Var,Açık Otopark,Hayır,Boş,Hayır,Belirtilmemiş,250,Evet,Kat Mülkiyetli,Emlak Ofisinden,Hayır,2.0,5,4,5,1818,1228261865,2025-04-11,250,,292.0,32413.793103448275
4750000,Balaç Mh.,1228268487,11 Nisan 2025,170,165,3+1,5,Kombi (Doğalgaz),2,Açık (Amerikan),Var,Var,Açık Otopark,Hayır,Boş,Hayır,Belirtilmemiş,250,Evet,Kat Mülkiyetli,Emlak Ofisinden,Hayır,2.0,4,4,5,1825,1228268487,2025-04-11,250,,292.0,27941.176470588234
4925000,Beypınar Mh.,1234079777,11 Nisan 2025,190,170,4+1,5,Kombi (Doğalgaz),2,Kapalı,Var,Var,Açık Otopark,Hayır,Boş,Hayır,Belirtilmemiş,Belirtilmemiş,Evet,Kat İrtifaklı,Emlak Ofisinden,Evet,0.0,3,5,5,1864,1234079777,2025-04-11,,,292.0,25921.052631578947
5000000,İstiklal Mh.,1239665357,11 Nisan 2025,110,90,2+1,3,Kombi (Doğalgaz),2,Açık (Amerikan),Var,Var,Açık Otopark,Hayır,Boş,Hayır,Belirtilmemiş,0,Hayır,Kat Mülkiyetli,Emlak Ofisinden,Evet,0.0,1,3,3,1901,1239665357,2025-04-11,0,,292.0,45454.545454545456
5200000,İstiklal Mh.,1216586482,11 Nisan 2025,165,130,3+1,3,Kombi (Doğalgaz),2,Kapalı,Var,Var,Açık Otopark,Hayır,Boş,Hayır,Belirtilmemiş,Belirtilmemiş,Evet,Kat Mülkiyetli,Emlak Ofisinden,Hayır,0.0,3,4,3,1936,1216586482,2025-04-11,,,292.0,31515.151515151516
5200000,Mimarsinan Mah.,1185906175,11 Nisan 2025,260,220,4+2,3,Kombi (Doğalgaz),3,Kapalı,Var,Yok,Açık Otopark,Hayır,Kiracılı,Hayır,Belirtilmemiş,50,Evet,Kat Mülkiyetli,Emlak Ofisinden,Hayır,13.0,3,6,3,1937,1185906175,2025-04-11,50,,292.0,20000.0
5400000,İstiklal Mh.,1234008038,11 Nisan 2025,200,180,4+1,4,Yerden Isıtma,2,Kapalı,Var,Var,Açık Otopark,Hayır,Boş,Hayır,Belirtilmemiş,Belirtilmemiş,Evet,Kat Mülkiyetli,Emlak Ofisinden,Evet,1.0,1,5,4,1977,1234008038,2025-04-11,,,292.0,27000.0
5500000,Mevlana Mah.,1216453958,11 Nisan 2025,160,135,3+1,7,Kombi (Doğalgaz),2,Kapalı,Var,Var,Açık Otopark,Hayır,Boş,Hayır,Belirtilmemiş,250,Evet,Kat Mülkiyetli,Emlak Ofisinden,Hayır,0.0,1,4,7,2004,1216453958,2025-04-11,250,,292.0,34375.0
5999000,Büyükkolpınar Mh.,1189207798,11 Nisan 2025,175,170,3+1,5,Yerden Isıtma,2,Kapalı,Var,Var,Açık Otopark,Hayır,Boş,Hayır,Belirtilmemiş,300,Evet,Kat Mülkiyetli,Emlak Ofisinden,Evet,0.0,2,4,5,2092,1189207798,2025-04-11,300,,292.0,34280.0
6000000,Esenevler Mah.,1136959599,11 Nisan 2025,260,235,4+1,4,Kombi (Doğalgaz),3,Kapalı,Var,Var,Açık Otopark,Hayır,Boş,Hayır,Belirtilmemiş,70,Evet,Kat Mülkiyetli,Emlak Ofisinden,Hayır,7.5,4,5,4,2106,1136959599,2025-04-11,70,,292.0,23076.923076923078
6600000,Mimarsinan Mah.,1215370611,11 Nisan 2025,180,160,3+1,7,Kombi (Doğalgaz),2,Kapalı,Var,Var,Açık Otopark,Hayır,Boş,Evet,Gözde Park Evleri,1100,Evet,Kat Mülkiyetli,Emlak Ofisinden,Evet,13.0,3,4,7,2188,1215370611,2025-04-11,1100,,292.0,36666.666666666664
7000000,Çobanlı Mh.,1239515942,11 Nisan 2025,160,148,3+1,9,Yerden Isıtma,2,Kapalı,Var,Var,Açık Otopark,Belirtilmemiş,Mülk Sahibi,Hayır,Belirtilmemiş,Belirtilmemiş,Belirtilmemiş,Kat Mülkiyetli,Sahibinden,Evet,0.0,6,4,9,2221,1239515942,2025-04-11,,,292.0,43750.0
7000000,İstiklal Mh.,1234047843,11 Nisan 2025,145,135,3+1,5,Yerden Isıtma,2,Kapalı,Var,Var,Açık Otopark,Hayır,Boş,Hayır,Belirtilmemiş,0,Evet,Kat Mülkiyetli,Emlak Ofisinden,Hayır,0.0,4,4,5,2222,1234047843,2025-04-11,0,,292.0,48275.862068965514
7200000,Cumhuriyet Mah.,1239121687,11 Nisan 2025,150,140,3+1,9,Kombi (Doğalgaz),2,Kapalı,Var,Var,Açık Otopark,Hayır,Boş,Hayır,Belirtilmemiş,Belirtilmemiş,Evet,Kat Mülkiyetli,Emlak Ofisinden,Hayır,2.0,5,4,9,2237,1239121687,2025-04-11,,,292.0,48000.0
7250000,Yenimahalle Mah.,1233259216,11 Nisan 2025,150,125,3+1,2,Kombi (Doğalgaz),1,Kapalı,Var,Yok,Yok,Hayır,Boş,Hayır,Belirtilmemiş,Belirtilmemiş,Evet,Kat Mülkiyetli,Emlak Ofisinden,Hayır,18.0,2,4,2,2241,1233259216,2025-04-11,,,292.0,48333.333333333336
7750000,Büyükoyumca Mh.,1221857551,11 Nisan 2025,200,180,4+1,9,Kombi (Doğalgaz),2,Kapalı,Var,Var,Açık Otopark,Hayır,Boş,Evet,Kayakent 2,Belirtilmemiş,Evet,Kat Mülkiyetli,Emlak Ofisinden,Hayır,4.0,8,5,9,2264,1221857551,2025-04-11,,,292.0,38750.0
1450000,Körfez Mh.,1222442479,12 Nisan 2025,45,40,1+1,5,Kombi (Doğalgaz),1,Açık (Amerikan),Yok,Var,Açık Otopark,Hayır,Boş,Hayır,Belirtilmemiş,Belirtilmemiş,Evet,Kat İrtifaklı,Emlak Ofisinden,Hayır,0.0,1,2,5,16,1222442479,2025-04-12,,,293.0,32222.222222222223
1575000,Körfez Mh.,1234217960,12 Nisan 2025,50,45,1+1,4,Yerden Isıtma,1,Açık (Amerikan),Yok,Var,Açık Otopark,Hayır,Boş,Hayır,Belirtilmemiş,0,Evet,Kat Mülkiyetli,Emlak Ofisinden,Hayır,0.0,1,2,4,48,1234217960,2025-04-12,0,,293.0,31500.0
1725000,İncesu Yalı Mh.,1222268582,12 Nisan 2025,60,50,1+1,4,Yerden Isıtma,1,Açık (Amerikan),Var,Var,Açık Otopark,Hayır,Boş,Hayır,Belirtilmemiş,Belirtilmemiş,Evet,Kat Mülkiyetli,Emlak Ofisinden,Hayır,1.0,1,2,4,103,1222268582,2025-04-12,,,293.0,28750.0
1800000,Körfez Mh.,1233893821,12 Nisan 2025,55,45,1+1,5,Kombi (Doğalgaz),1,Açık (Amerikan),Var,Var,Açık Otopark,Hayır,Boş,Hayır,Belirtilmemiş,Belirtilmemiş,Evet,Kat Mülkiyetli,Emlak Ofisinden,Evet,0.0,2,2,5,181,1233893821,2025-04-12,,,293.0,32727.272727272728
1875000,Körfez Mh.,1239719929,12 Nisan 2025,55,50,1+1,5,Kombi (Doğalgaz),1,Açık (Amerikan),Var,Var,Açık Otopark,Hayır,Boş,Hayır,Belirtilmemiş,Belirtilmemiş,Evet,Kat Mülkiyetli,Emlak Ofisinden,Hayır,0.0,3,2,5,264,1239719929,2025-04-12,,,293.0,34090.90909090909
1880000,Yeşildere Mh.,1228282024,12 Nisan 2025,50,40,1+1,3,Kombi (Doğalgaz),1,Kapalı,Var,Var,Açık Otopark,Hayır,Boş,Hayır,Belirtilmemiş,200,Hayır,Kat Mülkiyetli,Emlak Ofisinden,Hayır,0.0,0,2,3,279,1228282024,2025-04-12,200,,293.0,37600.0
1890000,İncesu Yalı Mh.,1233741856,12 Nisan 2025,50,45,1+1,5,Yerden Isıtma,1,Açık (Amerikan),Var,Var,Açık Otopark,Hayır,Boş,Hayır,Belirtilmemiş,Belirtilmemiş,Evet,Kat Mülkiyetli,Emlak Ofisinden,Evet,0.0,5,2,5,281,1233741856,2025-04-12,,,293.0,37800.0
1900000,Körfez Mh.,1239713998,12 Nisan 2025,55,50,1+1,6,Kombi (Doğalgaz),1,Açık (Amerikan),Var,Var,Açık Otopark,Evet,Boş,Hayır,Belirtilmemiş,100,Evet,Kat Mülkiyetli,Emlak Ofisinden,Hayır,0.0,1,2,6,305,1239713998,2025-04-12,100,,293.0,34545.454545454544
1950000,Körfez Mh.,1216525696,12 Nisan 2025,65,60,1+1,5,Kombi (Doğalgaz),1,Açık (Amerikan),Var,Var,Açık Otopark,Hayır,Boş,Hayır,Belirtilmemiş,50,Evet,Kat Mülkiyetli,Emlak Ofisinden,Hayır,0.0,1,2,5,354,1216525696,2025-04-12,50,,293.0,30000.0
2099000,İncesu Yalı Mh.,1215927160,12 Nisan 2025,58,45,1+1,8,Yerden Isıtma,1,Açık (Amerikan),Var,Var,Açık Otopark,Hayır,Boş,Hayır,Belirtilmemiş,Belirtilmemiş,Evet,Kat İrtifaklı,Emlak Ofisinden,Hayır,0.0,6,2,8,495,1215927160,2025-04-12,,,293.0,36189.65517241379
2175000,Körfez Mh.,1228616295,12 Nisan 2025,60,55,1+1,6,Kombi (Doğalgaz),1,Açık (Amerikan),Var,Var,Açık & Kapalı Otopark,Evet,Kiracılı,Evet,Belirtilmemiş,Belirtilmemiş,Evet,Kat Mülkiyetli,Sahibinden,Hayır,4.0,1,2,6,593,1228616295,2025-04-12,,,293.0,36250.0
2249000,Esenevler Mah.,1239722904,12 Nisan 2025,130,120,3+1,5,Kombi (Doğalgaz),1,Kapalı,Var,Var,Açık Otopark,Hayır,Boş,Hayır,Belirtilmemiş,150,Evet,Kat Mülkiyetli,Emlak Ofisinden,Evet,13.0,1,4,5,660,1239722904,2025-04-12,150,,293.0,17300.0
2250000,Alanlı Mh.,1234318608,12 Nisan 2025,60,55,1+1,5,Kombi (Doğalgaz),1,Açık (Amerikan),Var,Var,Açık Otopark,Hayır,Boş,Hayır,Belirtilmemiş,300,Evet,Kat İrtifaklı,Sahibinden,Evet,0.0,3,2,5,666,1234318608,2025-04-12,300,,293.0,37500.0
2250000,Körfez Mh.,1230597563,12 Nisan 2025,55,50,1+1,5,Kombi (Doğalgaz),1,Açık (Amerikan),Var,Var,Açık Otopark,Hayır,Boş,Hayır,Belirtilmemiş,0,Evet,Kat İrtifaklı,Emlak Ofisinden,Evet,0.0,4,2,5,687,1230597563,2025-04-12,0,,293.0,40909.09090909091
2399999,İncesu Mh.,1228219371,12 Nisan 2025,50,45,1+1,4,Kombi (Doğalgaz),1,Açık (Amerikan),Var,Var,Açık Otopark,Evet,Boş,Hayır,Belirtilmemiş,Belirtilmemiş,Evet,Kat Mülkiyetli,Sahibinden,Evet,0.0,4,2,4,818,1228219371,2025-04-12,,,293.0,47999.98
2500000,Yenimahalle Mah.,1229598784,12 Nisan 2025,55,50,1+1,8,Kombi (Doğalgaz),1,Açık (Amerikan),Var,Var,Açık Otopark,Evet,Kiracılı,Hayır,Belirtilmemiş,120,Evet,Kat Mülkiyetli,Sahibinden,Hayır,4.0,2,2,8,897,1229598784,2025-04-12,120,,293.0,45454.545454545456
2549000,Cumhuriyet Mah.,1233325756,12 Nisan 2025,110,100,2+1,4,Kombi (Doğalgaz),1,Açık (Amerikan),Var,Var,Açık Otopark,Hayır,Boş,Hayır,Belirtilmemiş,100,Evet,Kat Mülkiyetli,Emlak Ofisinden,Hayır,18.0,1,3,4,909,1233325756,2025-04-12,100,,293.0,23172.727272727272
2950000,Mimarsinan Mah.,1239707112,12 Nisan 2025,110,105,3+1,3,Kombi (Doğalgaz),1,Kapalı,Yok,Var,Açık Otopark,Hayır,Kiracılı,Hayır,Belirtilmemiş,Belirtilmemiş,Evet,Kat Mülkiyetli,Sahibinden,Evet,13.0,0,4,3,1141,1239707112,2025-04-12,,,293.0,26818.18181818182
3100000,Mevlana Mah.,1228119793,12 Nisan 2025,105,90,2+1,4,Yerden Isıtma,1,Kapalı,Var,Var,Açık Otopark,Hayır,Kiracılı,Hayır,Belirtilmemiş,Belirtilmemiş,Evet,Kat Mülkiyetli,Emlak Ofisinden,Hayır,1.0,3,3,4,1210,1228119793,2025-04-12,,,293.0,29523.809523809523
3450000,Mevlana Mah.,1234235592,12 Nisan 2025,110,90,2+1,4,Kombi (Doğalgaz),2,Kapalı,Var,Var,Açık Otopark,Hayır,Boş,Hayır,Belirtilmemiş,Belirtilmemiş,Evet,Kat Mülkiyetli,Emlak Ofisinden,Evet,0.0,2,3,4,1340,1234235592,2025-04-12,,,293.0,31363.636363636364
4250000,Mimarsinan Mah.,1190373972,12 Nisan 2025,150,130,3+1,5,Kombi (Doğalgaz),2,Kapalı,Var,Var,Kapalı Otopark,Hayır,Boş,Hayır,Belirtilmemiş,Belirtilmemiş,Evet,Kat Mülkiyetli,Sahibinden,Hayır,18.0,4,4,5,1667,1190373972,2025-04-12,,,293.0,28333.333333333332
4425000,Cumhuriyet Mah.,1228419035,12 Nisan 2025,200,185,3+1,4,Kombi (Doğalgaz),1,Kapalı,Var,Var,Kapalı Otopark,Hayır,Boş,Hayır,Belirtilmemiş,Belirtilmemiş,Evet,Kat Mülkiyetli,Emlak Ofisinden,Hayır,13.0,4,4,4,1730,1228419035,2025-04-12,,,293.0,22125.0
4490000,Körfez Mh.,1145357811,12 Nisan 2025,130,120,3+1,5,Kombi (Doğalgaz),1,Kapalı,Var,Var,Açık Otopark,Hayır,Mülk Sahibi,Hayır,Belirtilmemiş,350,Evet,Kat Mülkiyetli,Sahibinden,Hayır,13.0,5,4,5,1747,1145357811,2025-04-12,350,,293.0,34538.46153846154
4495000,Cumhuriyet Mah.,1232037033,12 Nisan 2025,155,150,3+1,4,Kombi (Doğalgaz),2,Kapalı,Var,Var,Açık Otopark,Hayır,Boş,Hayır,Belirtilmemiş,100,Evet,Kat Mülkiyetli,Emlak Ofisinden,Hayır,7.5,1,4,4,1748,1232037033,2025-04-12,100,,293.0,29000.0
4650000,Balaç Mh.,1215388835,12 Nisan 2025,115,100,2+1,4,Yerden Isıtma,2,Kapalı,Var,Var,Açık & Kapalı Otopark,Hayır,Boş,Evet,Belirtilmemiş,Belirtilmemiş,Evet,Kat İrtifaklı,Sahibinden,Evet,0.0,1,3,4,1801,1215388835,2025-04-12,,,293.0,40434.782608695656
6495000,Körfez Mh.,1228425299,12 Nisan 2025,90,78,2+1,5,Yerden Isıtma,2,Açık (Amerikan),Var,Var,Açık Otopark,Hayır,Boş,Hayır,Belirtilmemiş,100,Evet,Kat Mülkiyetli,Emlak Ofisinden,Hayır,0.0,3,3,5,2172,1228425299,2025-04-12,100,,293.0,72166.66666666667
6750000,Yeşildere Mh.,1222395834,12 Nisan 2025,145,130,3+1,6,Yerden Isıtma,2,Kapalı,Var,Var,Açık Otopark,Hayır,Boş,Hayır,Belirtilmemiş,Belirtilmemiş,Evet,Kat İrtifaklı,Emlak Ofisinden,Hayır,0.0,2,4,6,2197,1222395834,2025-04-12,,,293.0,46551.724137931036
2250000,Alanlı Mh.,1210503191,13 Nisan 2025,90,65,2+0,4,Yerden Isıtma,1,Kapalı,Var,Var,Açık & Kapalı Otopark,Hayır,Boş,Hayır,Belirtilmemiş,Belirtilmemiş,Evet,Kat İrtifaklı,Emlak Ofisinden,Evet,0.0,1,2,4,661,1210503191,2025-04-13,,,294.0,25000.0
2300000,İncesu Mh.,1239946235,13 Nisan 2025,55,50,1+1,5,Kombi (Doğalgaz),1,Açık (Amerikan),Var,Var,Açık Otopark,Belirtilmemiş,Boş,Hayır,Belirtilmemiş,Belirtilmemiş,Evet,Kat Mülkiyetli,Sahibinden,Hayır,0.0,2,2,5,735,1239946235,2025-04-13,,,294.0,41818.181818181816
3650000,Güzelyurt Mh.,1240034674,13 Nisan 2025,90,82,2+1,4,Yerden Isıtma,1,Kapalı,Var,Var,Açık Otopark,Hayır,Boş,Hayır,Belirtilmemiş,Belirtilmemiş,Belirtilmemiş,Kat İrtifaklı,Sahibinden,Hayır,0.0,2,3,4,1425,1240034674,2025-04-13,,,294.0,40555.555555555555
3850000,Alanlı Mh.,1220747601,13 Nisan 2025,95,75,2+1,2,Kombi (Doğalgaz),1,Açık (Amerikan),Var,Yok,Yok,Hayır,Boş,Hayır,Belirtilmemiş,Belirtilmemiş,Evet,Kat Mülkiyetli,Emlak Ofisinden,Evet,0.0,1,3,2,1501,1220747601,2025-04-13,,,294.0,40526.31578947369
4100000,Alanlı Mh.,1224441787,13 Nisan 2025,130,120,3+1,9,Kombi (Doğalgaz),1,Açık (Amerikan),Var,Var,Yok,Hayır,Boş,Hayır,Belirtilmemiş,0,Hayır,Kat İrtifaklı,Emlak Ofisinden,Hayır,0.0,6,4,9,1616,1224441787,2025-04-13,0,,294.0,31538.46153846154
4225000,Atakent Mh.,1201742827,13 Nisan 2025,155,130,3+1,5,Yerden Isıtma,2,Kapalı,Var,Var,Açık Otopark,Hayır,Boş,Hayır,Belirtilmemiş,500,Evet,Kat Mülkiyetli,Sahibinden,Hayır,1.0,5,4,5,1654,1201742827,2025-04-13,500,,294.0,27258.064516129034
1850000,Alanlı Mh.,1165798340,14 Nisan 2025,55,49,1+1,6,Kombi (Doğalgaz),1,Açık (Amerikan),Var,Var,Açık Otopark,Hayır,Boş,Hayır,Belirtilmemiş,Belirtilmemiş,Evet,Kat Mülkiyetli,Emlak Ofisinden,Evet,0.0,2,2,6,215,1165798340,2025-04-14,,,295.0,33636.36363636364
1850000,Körfez Mh.,1228593511,14 Nisan 2025,50,40,1+1,6,Kombi (Doğalgaz),1,Açık (Amerikan),Var,Var,Açık Otopark,Hayır,Boş,Hayır,Belirtilmemiş,Belirtilmemiş,Evet,Kat Mülkiyetli,Emlak Ofisinden,Evet,0.0,4,2,6,244,1228593511,2025-04-14,,,295.0,37000.0
2000000,Körfez Mh.,1240265235,14 Nisan 2025,55,45,1+1,5,Kombi (Doğalgaz),1,Açık (Amerikan),Var,Var,Açık Otopark,Hayır,Boş,Hayır,Belirtilmemiş,Belirtilmemiş,Evet,Kat İrtifaklı,Sahibinden,Evet,0.0,2,2,5,427,1240265235,2025-04-14,,,295.0,36363.63636363636
2050000,Körfez Mh.,1240259619,14 Nisan 2025,65,50,1+1,6,Kombi (Doğalgaz),1,Açık (Amerikan),Var,Var,Açık Otopark,Hayır,Boş,Hayır,Belirtilmemiş,Belirtilmemiş,Hayır,Kat İrtifaklı,Sahibinden,Hayır,1.0,4,2,6,470,1240259619,2025-04-14,,,295.0,31538.46153846154
2475000,İstiklal Mh.,1240080827,14 Nisan 2025,96,50,1+1,5,Kombi (Doğalgaz),1,Açık (Amerikan),Var,Var,Açık & Kapalı Otopark,Hayır,Boş,Hayır,Belirtilmemiş,350,Evet,Kat Mülkiyetli,Sahibinden,Evet,0.0,1,2,5,864,1240080827,2025-04-14,350,,295.0,25781.25
2820000,Alanlı Mh.,1233991252,14 Nisan 2025,77,62,2+1,4,Yerden Isıtma,1,Açık (Amerikan),Var,Var,Açık Otopark,Hayır,Boş,Hayır,Belirtilmemiş,0,Evet,Kat Mülkiyetli,Emlak Ofisinden,Hayır,0.0,3,3,4,1083,1233991252,2025-04-14,0,,295.0,36623.37662337662
3550000,Atatepe,1233386942,14 Nisan 2025,120,105,2+1,5,Kombi (Doğalgaz),2,Kapalı,Var,Var,Açık & Kapalı Otopark,Hayır,Boş,Hayır,Belirtilmemiş,250,Evet,Kat İrtifaklı,Sahibinden,Evet,0.0,2,3,5,1388,1233386942,2025-04-14,250,,295.0,29583.333333333332
4400000,Atakent Mh.,1240186859,14 Nisan 2025,135,122,3+1,4,Kombi (Doğalgaz),1,Kapalı,Var,Var,Açık Otopark,Hayır,Mülk Sahibi,Hayır,Belirtilmemiş,200,Evet,Kat Mülkiyetli,Sahibinden,Hayır,13.0,4,4,4,1721,1240186859,2025-04-14,200,,295.0,32592.59259259259
4500000,Alanlı Mh.,1211093688,14 Nisan 2025,105,95,2+1,6,Yerden Isıtma,2,Açık (Amerikan),Var,Var,Açık Otopark,Hayır,Boş,Hayır,Belirtilmemiş,Belirtilmemiş,Evet,Müstakil Tapulu,Emlak Ofisinden,Evet,0.0,6,3,6,1753,1211093688,2025-04-14,,,295.0,42857.142857142855
4599000,Balaç Mh.,1240248048,14 Nisan 2025,110,95,2+1,4,Yerden Isıtma,2,Kapalı,Var,Var,Açık & Kapalı Otopark,Hayır,Boş,Hayır,Belirtilmemiş,200,Evet,Kat Mülkiyetli,Emlak Ofisinden,Hayır,0.0,4,3,4,1786,1240248048,2025-04-14,200,,295.0,41809.09090909091
4650000,Alanlı Mh.,1234538882,14 Nisan 2025,130,115,2+1,5,Kombi (Doğalgaz),2,Kapalı,Var,Var,Açık Otopark,Hayır,Boş,Hayır,Belirtilmemiş,Belirtilmemiş,Evet,Kat Mülkiyetli,Emlak Ofisinden,Evet,0.0,5,3,5,1799,1234538882,2025-04-14,,,295.0,35769.230769230766
4800000,İstiklal Mh.,1240131048,14 Nisan 2025,135,120,3+1,5,Kombi (Doğalgaz),2,Kapalı,Var,Var,Açık Otopark,Hayır,Kiracılı,Evet,Kuzey Kent Sitesi,250,Belirtilmemiş,Kat Mülkiyetli,Sahibinden,Hayır,7.5,4,4,5,1840,1240131048,2025-04-14,250,,295.0,35555.555555555555
5100000,Balaç Mh.,1229519301,14 Nisan 2025,165,155,3+1,3,Kombi (Doğalgaz),2,Kapalı,Var,Var,Açık Otopark,Hayır,Boş,Hayır,Belirtilmemiş,300,Evet,Kat Mülkiyetli,Sahibinden,Hayır,4.0,3,4,3,1922,1229519301,2025-04-14,300,,295.0,30909.090909090908
5250000,Atakent Mh.,1240135708,14 Nisan 2025,160,135,3+1,7,Kombi (Doğalgaz),2,Kapalı,Var,Var,Açık Otopark,Hayır,Kiracılı,Evet,Armada Sitesi,Belirtilmemiş,Hayır,Kat Mülkiyetli,Sahibinden,Hayır,13.0,6,4,7,1944,1240135708,2025-04-14,,,295.0,32812.5
5650000,Alanlı Mh.,1215954211,14 Nisan 2025,175,150,3+1,6,Yerden Isıtma,2,Kapalı,Var,Var,Açık Otopark,Hayır,Boş,Hayır,Belirtilmemiş,350,Evet,Müstakil Tapulu,Emlak Ofisinden,Evet,1.0,3,4,6,2043,1215954211,2025-04-14,350,,295.0,32285.714285714286
1990000,Büyükoyumca Mh.,1240446435,15 Nisan 2025,51,40,1+1,4,Yerden Isıtma,1,Açık (Amerikan),Var,Var,Açık & Kapalı Otopark,Hayır,Boş,Evet,Belirtilmemiş,Belirtilmemiş,Evet,Kat İrtifaklı,Sahibinden,Evet,0.0,3,2,4,390,1240446435,2025-04-15,,,296.0,39019.60784313725
2050000,Çobanlı Mh.,1229185537,15 Nisan 2025,50,45,1+1,4,Kombi (Doğalgaz),1,Açık (Amerikan),Var,Var,Açık Otopark,Hayır,Boş,Hayır,Belirtilmemiş,Belirtilmemiş,Evet,Kat İrtifaklı,Sahibinden,Hayır,0.0,1,2,4,458,1229185537,2025-04-15,,,296.0,41000.0
2050000,Körfez Mh.,1240287068,15 Nisan 2025,60,55,1+1,5,Yerden Isıtma,1,Açık (Amerikan),Var,Var,Açık Otopark,Hayır,Boş,Hayır,Belirtilmemiş,50,Evet,Kat Mülkiyetli,Sahibinden,Hayır,0.0,1,2,5,469,1240287068,2025-04-15,50,,296.0,34166.666666666664
2300000,Büyükoyumca Mh.,1240453576,15 Nisan 2025,52,40,1+1,4,Yerden Isıtma,1,Açık (Amerikan),Var,Var,Açık & Kapalı Otopark,Hayır,Boş,Hayır,Belirtilmemiş,Belirtilmemiş,Evet,Kat İrtifaklı,Sahibinden,Evet,0.0,4,2,4,729,1240453576,2025-04-15,,,296.0,44230.769230769234
3850000,Cumhuriyet Mah.,1240400228,15 Nisan 2025,120,110,2+1,5,Kombi (Doğalgaz),1,Kapalı,Var,Var,Yok,Belirtilmemiş,Mülk Sahibi,Hayır,Belirtilmemiş,Belirtilmemiş,Belirtilmemiş,Kat Mülkiyetli,Sahibinden,Hayır,18.0,1,3,5,1503,1240400228,2025-04-15,,,296.0,32083.333333333332
4500000,Yeşildere Mh.,1198109965,15 Nisan 2025,135,120,3+1,5,Kombi (Doğalgaz),2,Kapalı,Var,Var,Açık Otopark,Belirtilmemiş,Boş,Evet,Belirtilmemiş,Belirtilmemiş,Evet,Müstakil Tapulu,Sahibinden,Evet,0.0,4,4,5,1768,1198109965,2025-04-15,,,296.0,33333.333333333336
5500000,Mimarsinan Mah.,1055935818,15 Nisan 2025,150,130,3+1,5,Kombi (Doğalgaz),1,Kapalı,Var,Var,Kapalı Otopark,Evet,Mülk Sahibi,Hayır,Belirtilmemiş,150,Evet,Kat Mülkiyetli,Sahibinden,Evet,13.0,5,4,5,2008,1055935818,2025-04-15,150,,296.0,36666.666666666664
5900000,Atakent Mh.,1234891255,15 Nisan 2025,175,145,3+1,8,Kombi (Doğalgaz),2,Kapalı,Var,Var,Açık Otopark,Hayır,Mülk Sahibi,Hayır,Belirtilmemiş,450,Evet,Kat Mülkiyetli,Sahibinden,Evet,4.0,4,4,8,2076,1234891255,2025-04-15,450,,296.0,33714.28571428572
7755000,Güzelyalı Mh.,1240379034,15 Nisan 2025,140,120,3+1,3,Kombi (Doğalgaz),2,Kapalı,Var,Yok,Yok,Hayır,Mülk Sahibi,Hayır,Belirtilmemiş,500,Evet,Kat Mülkiyetli,Emlak Ofisinden,Hayır,18.0,0,4,3,2268,1240379034,2025-04-15,500,,296.0,55392.857142857145
1750000,Alanlı Mh.,1229107174,16 Nisan 2025,55,48,1+1,1,Kombi (Doğalgaz),1,Açık (Amerikan),Var,Var,Açık Otopark,Hayır,Boş,Hayır,Belirtilmemiş,Belirtilmemiş,Hayır,Kat Mülkiyetli,Emlak Ofisinden,Hayır,0.0,0,2,1,121,1229107174,2025-04-16,,,297.0,31818.18181818182
1750000,Alanlı Mh.,1167569347,16 Nisan 2025,60,50,1+1,7,Kombi (Doğalgaz),1,Açık (Amerikan),Var,Var,Açık Otopark,Hayır,Kiracılı,Hayır,Belirtilmemiş,150,Evet,Kat Mülkiyetli,Emlak Ofisinden,Evet,3.0,5,2,7,122,1167569347,2025-04-16,150,,297.0,29166.666666666668
1900000,Büyükoyumca Mh.,1240662007,16 Nisan 2025,50,45,1+1,7,Kombi (Doğalgaz),1,Açık (Amerikan),Var,Var,Açık Otopark,Belirtilmemiş,Boş,Hayır,Belirtilmemiş,Belirtilmemiş,Belirtilmemiş,Kat Mülkiyetli,Sahibinden,Evet,0.0,2,2,7,293,1240662007,2025-04-16,,,297.0,38000.0
2250000,Büyükoyumca Mh.,1240701916,16 Nisan 2025,55,48,1+1,6,Kombi (Doğalgaz),1,Açık (Amerikan),Var,Var,Açık Otopark,Belirtilmemiş,Boş,Hayır,Belirtilmemiş,Belirtilmemiş,Belirtilmemiş,Kat Mülkiyetli,Sahibinden,Evet,0.0,2,2,6,667,1240701916,2025-04-16,,,297.0,40909.09090909091
2350000,Alanlı Mh.,1240690637,16 Nisan 2025,55,50,1+1,3,Yerden Isıtma,1,Açık (Amerikan),Var,Var,Açık Otopark,Hayır,Boş,Hayır,Belirtilmemiş,Belirtilmemiş,Evet,Kat Mülkiyetli,Emlak Ofisinden,Hayır,0.0,2,2,3,774,1240690637,2025-04-16,,,297.0,42727.27272727273
2600000,Küçükkolpınar Mh.,1240703568,16 Nisan 2025,110,95,2+1,4,Yerden Isıtma,2,Kapalı,Yok,Var,Açık Otopark,Hayır,Boş,Hayır,Belirtilmemiş,Belirtilmemiş,Evet,Kat Mülkiyetli,Sahibinden,Hayır,0.0,0,3,4,942,1240703568,2025-04-16,,,297.0,23636.363636363636
3125000,Yenimahalle Mah.,1240557278,16 Nisan 2025,65,60,1+1,8,Kombi (Doğalgaz),1,Açık (Amerikan),Var,Var,Açık & Kapalı Otopark,Evet,Boş,Hayır,Belirtilmemiş,400,Evet,Kat Mülkiyetli,Sahibinden,Hayır,7.5,3,2,8,1226,1240557278,2025-04-16,400,,297.0,48076.92307692308
4850000,Balaç Mh.,1240588644,16 Nisan 2025,180,160,3+1,6,Kombi (Doğalgaz),2,Kapalı,Var,Var,Açık Otopark,Hayır,Boş,Hayır,Belirtilmemiş,250,Evet,Kat Mülkiyetli,Sahibinden,Hayır,4.0,2,4,6,1848,1240588644,2025-04-16,250,,297.0,26944.444444444445
5050000,Körfez Mh.,1176549270,16 Nisan 2025,115,114,2+1,5,Kombi (Doğalgaz),1,Açık (Amerikan),Var,Var,Açık Otopark,Evet,Boş,Hayır,Belirtilmemiş,270,Evet,Kat İrtifaklı,Sahibinden,Evet,1.0,5,3,5,1919,1176549270,2025-04-16,270,,297.0,43913.04347826087
6000000,Alanlı Mh.,1213255550,16 Nisan 2025,161,150,4+1,7,Yerden Isıtma,3,Kapalı,Var,Var,Açık Otopark,Hayır,Boş,Hayır,Belirtilmemiş,370,Evet,Kat Mülkiyetli,Emlak Ofisinden,Hayır,1.0,1,5,7,2093,1213255550,2025-04-16,370,,297.0,37267.08074534161
1675000,Büyükoyumca Mh.,1240809958,17 Nisan 2025,55,47,1+1,6,Yerden Isıtma,1,Açık (Amerikan),Var,Var,Açık Otopark,Evet,Boş,Hayır,Belirtilmemiş,200,Evet,Kat İrtifaklı,Emlak Ofisinden,Hayır,0.0,0,2,6,78,1240809958,2025-04-17,200,,298.0,30454.545454545456
1700000,Çakırlar Yalı Mh.,1227439965,17 Nisan 2025,68,43,1+1,4,Yerden Isıtma,1,Açık (Amerikan),Var,Var,Açık Otopark,Hayır,Boş,Hayır,Belirtilmemiş,Belirtilmemiş,Evet,Kat Mülkiyetli,Sahibinden,Evet,0.0,0,2,4,96,1227439965,2025-04-17,,,298.0,25000.0
1975000,Körfez Mh.,1240875528,17 Nisan 2025,55,50,1+1,3,Kombi (Doğalgaz),1,Açık (Amerikan),Var,Var,Açık Otopark,Evet,Boş,Hayır,Belirtilmemiş,250,Evet,Kat Mülkiyetli,Emlak Ofisinden,Hayır,0.0,2,2,3,373,1240875528,2025-04-17,250,,298.0,35909.09090909091
2000000,Büyükoyumca Mh.,1240902520,17 Nisan 2025,46,35,1+1,4,Kombi (Doğalgaz),1,Açık (Amerikan),Var,Var,Açık Otopark,Hayır,Boş,Hayır,Belirtilmemiş,0,Hayır,Kat İrtifaklı,Sahibinden,Hayır,0.0,4,2,4,408,1240902520,2025-04-17,0,,298.0,43478.260869565216
2300000,Yenimahalle Mah.,1240849799,17 Nisan 2025,65,55,1+1,5,Kombi (Doğalgaz),1,Açık (Amerikan),Var,Var,Açık Otopark,Belirtilmemiş,Boş,Hayır,Belirtilmemiş,Belirtilmemiş,Belirtilmemiş,Kat Mülkiyetli,Sahibinden,Evet,0.0,4,2,5,750,1240849799,2025-04-17,,,298.0,35384.61538461538
2500000,Esenevler Mah.,1235078904,17 Nisan 2025,55,45,1+1,3,Kombi (Doğalgaz),1,Açık (Amerikan),Var,Var,Yok,Hayır,Boş,Hayır,Belirtilmemiş,0,Evet,Kat İrtifaklı,Sahibinden,Hayır,3.0,3,2,3,888,1235078904,2025-04-17,0,,298.0,45454.545454545456
2650000,Yenimahalle Mah.,1221990001,17 Nisan 2025,65,50,1+1,5,Kombi (Doğalgaz),1,Açık (Amerikan),Var,Var,Açık Otopark,Hayır,Mülk Sahibi,Hayır,Belirtilmemiş,400,Evet,Kat Mülkiyetli,Sahibinden,Evet,1.0,3,2,5,982,1221990001,2025-04-17,400,,298.0,40769.230769230766
3500000,Büyükoyumca Mh.,1240929373,17 Nisan 2025,75,70,2+1,5,Merkezi,2,Açık (Amerikan),Var,Var,Açık Otopark,Hayır,Boş,Hayır,Belirtilmemiş,0,Evet,Kat Mülkiyetli,Sahibinden,Evet,0.0,3,3,5,1354,1240929373,2025-04-17,0,,298.0,46666.666666666664
4400000,Büyükkolpınar Mh.,1228801879,17 Nisan 2025,135,125,3+1,6,Yerden Isıtma,2,Kapalı,Var,Var,Açık Otopark,Hayır,Boş,Hayır,Belirtilmemiş,100,Evet,Kat Mülkiyetli,Emlak Ofisinden,Evet,0.0,5,4,6,1724,1228801879,2025-04-17,100,,298.0,32592.59259259259
4800000,Mevlana Mah.,1218829750,17 Nisan 2025,135,120,2+1,3,Yerden Isıtma,2,Kapalı,Var,Var,Açık Otopark,Hayır,Boş,Hayır,Belirtilmemiş,200,Evet,Kat Mülkiyetli,Sahibinden,Evet,0.0,3,3,3,1841,1218829750,2025-04-17,200,,298.0,35555.555555555555
5500000,Mevlana Mah.,1198981651,17 Nisan 2025,170,155,3+1,7,Kombi (Doğalgaz),2,Kapalı,Var,Var,Açık Otopark,Evet,Mülk Sahibi,Evet,Yayla Konak Evleri,800,Evet,Kat Mülkiyetli,Sahibinden,Evet,13.0,6,4,7,2005,1198981651,2025-04-17,800,,298.0,32352.941176470587
7150000,Alanlı Mh.,1217691429,17 Nisan 2025,220,200,4+1,9,Kombi (Doğalgaz),2,Kapalı,Var,Var,Açık Otopark,Hayır,Kiracılı,Hayır,Belirtilmemiş,Belirtilmemiş,Evet,Kat Mülkiyetli,Emlak Ofisinden,Hayır,3.0,5,5,9,2231,1217691429,2025-04-17,,,298.0,32500.0
3350000,Körfez Mh.,1241154692,18 Nisan 2025,105,92,2+1,5,Kombi (Doğalgaz),2,Kapalı,Var,Var,Açık Otopark,Hayır,Mülk Sahibi,Hayır,Belirtilmemiş,300,Evet,Kat Mülkiyetli,Sahibinden,Hayır,4.0,4,3,5,1311,1241154692,2025-04-18,300,,299.0,31904.761904761905
3350000,Körfez Mh.,1241088516,18 Nisan 2025,93,90,2+1,3,Kombi (Doğalgaz),2,Açık (Amerikan),Var,Var,Açık Otopark,Hayır,Boş,Hayır,Belirtilmemiş,0,Evet,Kat Mülkiyetli,Emlak Ofisinden,Hayır,0.0,2,3,3,1312,1241088516,2025-04-18,0,,299.0,36021.50537634409
3600000,Alanlı Mh.,1205689686,18 Nisan 2025,110,90,2+1,6,Kombi (Doğalgaz),2,Kapalı,Var,Var,Açık Otopark,Hayır,Boş,Hayır,Belirtilmemiş,Belirtilmemiş,Evet,Kat İrtifaklı,Emlak Ofisinden,Hayır,0.0,6,3,6,1405,1205689686,2025-04-18,,,299.0,32727.272727272728
4100000,Alanlı Mh.,1234574797,18 Nisan 2025,113,92,2+1,5,Yerden Isıtma,2,Kapalı,Var,Var,Açık Otopark,Hayır,Boş,Hayır,Belirtilmemiş,Belirtilmemiş,Evet,Kat İrtifaklı,Emlak Ofisinden,Hayır,0.0,2,3,5,1615,1234574797,2025-04-18,,,299.0,36283.18584070796
4500000,Atakent Mh.,1229813024,18 Nisan 2025,140,125,3+1,7,Kombi (Doğalgaz),1,Kapalı,Var,Var,Açık Otopark,Hayır,Mülk Sahibi,Evet,Alsancak Sitesi,Belirtilmemiş,Hayır,Kat Mülkiyetli,Bankadan,Hayır,13.0,2,4,7,1754,1229813024,2025-04-18,,,299.0,32142.85714285714
7100000,Esenevler Mah.,1233225999,18 Nisan 2025,120,110,3+1,4,Kombi (Doğalgaz),2,Açık (Amerikan),Var,Var,Açık Otopark,Hayır,Mülk Sahibi,Hayır,Belirtilmemiş,200,Evet,Kat Mülkiyetli,Sahibinden,Hayır,4.0,1,4,4,2229,1233225999,2025-04-18,200,,299.0,59166.666666666664
1750000,Alanlı Mh.,1229901239,19 Nisan 2025,45,38,1+1,5,Kombi (Doğalgaz),1,Açık (Amerikan),Var,Var,Açık Otopark,Hayır,Boş,Hayır,Belirtilmemiş,Belirtilmemiş,Evet,Kat İrtifaklı,Emlak Ofisinden,Hayır,1.0,5,2,5,119,1229901239,2025-04-19,,,300.0,38888.88888888889
1750000,Alanlı Mh.,1226026084,19 Nisan 2025,60,47,1+1,5,Yerden Isıtma,1,Açık (Amerikan),Var,Var,Açık Otopark,Hayır,Boş,Hayır,Belirtilmemiş,Belirtilmemiş,Evet,Kat Mülkiyetli,Emlak Ofisinden,Evet,0.0,1,2,5,120,1226026084,2025-04-19,,,300.0,29166.666666666668
1900000,İncesu Yalı Mh.,1183826135,19 Nisan 2025,60,50,1+1,5,Kombi (Doğalgaz),1,Açık (Amerikan),Var,Var,Açık Otopark,Hayır,Boş,Hayır,Belirtilmemiş,200,Hayır,Kat Mülkiyetli,Sahibinden,Evet,0.0,2,2,5,301,1183826135,2025-04-19,200,,300.0,31666.666666666668
1950000,Alanlı Mh.,1228641493,19 Nisan 2025,64,54,1+1,6,Yerden Isıtma,1,Açık (Amerikan),Var,Var,Açık Otopark,Hayır,Boş,Hayır,Belirtilmemiş,Belirtilmemiş,Evet,Kat Mülkiyetli,Sahibinden,Evet,0.0,2,2,6,328,1228641493,2025-04-19,,,300.0,30468.75
2000000,Alanlı Mh.,1210480082,19 Nisan 2025,60,50,1+1,4,Yerden Isıtma,1,Açık (Amerikan),Var,Var,Açık & Kapalı Otopark,Hayır,Boş,Hayır,Belirtilmemiş,Belirtilmemiş,Evet,Kat İrtifaklı,Emlak Ofisinden,Evet,0.0,1,2,4,402,1210480082,2025-04-19,,,300.0,33333.333333333336
2100000,Körfez Mh.,1235696210,19 Nisan 2025,55,45,1+1,6,Kombi (Doğalgaz),1,Kapalı,Var,Var,Açık Otopark,Hayır,Boş,Hayır,Belirtilmemiş,425,Hayır,Müstakil Tapulu,Emlak Ofisinden,Hayır,2.0,3,2,6,528,1235696210,2025-04-19,425,,300.0,38181.818181818184
2250000,Mevlana Mah.,1241245652,19 Nisan 2025,55,46,1+1,5,Kombi (Doğalgaz),1,Açık (Amerikan),Var,Var,Açık Otopark,Evet,Kiracılı,Hayır,Belirtilmemiş,500,Evet,Müstakil Tapulu,Emlak Ofisinden,Hayır,1.0,3,2,5,698,1241245652,2025-04-19,500,,300.0,40909.09090909091
2350000,Alanlı Mh.,1215232383,19 Nisan 2025,110,90,3+1,5,Kombi (Doğalgaz),2,Açık (Amerikan),Var,Var,Açık Otopark,Hayır,Boş,Hayır,Belirtilmemiş,Belirtilmemiş,Evet,Kat İrtifaklı,Emlak Ofisinden,Hayır,0.0,-2,4,5,773,1215232383,2025-04-19,,,300.0,21363.636363636364
2650000,Körfez Mh.,1241288877,19 Nisan 2025,60,50,1+1,5,Yerden Isıtma,1,Açık (Amerikan),Var,Var,Açık Otopark,Hayır,Boş,Hayır,Belirtilmemiş,Belirtilmemiş,Evet,Kat Mülkiyetli,Sahibinden,Evet,0.0,1,2,5,974,1241288877,2025-04-19,,,300.0,44166.666666666664
2950000,Yenimahalle Mah.,1235637566,19 Nisan 2025,60,55,1+1,6,Kombi (Doğalgaz),1,Açık (Amerikan),Var,Var,Açık Otopark,Hayır,Mülk Sahibi,Hayır,Belirtilmemiş,390,Evet,Kat Mülkiyetli,Sahibinden,Evet,7.5,5,2,6,1144,1235637566,2025-04-19,390,,300.0,49166.666666666664
3100000,Yenimahalle Mah.,1205725089,19 Nisan 2025,155,140,3+1,6,Kombi (Doğalgaz),1,Kapalı,Var,Var,Açık Otopark,Hayır,Boş,Hayır,Belirtilmemiş,300,Evet,Kat İrtifaklı,Emlak Ofisinden,Hayır,13.0,5,4,6,1213,1205725089,2025-04-19,300,,300.0,20000.0
3400000,Alanlı Mh.,1208761069,19 Nisan 2025,100,90,2+1,5,Kombi (Doğalgaz),1,Kapalı,Var,Var,Açık Otopark,Hayır,Boş,Hayır,Belirtilmemiş,0,Evet,Kat Mülkiyetli,Emlak Ofisinden,Hayır,0.0,4,3,5,1323,1208761069,2025-04-19,0,,300.0,34000.0
3750000,Alanlı Mh.,1223905678,19 Nisan 2025,115,100,2+1,6,Kombi (Doğalgaz),2,Kapalı,Var,Var,Açık Otopark,Hayır,Boş,Hayır,Belirtilmemiş,1,Evet,Kat İrtifaklı,Emlak Ofisinden,Hayır,0.0,6,3,6,1454,1223905678,2025-04-19,1,,300.0,32608.695652173912
3850000,Körfez Mh.,1241258744,19 Nisan 2025,200,165,3+1,6,Kombi (Doğalgaz),2,Kapalı,Var,Var,Açık Otopark,Hayır,Mülk Sahibi,Hayır,Belirtilmemiş,250,Evet,Müstakil Tapulu,Emlak Ofisinden,Evet,7.5,4,4,6,1505,1241258744,2025-04-19,250,,300.0,19250.0
3960000,İstiklal Mh.,1241293654,19 Nisan 2025,125,108,2+1,5,Kombi (Doğalgaz),2,Kapalı,Var,Var,Açık Otopark,Hayır,Mülk Sahibi,Hayır,Belirtilmemiş,Belirtilmemiş,Evet,Kat Mülkiyetli,Sahibinden,Hayır,4.0,4,3,5,1567,1241293654,2025-04-19,,,300.0,31680.0
6000000,Körfez Mh.,1142626817,19 Nisan 2025,135,125,2+1,4,Merkezi (Pay Ölçer),1,Açık (Amerikan),Var,Var,Açık & Kapalı Otopark,Hayır,Mülk Sahibi,Hayır,Belirtilmemiş,500,Evet,Kat Mülkiyetli,Sahibinden,Evet,7.5,1,3,4,2108,1142626817,2025-04-19,500,,300.0,44444.444444444445
6550000,Beypınar Mh.,1235407971,19 Nisan 2025,179,175,3+1,4,Yerden Isıtma,2,Kapalı,Var,Var,Açık Otopark,Hayır,Boş,Hayır,Belirtilmemiş,600,Evet,Müstakil Tapulu,Emlak Ofisinden,Evet,0.0,3,4,4,2186,1235407971,2025-04-19,600,,300.0,36592.17877094972
1600000,İncesu Yalı Mh.,1241482500,20 Nisan 2025,39,34,1+1,4,Yerden Isıtma,1,Açık (Amerikan),Yok,Var,Açık Otopark,Evet,Mülk Sahibi,Hayır,Belirtilmemiş,550,Evet,Kat Mülkiyetli,Sahibinden,Evet,0.0,1,2,4,55,1241482500,2025-04-20,550,,301.0,41025.64102564102
1700000,Yenimahalle Mah.,1207981646,20 Nisan 2025,60,55,1+1,5,Kombi (Doğalgaz),1,Açık (Amerikan),Var,Var,Açık Otopark,Evet,Kiracılı,Hayır,Belirtilmemiş,Belirtilmemiş,Evet,Kat Mülkiyetli,Emlak Ofisinden,Hayır,4.0,-2,2,5,100,1207981646,2025-04-20,,,301.0,28333.333333333332
1880000,Esenevler Mah.,1204128143,20 Nisan 2025,60,50,1+1,5,Kombi (Doğalgaz),1,Açık (Amerikan),Yok,Var,Açık Otopark,Hayır,Boş,Hayır,Belirtilmemiş,100,Evet,Müstakil Tapulu,Sahibinden,Evet,0.0,1,2,5,276,1204128143,2025-04-20,100,,301.0,31333.333333333332
2050000,Yenimahalle Mah.,1218159568,20 Nisan 2025,60,52,1+1,6,Yerden Isıtma,1,Açık (Amerikan),Var,Var,Açık Otopark,Hayır,Boş,Hayır,Belirtilmemiş,100,Evet,Kat İrtifaklı,Emlak Ofisinden,Evet,0.0,5,2,6,479,1218159568,2025-04-20,100,,301.0,34166.666666666664
2375000,Atakent Mh.,1230243242,20 Nisan 2025,60,50,1+1,5,Kombi (Doğalgaz),1,Açık (Amerikan),Var,Var,Açık Otopark,Hayır,Boş,Hayır,Belirtilmemiş,Belirtilmemiş,Evet,Kat İrtifaklı,Emlak Ofisinden,Evet,0.0,1,2,5,808,1230243242,2025-04-20,,,301.0,39583.333333333336
2390000,Büyükoyumca Mh.,1145287198,20 Nisan 2025,130,120,3+1,5,Merkezi,1,Kapalı,Var,Yok,Açık Otopark,Hayır,Mülk Sahibi,Evet,Pelitköy TOKİ Konutları,1800,Evet,Kat Mülkiyetli,Sahibinden,Hayır,18.0,4,4,5,812,1145287198,2025-04-20,1800,,301.0,18384.615384615383
2600000,Yenimahalle Mah.,1220943974,20 Nisan 2025,120,110,2+1,5,Kombi (Doğalgaz),1,Kapalı,Var,Var,Açık Otopark,Hayır,Kiracılı,Hayır,Belirtilmemiş,150,Hayır,Kat İrtifaklı,Emlak Ofisinden,Hayır,7.5,2,3,5,949,1220943974,2025-04-20,150,,301.0,21666.666666666668
2750000,Alanlı Mh.,1229994539,20 Nisan 2025,160,150,3+0,5,Kombi (Doğalgaz),2,Açık (Amerikan),Var,Var,Açık Otopark,Hayır,Boş,Hayır,Belirtilmemiş,Belirtilmemiş,Evet,Kat İrtifaklı,Emlak Ofisinden,Evet,0.0,0,3,5,1011,1229994539,2025-04-20,,,301.0,17187.5
2750000,Çakırlar Yalı Mh.,1241503934,20 Nisan 2025,55,45,1+1,5,Kombi (Doğalgaz),1,Açık (Amerikan),Var,Var,Açık Otopark,Belirtilmemiş,Boş,Hayır,Belirtilmemiş,Belirtilmemiş,Belirtilmemiş,Müstakil Tapulu,Emlak Ofisinden,Evet,0.0,5,2,5,1017,1241503934,2025-04-20,,,301.0,50000.0
2990000,Atakent Mh.,1235833188,20 Nisan 2025,70,60,1+1,7,Kombi (Doğalgaz),1,Açık (Amerikan),Var,Var,Açık Otopark,Hayır,Boş,Hayır,Belirtilmemiş,250,Evet,Kat Mülkiyetli,Sahibinden,Hayır,4.0,3,2,7,1155,1235833188,2025-04-20,250,,301.0,42714.28571428572
3250000,Esenevler Mah.,1241455213,20 Nisan 2025,115,105,3+1,4,Kombi (Doğalgaz),1,Kapalı,Var,Var,Açık Otopark,Evet,Mülk Sahibi,Hayır,Belirtilmemiş,250,Evet,Yurt Dışı Tapulu,Sahibinden,Hayır,7.5,2,4,4,1276,1241455213,2025-04-20,250,,301.0,28260.869565217392
3640000,Alanlı Mh.,1241405388,20 Nisan 2025,150,125,3+1,7,Kombi (Doğalgaz),1,Kapalı,Var,Var,Açık Otopark,Hayır,Boş,Hayır,Belirtilmemiş,Belirtilmemiş,Evet,Kat Mülkiyetli,Emlak Ofisinden,Evet,7.5,7,4,7,1420,1241405388,2025-04-20,,,301.0,24266.666666666668
3825000,Yenimahalle Mah.,1241374879,20 Nisan 2025,155,145,3+1,7,Kombi (Doğalgaz),2,Kapalı,Var,Var,Açık Otopark,Hayır,Boş,Hayır,Belirtilmemiş,Belirtilmemiş,Evet,Kat Mülkiyetli,Emlak Ofisinden,Hayır,7.5,7,4,7,1499,1241374879,2025-04-20,,,301.0,24677.41935483871
4025000,Yenimahalle Mah.,1241399961,20 Nisan 2025,110,95,2+1,6,Yerden Isıtma,2,Kapalı,Var,Var,Açık Otopark,Hayır,Boş,Hayır,Belirtilmemiş,200,Evet,Kat Mülkiyetli,Emlak Ofisinden,Hayır,0.0,2,3,6,1597,1241399961,2025-04-20,200,,301.0,36590.90909090909
4290000,Atakent Mh.,1234953940,20 Nisan 2025,180,160,3+1,6,Kombi (Doğalgaz),2,Kapalı,Var,Var,Açık Otopark,Hayır,Mülk Sahibi,Hayır,Belirtilmemiş,320,Evet,Kat İrtifaklı,Emlak Ofisinden,Hayır,7.5,2,4,6,1680,1234953940,2025-04-20,320,,301.0,23833.333333333332
4440000,Mevlana Mah.,1229332358,20 Nisan 2025,165,150,3+1,6,Kombi (Doğalgaz),2,Açık (Amerikan),Var,Var,Açık Otopark,Hayır,Mülk Sahibi,Hayır,Belirtilmemiş,Belirtilmemiş,Evet,Kat Mülkiyetli,Sahibinden,Hayır,4.0,1,4,6,1731,1229332358,2025-04-20,,,301.0,26909.090909090908
4480000,Yenimahalle Mah.,1241490308,20 Nisan 2025,135,118,2+1,8,Kombi (Doğalgaz),2,Kapalı,Var,Var,Açık Otopark,Hayır,Boş,Hayır,Belirtilmemiş,Belirtilmemiş,Evet,Kat Mülkiyetli,Emlak Ofisinden,Hayır,4.0,5,3,8,1745,1241490308,2025-04-20,,,301.0,33185.18518518518
4485000,Atakent Mh.,1234801027,20 Nisan 2025,150,140,3+1,7,Kombi (Doğalgaz),2,Kapalı,Var,Var,Açık Otopark,Hayır,Boş,Hayır,Belirtilmemiş,200,Evet,Kat Mülkiyetli,Emlak Ofisinden,Hayır,7.5,5,4,7,1746,1234801027,2025-04-20,200,,301.0,29900.0
4500000,Yenimahalle Mah.,1230067958,20 Nisan 2025,135,120,3+1,4,Yerden Isıtma,2,Kapalı,Var,Var,Açık Otopark,Hayır,Boş,Hayır,Belirtilmemiş,0,Evet,Kat Mülkiyetli,Emlak Ofisinden,Evet,0.0,1,4,4,1774,1230067958,2025-04-20,0,,301.0,33333.333333333336
4550000,Atakent Mh.,1229863974,20 Nisan 2025,165,140,3+1,9,Kombi (Doğalgaz),2,Kapalı,Var,Var,Açık Otopark,Hayır,Boş,Hayır,Belirtilmemiş,Belirtilmemiş,Belirtilmemiş,Kat Mülkiyetli,Emlak Ofisinden,Hayır,13.0,1,4,9,1784,1229863974,2025-04-20,,,301.0,27575.757575757576
4999000,Güzelyalı Mh.,1235640391,20 Nisan 2025,60,50,1+1,2,Yerden Isıtma,1,Açık (Amerikan),Var,Var,Açık & Kapalı Otopark,Hayır,Boş,Evet,Belirtilmemiş,Belirtilmemiş,Evet,Kat İrtifaklı,Emlak Ofisinden,Evet,0.0,1,2,2,1892,1235640391,2025-04-20,,,301.0,83316.66666666667
5850000,Atakent Mh.,1235877336,20 Nisan 2025,170,150,3+1,9,Kombi (Doğalgaz),2,Kapalı,Var,Var,Açık Otopark,Hayır,Kiracılı,Evet,Lavinia Sitesi,800,Evet,Kat İrtifaklı,Emlak Ofisinden,Hayır,13.0,5,4,9,2075,1235877336,2025-04-20,800,,301.0,34411.76470588235
6050000,Atakent Mh.,1220048015,20 Nisan 2025,195,160,3+1,6,Kombi (Doğalgaz),2,Kapalı,Var,Var,Açık Otopark,Hayır,Mülk Sahibi,Hayır,Belirtilmemiş,Belirtilmemiş,Evet,Kat Mülkiyetli,Emlak Ofisinden,Hayır,13.0,4,4,6,2132,1220048015,2025-04-20,,,301.0,31025.641025641027
7000000,Güzelyalı Mh.,1241417415,20 Nisan 2025,110,95,2+1,4,Kombi (Doğalgaz),1,Açık (Amerikan),Var,Var,Açık Otopark,Hayır,Boş,Hayır,Belirtilmemiş,Belirtilmemiş,Evet,Kat Mülkiyetli,Emlak Ofisinden,Evet,3.0,1,3,4,2227,1241417415,2025-04-20,,,301.0,63636.36363636364
7150000,Yenimahalle Mah.,1224248989,20 Nisan 2025,190,150,3+1,9,Kombi (Doğalgaz),2,Açık (Amerikan),Var,Var,Açık Otopark,Hayır,Boş,Evet,Sevinçler Deluxe,750,Evet,Kat Mülkiyetli,Emlak Ofisinden,Evet,7.5,8,4,9,2233,1224248989,2025-04-20,750,,301.0,37631.57894736842
1425000,Alanlı Mh.,1235991724,21 Nisan 2025,45,40,1+1,5,Kombi (Doğalgaz),1,Açık (Amerikan),Yok,Var,Açık Otopark,Hayır,Boş,Hayır,Belirtilmemiş,Belirtilmemiş,Evet,Kat Mülkiyetli,Emlak Ofisinden,Evet,0.0,0,2,5,10,1235991724,2025-04-21,,,302.0,31666.666666666668
1550000,Büyükoyumca Mh.,1241645860,21 Nisan 2025,50,40,1+1,5,Yerden Isıtma,1,Açık (Amerikan),Var,Var,Açık Otopark,Hayır,Boş,Hayır,Belirtilmemiş,Belirtilmemiş,Belirtilmemiş,Kat İrtifaklı,Sahibinden,Hayır,0.0,1,2,5,38,1241645860,2025-04-21,,,302.0,31000.0
1599000,Yenimahalle Mah.,1236054156,21 Nisan 2025,75,60,1+1,7,Kombi (Doğalgaz),1,Açık (Amerikan),Yok,Var,Açık Otopark,Evet,Boş,Hayır,Belirtilmemiş,Belirtilmemiş,Evet,Kat Mülkiyetli,Emlak Ofisinden,Hayır,7.5,0,2,7,52,1236054156,2025-04-21,,,302.0,21320.0
1740000,Atatepe,1229732743,21 Nisan 2025,55,48,1+1,6,Yerden Isıtma,1,Açık (Amerikan),Var,Var,Açık Otopark,Hayır,Boş,Hayır,Belirtilmemiş,100,Evet,Kat Mülkiyetli,Emlak Ofisinden,Hayır,0.0,1,2,6,111,1229732743,2025-04-21,100,,302.0,31636.363636363636
1920000,Büyükoyumca Mh.,1227898391,21 Nisan 2025,52,42,1+1,6,Yerden Isıtma,1,Açık (Amerikan),Var,Var,Açık & Kapalı Otopark,Hayır,Boş,Evet,Belirtilmemiş,Belirtilmemiş,Hayır,Kat Mülkiyetli,Sahibinden,Evet,0.0,6,2,6,313,1227898391,2025-04-21,,,302.0,36923.07692307692
1990000,Alanlı Mh.,1241595583,21 Nisan 2025,65,52,1+1,9,Kombi (Doğalgaz),1,Açık (Amerikan),Var,Var,Açık Otopark,Evet,Kiracılı,Hayır,Belirtilmemiş,200,Hayır,Kat İrtifaklı,Emlak Ofisinden,Hayır,4.0,3,2,9,389,1241595583,2025-04-21,200,,302.0,30615.384615384617
1995000,Atakent Mh.,1235337563,21 Nisan 2025,50,47,1+1,5,Yerden Isıtma,1,Açık (Amerikan),Yok,Var,Açık Otopark,Hayır,Boş,Hayır,Belirtilmemiş,Belirtilmemiş,Evet,Kat Mülkiyetli,Emlak Ofisinden,Hayır,0.0,1,2,5,398,1235337563,2025-04-21,,,302.0,39900.0
2000000,Yenimahalle Mah.,1241688174,21 Nisan 2025,95,80,2+1,9,Kombi (Doğalgaz),1,Açık (Amerikan),Var,Var,Açık & Kapalı Otopark,Hayır,Mülk Sahibi,Evet,Rüyam Evleri,Belirtilmemiş,Evet,Kat Mülkiyetli,Emlak Ofisinden,Hayır,13.0,0,3,9,436,1241688174,2025-04-21,,,302.0,21052.63157894737
2050000,Esenevler Mah.,1241559682,21 Nisan 2025,90,70,2+1,4,Kombi (Doğalgaz),1,Açık (Amerikan),Yok,Var,Yok,Hayır,Kiracılı,Hayır,Belirtilmemiş,Belirtilmemiş,Evet,Kat Mülkiyetli,Sahibinden,Evet,7.5,0,3,4,459,1241559682,2025-04-21,,,302.0,22777.777777777777
2050000,Yenimahalle Mah.,1224451909,21 Nisan 2025,60,50,1+1,5,Kombi (Doğalgaz),1,Açık (Amerikan),Var,Var,Açık Otopark,Hayır,Boş,Hayır,Belirtilmemiş,0,Evet,Kat Mülkiyetli,Emlak Ofisinden,Evet,0.0,4,2,5,478,1224451909,2025-04-21,0,,302.0,34166.666666666664
2150000,Yenimahalle Mah.,1241693534,21 Nisan 2025,60,45,1+1,6,Kombi (Doğalgaz),1,Açık (Amerikan),Var,Var,Açık Otopark,Evet,Boş,Hayır,Belirtilmemiş,Belirtilmemiş,Evet,Kat Mülkiyetli,Emlak Ofisinden,Hayır,7.5,0,2,6,578,1241693534,2025-04-21,,,302.0,35833.333333333336
2165000,Yenimahalle Mah.,1241634729,21 Nisan 2025,50,42,1+1,5,Kombi (Doğalgaz),1,Açık (Amerikan),Var,Var,Açık Otopark,Evet,Boş,Hayır,Belirtilmemiş,Belirtilmemiş,Evet,Kat Mülkiyetli,Emlak Ofisinden,Hayır,7.5,5,2,5,588,1241634729,2025-04-21,,,302.0,43300.0
2165000,Yenimahalle Mah.,1241767428,21 Nisan 2025,60,55,1+1,6,Kombi (Doğalgaz),1,Açık (Amerikan),Var,Var,Açık Otopark,Evet,Boş,Hayır,Belirtilmemiş,Belirtilmemiş,Evet,Kat Mülkiyetli,Emlak Ofisinden,Hayır,3.0,5,2,6,589,1241767428,2025-04-21,,,302.0,36083.333333333336
2200000,Körfez Mh.,1241174297,21 Nisan 2025,42,35,1+1,5,Yerden Isıtma,1,Açık (Amerikan),Yok,Var,Yok,Hayır,Boş,Hayır,Belirtilmemiş,1234,Hayır,Kat Mülkiyetli,Sahibinden,Evet,0.0,1,2,5,645,1241174297,2025-04-21,1234,,302.0,52380.95238095238
2200000,Yenimahalle Mah.,1205606426,21 Nisan 2025,50,42,1+1,5,Kombi (Doğalgaz),1,Açık (Amerikan),Var,Var,Açık Otopark,Hayır,Boş,Hayır,Belirtilmemiş,200,Evet,Kat Mülkiyetli,Emlak Ofisinden,Evet,0.0,5,2,5,657,1205606426,2025-04-21,200,,302.0,44000.0
2250000,Mevlana Mah.,1241602409,21 Nisan 2025,108,103,2+1,5,Kombi (Doğalgaz),1,Kapalı,Var,Var,Açık Otopark,Belirtilmemiş,Boş,Hayır,Belirtilmemiş,Belirtilmemiş,Evet,Müstakil Tapulu,Emlak Ofisinden,Hayır,7.5,0,3,5,699,1241602409,2025-04-21,,,302.0,20833.333333333332
2375000,Yenimahalle Mah.,1241624433,21 Nisan 2025,60,50,1+1,4,Kombi (Doğalgaz),1,Açık (Amerikan),Var,Var,Açık Otopark,Hayır,Boş,Hayır,Belirtilmemiş,150,Evet,Kat Mülkiyetli,Emlak Ofisinden,Hayır,0.0,4,2,4,807,1241624433,2025-04-21,150,,302.0,39583.333333333336
2400000,Atakent Mh.,1241614272,21 Nisan 2025,55,50,1+1,5,Yerden Isıtma,1,Açık (Amerikan),Var,Var,Açık Otopark,Hayır,Boş,Hayır,Belirtilmemiş,Belirtilmemiş,Evet,Kat Mülkiyetli,Emlak Ofisinden,Hayır,0.0,4,2,5,834,1241614272,2025-04-21,,,302.0,43636.36363636364
2475000,Körfez Mh.,1235972244,21 Nisan 2025,135,130,3+1,5,Kombi (Doğalgaz),1,Kapalı,Var,Var,Yok,Hayır,Boş,Hayır,Belirtilmemiş,Belirtilmemiş,Evet,Kat Mülkiyetli,İnşaat Firmasından,Hayır,13.0,0,4,5,865,1235972244,2025-04-21,,,302.0,18333.333333333332
2600000,Esenevler Mah.,1241738063,21 Nisan 2025,140,125,3+1,3,Kombi (Doğalgaz),1,Kapalı,Var,Yok,Yok,Hayır,Boş,Hayır,Belirtilmemiş,Belirtilmemiş,Evet,Kat Mülkiyetli,Sahibinden,Evet,18.0,1,4,3,934,1241738063,2025-04-21,,,302.0,18571.428571428572
2700000,Cumhuriyet Mah.,1147265827,21 Nisan 2025,140,135,3+1,4,Kombi (Doğalgaz),1,Kapalı,Var,Yok,Yok,Hayır,Boş,Hayır,Belirtilmemiş,Belirtilmemiş,Evet,Kat Mülkiyetli,Emlak Ofisinden,Evet,18.0,3,4,4,1007,1147265827,2025-04-21,,,302.0,19285.714285714286
2750000,Atakent Mh.,1241754081,21 Nisan 2025,80,75,2+1,5,Kombi (Doğalgaz),1,Açık (Amerikan),Var,Var,Açık Otopark,Evet,Boş,Hayır,Belirtilmemiş,Belirtilmemiş,Evet,Kat Mülkiyetli,Emlak Ofisinden,Hayır,7.5,4,3,5,1056,1241754081,2025-04-21,,,302.0,34375.0
3100000,Atakent Mh.,1241596059,21 Nisan 2025,125,100,2+1,5,Kombi (Doğalgaz),1,Açık (Amerikan),Var,Var,Açık Otopark,Hayır,Boş,Hayır,Belirtilmemiş,300,Evet,Kat Mülkiyetli,Emlak Ofisinden,Hayır,13.0,1,3,5,1221,1241596059,2025-04-21,300,,302.0,24800.0
3249000,Cumhuriyet Mah.,1236032158,21 Nisan 2025,140,130,3+1,4,Kombi,1,Kapalı,Var,Var,Açık,Belirtilmemiş,Boş,Hayır,Belirtilmemiş,,Evet,Kat Mülkiyetli,Emlak Ofisinden,Evet,18.0,1,4,4,1267,1236032158,2025-04-21,,,302.0,23207.14285714286
3250000,Yenimahalle Mah.,1221933869,21 Nisan 2025,85,75,2+1,4,Kombi (Doğalgaz),1,Açık (Amerikan),Var,Var,Açık Otopark,Evet,Kiracılı,Hayır,Belirtilmemiş,250,Evet,Kat Mülkiyetli,Emlak Ofisinden,Hayır,7.5,4,3,4,1285,1221933869,2025-04-21,250,,302.0,38235.294117647056
3300000,Yenimahalle Mah.,1241189354,21 Nisan 2025,100,90,2+1,5,Kombi (Doğalgaz),2,Kapalı,Var,Var,Açık & Kapalı Otopark,Hayır,Boş,Hayır,Belirtilmemiş,Belirtilmemiş,Evet,Kat Mülkiyetli,Sahibinden,Evet,1.0,-2,3,5,1296,1241189354,2025-04-21,,,302.0,33000.0
3300000,Yenimahalle Mah.,1070063461,21 Nisan 2025,105,90,2+1,9,Kombi (Doğalgaz),2,Açık (Amerikan),Var,Var,Kapalı Otopark,Evet,Kiracılı,Hayır,Belirtilmemiş,120,Evet,Kat Mülkiyetli,Emlak Ofisinden,Evet,3.0,1,3,9,1300,1070063461,2025-04-21,120,,302.0,31428.571428571428
3300000,Atakent Mh.,1241731411,21 Nisan 2025,155,140,3+1,5,Kombi (Doğalgaz),2,Açık (Amerikan),Var,Var,Açık Otopark,Hayır,Mülk Sahibi,Hayır,Belirtilmemiş,150,Evet,Kat Mülkiyetli,Emlak Ofisinden,Evet,7.5,1,4,5,1301,1241731411,2025-04-21,150,,302.0,21290.322580645163
3500000,Küçükkolpınar Mh.,1241533774,21 Nisan 2025,145,130,3+1,5,Kombi (Doğalgaz),2,Açık (Amerikan),Yok,Var,Açık Otopark,Hayır,Mülk Sahibi,Hayır,Belirtilmemiş,380,Evet,Müstakil Tapulu,Sahibinden,Hayır,4.0,1,4,5,1366,1241533774,2025-04-21,380,,302.0,24137.931034482757
3500000,Yenimahalle Mah.,1235957764,21 Nisan 2025,70,55,1+1,3,Kombi (Doğalgaz),1,Açık (Amerikan),Var,Var,Açık Otopark,Hayır,Boş,Hayır,Belirtilmemiş,Belirtilmemiş,Evet,Kat Mülkiyetli,Emlak Ofisinden,Evet,0.0,1,2,3,1376,1235957764,2025-04-21,,,302.0,50000.0
3550000,Atatepe,1208844700,21 Nisan 2025,90,85,2+1,4,Kombi (Doğalgaz),1,Kapalı,Var,Var,Açık Otopark,Hayır,Boş,Hayır,Belirtilmemiş,Belirtilmemiş,Evet,Müstakil Tapulu,Emlak Ofisinden,Hayır,0.0,2,3,4,1398,1208844700,2025-04-21,,,302.0,39444.444444444445
3600000,Güzelyalı Mh.,1236060033,21 Nisan 2025,140,130,3+1,5,Kombi (Doğalgaz),1,Açık (Amerikan),Yok,Var,Yok,Evet,Mülk Sahibi,Hayır,Belirtilmemiş,Belirtilmemiş,Evet,Kat Mülkiyetli,Emlak Ofisinden,Hayır,13.0,0,4,5,1416,1236060033,2025-04-21,,,302.0,25714.285714285714
3700000,Yenimahalle Mah.,1234112742,21 Nisan 2025,140,135,3+1,6,Kombi (Doğalgaz),2,Kapalı,Var,Var,Açık Otopark,Hayır,Boş,Hayır,Belirtilmemiş,Belirtilmemiş,Evet,Kat İrtifaklı,Emlak Ofisinden,Hayır,4.0,6,4,6,1444,1234112742,2025-04-21,,,302.0,26428.571428571428
3900000,Yenimahalle Mah.,1224354479,21 Nisan 2025,145,132,3+1,7,Kombi (Doğalgaz),2,Kapalı,Var,Var,Açık Otopark,Hayır,Boş,Hayır,Belirtilmemiş,200,Evet,Kat Mülkiyetli,Sahibinden,Evet,13.0,7,4,7,1532,1224354479,2025-04-21,200,,302.0,26896.55172413793
4350000,Atakent Mh.,1222408945,21 Nisan 2025,110,98,2+1,7,Kombi (Doğalgaz),1,Açık (Amerikan),Var,Var,Açık Otopark,Hayır,Boş,Hayır,Belirtilmemiş,350,Evet,Müstakil Tapulu,Emlak Ofisinden,Evet,2.0,1,3,7,1716,1222408945,2025-04-21,350,,302.0,39545.454545454544
4725000,Alanlı Mh.,1230156873,21 Nisan 2025,107,95,2+1,6,Yerden Isıtma,2,Açık (Amerikan),Var,Var,Açık Otopark,Hayır,Boş,Evet,Belirtilmemiş,Belirtilmemiş,Evet,Kat Mülkiyetli,Emlak Ofisinden,Hayır,0.0,6,3,6,1822,1230156873,2025-04-21,,,302.0,44158.878504672895
4750000,Güzelyalı Mh.,1241569745,21 Nisan 2025,60,55,1+1,4,Kombi (Doğalgaz),1,Açık (Amerikan),Var,Var,Kapalı Otopark,Hayır,Boş,Hayır,Belirtilmemiş,Belirtilmemiş,Evet,Kat Mülkiyetli,Emlak Ofisinden,Hayır,0.0,3,2,4,1837,1241569745,2025-04-21,,,302.0,79166.66666666667
4800000,Yenimahalle Mah.,1235849179,21 Nisan 2025,135,115,3+1,6,Kombi (Doğalgaz),2,Kapalı,Var,Var,Açık Otopark,Hayır,Boş,Hayır,Belirtilmemiş,Belirtilmemiş,Evet,Kat Mülkiyetli,Emlak Ofisinden,Hayır,0.0,6,4,6,1847,1235849179,2025-04-21,,,302.0,35555.555555555555
5800000,Küçükkolpınar Mh.,1241527018,21 Nisan 2025,190,160,3+1,7,Kombi (Doğalgaz),2,Açık (Amerikan),Var,Var,Açık Otopark,Belirtilmemiş,Mülk Sahibi,Hayır,Belirtilmemiş,Belirtilmemiş,Evet,Kat Mülkiyetli,Sahibinden,Hayır,4.0,5,4,7,2067,1241527018,2025-04-21,,,302.0,30526.315789473683
5800000,Güzelyalı Mh.,1234766222,21 Nisan 2025,90,85,2+1,4,Kombi (Doğalgaz),2,Açık (Amerikan),Var,Var,Açık & Kapalı Otopark,Hayır,Boş,Hayır,Belirtilmemiş,Belirtilmemiş,Evet,Kat Mülkiyetli,Emlak Ofisinden,Hayır,0.0,1,3,4,2072,1234766222,2025-04-21,,,302.0,64444.444444444445
6290000,Mimarsinan Mah.,1241607544,21 Nisan 2025,150,135,3+1,7,Kombi (Doğalgaz),1,Kapalı,Var,Var,Açık Otopark,Hayır,Mülk Sahibi,Evet,Gözde Park Evleri,1500,Evet,Kat Mülkiyetli,Sahibinden,Evet,13.0,4,4,7,2159,1241607544,2025-04-21,1500,,302.0,41933.333333333336
6300000,Küçükkolpınar Mh.,1241587290,21 Nisan 2025,178,160,3+1,8,Merkezi,2,Kapalı,Var,Var,Açık & Kapalı Otopark,Belirtilmemiş,Boş,Evet,Sudem Sitesi,Belirtilmemiş,Evet,Kat Mülkiyetli,Sahibinden,Evet,13.0,3,4,8,2165,1241587290,2025-04-21,,,302.0,35393.25842696629
6300000,Atakent Mh.,1236023618,21 Nisan 2025,145,135,3+1,6,Kombi (Doğalgaz),2,Kapalı,Var,Var,Açık Otopark,Hayır,Boş,Hayır,Belirtilmemiş,400,Evet,Kat Mülkiyetli,Emlak Ofisinden,Hayır,0.0,1,4,6,2167,1236023618,2025-04-21,400,,302.0,43448.275862068964
6750000,Yenimahalle Mah.,1204173553,21 Nisan 2025,137,125,3+1,7,Merkezi (Pay Ölçer),2,Kapalı,Var,Var,Açık Otopark,Hayır,Boş,Evet,İrem Sitesi,Belirtilmemiş,Evet,Kat İrtifaklı,Emlak Ofisinden,Hayır,0.0,1,4,7,2199,1204173553,2025-04-21,,,302.0,49270.07299270073
7500000,Güzelyalı Mh.,1186163682,21 Nisan 2025,100,95,2+1,5,Kombi (Doğalgaz),1,Kapalı,Var,Var,Açık & Kapalı Otopark,Evet,Boş,Hayır,Belirtilmemiş,250,Evet,Kat Mülkiyetli,Emlak Ofisinden,Hayır,0.0,5,3,5,2260,1186163682,2025-04-21,250,,302.0,75000.0
1680000,Alanlı Mh.,1241899629,22 Nisan 2025,60,50,1+1,5,Kombi (Doğalgaz),1,Açık (Amerikan),Var,Var,Açık Otopark,Hayır,Boş,Hayır,Belirtilmemiş,300,Hayır,Tapu Kaydı Yok,Emlak Ofisinden,Evet,0.0,1,2,5,91,1241899629,2025-04-22,300,,303.0,28000.0
1680000,Büyükoyumca Mh.,1230468658,22 Nisan 2025,42,38,1+1,5,Kombi (Doğalgaz),1,Açık (Amerikan),Var,Var,Açık Otopark,Hayır,Boş,Hayır,Belirtilmemiş,Belirtilmemiş,Evet,Kat Mülkiyetli,İnşaat Firmasından,Hayır,0.0,1,2,5,92,1230468658,2025-04-22,,,303.0,40000.0
1750000,Alanlı Mh.,1229907868,22 Nisan 2025,45,42,1+1,6,Kombi (Doğalgaz),1,Açık (Amerikan),Var,Var,Açık Otopark,Belirtilmemiş,Boş,Hayır,Belirtilmemiş,Belirtilmemiş,Belirtilmemiş,Kat İrtifaklı,Emlak Ofisinden,Hayır,0.0,3,2,6,118,1229907868,2025-04-22,,,303.0,38888.88888888889
1800000,İncesu Yalı Mh.,1203863885,22 Nisan 2025,50,45,1+1,5,Yerden Isıtma,1,Açık (Amerikan),Var,Var,Açık Otopark,Hayır,Boş,Hayır,Belirtilmemiş,0,Evet,Müstakil Tapulu,Sahibinden,Evet,0.0,3,2,5,174,1203863885,2025-04-22,0,,303.0,36000.0
2050000,Küçükkolpınar Mh.,1241981626,22 Nisan 2025,155,130,3+1,5,Kombi (Doğalgaz),1,Açık (Amerikan),Yok,Var,Açık Otopark,Hayır,Mülk Sahibi,Evet,Oba Sitesi,200,Evet,Kat Mülkiyetli,Sahibinden,Hayır,13.0,1,4,5,474,1241981626,2025-04-22,200,,303.0,13225.806451612903
2100000,İstiklal Mh.,1217982394,22 Nisan 2025,55,45,1+1,5,Kombi (Doğalgaz),1,Açık (Amerikan),Yok,Var,Açık Otopark,Hayır,Boş,Hayır,Belirtilmemiş,0,Evet,Müstakil Tapulu,Emlak Ofisinden,Hayır,0.0,1,2,5,514,1217982394,2025-04-22,0,,303.0,38181.818181818184
2100000,Yenimahalle Mah.,1224633301,22 Nisan 2025,95,80,2+1,7,Kombi (Doğalgaz),1,Açık (Amerikan),Var,Var,Açık Otopark,Hayır,Boş,Hayır,Belirtilmemiş,200,Evet,Kat Mülkiyetli,Emlak Ofisinden,Evet,7.5,1,3,7,536,1224633301,2025-04-22,200,,303.0,22105.263157894737
2175000,Yenimahalle Mah.,1241899859,22 Nisan 2025,60,50,1+1,5,Kombi (Doğalgaz),1,Açık (Amerikan),Var,Var,Açık Otopark,Evet,Boş,Hayır,Belirtilmemiş,Belirtilmemiş,Evet,Kat Mülkiyetli,Emlak Ofisinden,Hayır,7.5,4,2,5,595,1241899859,2025-04-22,,,303.0,36250.0
2250000,Çakırlar Yalı Mh.,1236098259,22 Nisan 2025,46,37,1+1,4,Kombi (Doğalgaz),1,Açık (Amerikan),Var,Var,Yok,Hayır,Boş,Hayır,Belirtilmemiş,Belirtilmemiş,Evet,Kat İrtifaklı,Sahibinden,Hayır,0.0,2,2,4,672,1236098259,2025-04-22,,,303.0,48913.04347826087
2265000,Yenimahalle Mah.,1165379023,22 Nisan 2025,50,45,1+1,6,Kombi (Doğalgaz),1,Açık (Amerikan),Var,Var,Açık Otopark,Evet,Kiracılı,Hayır,Belirtilmemiş,150,Evet,Kat Mülkiyetli,Sahibinden,Evet,7.5,6,2,6,712,1165379023,2025-04-22,150,,303.0,45300.0
2300000,Yenimahalle Mah.,1241805982,22 Nisan 2025,55,45,1+1,5,Yerden Isıtma,1,Açık (Amerikan),Var,Var,Açık Otopark,Hayır,Boş,Hayır,Belirtilmemiş,Belirtilmemiş,Evet,Kat Mülkiyetli,Emlak Ofisinden,Hayır,0.0,1,2,5,756,1241805982,2025-04-22,,,303.0,41818.181818181816
2360000,Yenimahalle Mah.,1241770027,22 Nisan 2025,55,44,1+1,4,Kombi (Doğalgaz),1,Açık (Amerikan),Var,Var,Açık Otopark,Evet,Boş,Hayır,Belirtilmemiş,Belirtilmemiş,Evet,Kat Mülkiyetli,Emlak Ofisinden,Hayır,0.0,1,2,4,799,1241770027,2025-04-22,,,303.0,42909.09090909091
2550000,Atakent Mh.,1230585799,22 Nisan 2025,65,57,1+1,3,Yerden Isıtma,1,Açık (Amerikan),Var,Var,Açık Otopark,Hayır,Boş,Hayır,Belirtilmemiş,Belirtilmemiş,Evet,Kat Mülkiyetli,Emlak Ofisinden,Evet,0.0,1,2,3,923,1230585799,2025-04-22,,,303.0,39230.769230769234
2600000,Atakent Mh.,1216122359,22 Nisan 2025,60,55,1+1,8,Kombi (Doğalgaz),1,Açık (Amerikan),Var,Var,Açık Otopark,Evet,Kiracılı,Hayır,Belirtilmemiş,200,Evet,Kat Mülkiyetli,Emlak Ofisinden,Hayır,7.5,8,2,8,950,1216122359,2025-04-22,200,,303.0,43333.333333333336
2700000,Yenimahalle Mah.,1241987774,22 Nisan 2025,55,50,1+1,4,Kombi (Doğalgaz),1,Açık (Amerikan),Var,Var,Açık Otopark,Hayır,Boş,Hayır,Belirtilmemiş,500,Evet,Kat Mülkiyetli,Emlak Ofisinden,Hayır,0.0,4,2,4,1006,1241987774,2025-04-22,500,,303.0,49090.90909090909
2850000,Esenevler Mah.,1200758949,22 Nisan 2025,50,45,1+1,3,Kombi (Doğalgaz),1,Kapalı,Var,Var,Açık Otopark,Evet,Kiracılı,Hayır,Belirtilmemiş,100,Evet,Kat Mülkiyetli,Sahibinden,Hayır,0.0,2,2,3,1089,1200758949,2025-04-22,100,,303.0,57000.0
2850000,Körfez Mh.,1241823188,22 Nisan 2025,50,45,1+1,5,Kombi (Doğalgaz),1,Açık (Amerikan),Var,Var,Açık Otopark,Evet,Boş,Hayır,Belirtilmemiş,Belirtilmemiş,Evet,Müstakil Tapulu,Emlak Ofisinden,Hayır,3.0,4,2,5,1093,1241823188,2025-04-22,,,303.0,57000.0
2939000,Cumhuriyet Mah.,1229848668,22 Nisan 2025,135,125,3+1,5,Kombi,1,Kapalı,Var,Yok,Açık,Hayır,Boş,Hayır,Belirtilmemiş,100,Evet,Kat Mülkiyetli,Emlak Ofisinden,Hayır,18.0,1,4,5,1129,1229848668,2025-04-22,100,,303.0,21770.37037037037
3100000,Esenevler Mah.,1241857340,22 Nisan 2025,95,90,2+1,4,Kombi (Doğalgaz),1,Açık (Amerikan),Var,Yok,Açık Otopark,Hayır,Boş,Hayır,Belirtilmemiş,100,Hayır,Kat Mülkiyetli,Sahibinden,Evet,13.0,2,3,4,1202,1241857340,2025-04-22,100,,303.0,32631.57894736842
3125000,Mimarsinan Mah.,1235767471,22 Nisan 2025,135,120,3+1,3,Kombi (Doğalgaz),1,Kapalı,Var,Yok,Açık Otopark,Hayır,Kiracılı,Hayır,Belirtilmemiş,200,Evet,Kat Mülkiyetli,Sahibinden,Hayır,18.0,1,4,3,1225,1235767471,2025-04-22,200,,303.0,23148.14814814815
3150000,Yenimahalle Mah.,1229048863,22 Nisan 2025,60,50,1+1,6,Kombi (Doğalgaz),1,Açık (Amerikan),Var,Var,Açık Otopark,Hayır,Boş,Hayır,Belirtilmemiş,350,Evet,Kat Mülkiyetli,Emlak Ofisinden,Hayır,4.0,5,2,6,1238,1229048863,2025-04-22,350,,303.0,52500.0
3350000,Alanlı Mh.,1230021377,22 Nisan 2025,130,110,2+1,5,Yerden Isıtma,2,Açık (Amerikan),Var,Var,Açık Otopark,Hayır,Boş,Hayır,Belirtilmemiş,Belirtilmemiş,Evet,Kat İrtifaklı,Emlak Ofisinden,Evet,0.0,1,3,5,1305,1230021377,2025-04-22,,,303.0,25769.23076923077
3500000,Güzelyalı Mh.,1182689564,22 Nisan 2025,90,80,2+1,5,Kombi (Doğalgaz),1,Kapalı,Var,Var,Açık Otopark,Hayır,Kiracılı,Hayır,Belirtilmemiş,100,Hayır,Kat Mülkiyetli,Emlak Ofisinden,Evet,18.0,0,3,5,1375,1182689564,2025-04-22,100,,303.0,38888.88888888889
3550000,Atatepe,1241842319,22 Nisan 2025,125,110,2+1,6,Kombi (Doğalgaz),1,Kapalı,Var,Var,Açık Otopark,Hayır,Boş,Hayır,Belirtilmemiş,Belirtilmemiş,Evet,Kat İrtifaklı,Emlak Ofisinden,Evet,0.0,6,3,6,1397,1241842319,2025-04-22,,,303.0,28400.0
3750000,Balaç Mh.,1235837006,22 Nisan 2025,60,54,1+1,4,Yerden Isıtma,1,Açık (Amerikan),Var,Var,Açık & Kapalı Otopark,Hayır,Boş,Evet,Belirtilmemiş,Belirtilmemiş,Hayır,Kat İrtifaklı,Sahibinden,Evet,0.0,4,2,4,1455,1235837006,2025-04-22,,,303.0,62500.0
3960000,Atakent Mh.,1195078070,22 Nisan 2025,165,140,3+1,8,Kombi (Doğalgaz),2,Kapalı,Var,Var,Açık Otopark,Hayır,Kiracılı,Hayır,Belirtilmemiş,Belirtilmemiş,Evet,Kat Mülkiyetli,Emlak Ofisinden,Hayır,7.5,7,4,8,1568,1195078070,2025-04-22,,,303.0,24000.0
3999000,Atakent Mh.,1230474370,22 Nisan 2025,180,170,4+1,8,Kombi (Doğalgaz),2,Kapalı,Var,Var,Açık Otopark,Hayır,Boş,Hayır,Belirtilmemiş,100,Evet,Kat Mülkiyetli,Emlak Ofisinden,Hayır,7.5,1,5,8,1574,1230474370,2025-04-22,100,,303.0,22216.666666666668
4000000,Yenimahalle Mah.,1192716858,22 Nisan 2025,160,145,3+1,5,Kombi (Doğalgaz),1,Kapalı,Var,Var,Açık Otopark,Hayır,Boş,Hayır,Belirtilmemiş,200,Hayır,Müstakil Tapulu,Emlak Ofisinden,Hayır,13.0,5,4,5,1594,1192716858,2025-04-22,200,,303.0,25000.0
4250000,Atakent Mh.,1188794244,22 Nisan 2025,130,120,3+1,5,Kombi (Doğalgaz),2,Kapalı,Var,Var,Açık Otopark,Hayır,Kiracılı,Hayır,Belirtilmemiş,Belirtilmemiş,Belirtilmemiş,Müstakil Tapulu,Sahibinden,Hayır,7.5,5,4,5,1656,1188794244,2025-04-22,,,303.0,32692.30769230769
4600000,Güzelyalı Mh.,1241768797,22 Nisan 2025,150,135,3+1,6,Kombi (Doğalgaz),2,Kapalı,Var,Var,Açık Otopark,Hayır,Kiracılı,Hayır,Belirtilmemiş,300,Evet,Kat Mülkiyetli,Emlak Ofisinden,Hayır,18.0,3,4,6,1797,1241768797,2025-04-22,300,,303.0,30666.666666666668
4750000,Balaç Mh.,1216807332,22 Nisan 2025,115,100,2+1,4,Yerden Isıtma,2,Kapalı,Var,Var,Açık & Kapalı Otopark,Hayır,Boş,Evet,Belirtilmemiş,Belirtilmemiş,Evet,Kat İrtifaklı,Sahibinden,Evet,0.0,1,3,4,1824,1216807332,2025-04-22,,,303.0,41304.34782608696
4750000,Cumhuriyet Mah.,1241824559,22 Nisan 2025,110,100,2+1,4,Kombi (Doğalgaz),2,Kapalı,Var,Var,Açık & Kapalı Otopark,Hayır,Boş,Hayır,Belirtilmemiş,300,Evet,Kat Mülkiyetli,Sahibinden,Hayır,3.0,1,3,4,1828,1241824559,2025-04-22,300,,303.0,43181.818181818184
4900000,Yenimahalle Mah.,1224711541,22 Nisan 2025,145,130,3+1,6,Kombi (Doğalgaz),2,Kapalı,Var,Var,Açık Otopark,Hayır,Boş,Hayır,Belirtilmemiş,280,Evet,Kat Mülkiyetli,Emlak Ofisinden,Evet,0.0,6,4,6,1863,1224711541,2025-04-22,280,,303.0,33793.10344827586
4950000,Güzelyalı Mh.,1241883567,22 Nisan 2025,135,125,3+1,6,Kombi (Doğalgaz),2,Kapalı,Var,Var,Açık Otopark,Hayır,Mülk Sahibi,Hayır,Belirtilmemiş,200,Evet,Kat Mülkiyetli,Emlak Ofisinden,Evet,7.5,3,4,6,1883,1241883567,2025-04-22,200,,303.0,36666.666666666664
5000000,Atakent Mh.,1224653685,22 Nisan 2025,150,130,3+1,5,Yerden Isıtma,2,Kapalı,Var,Var,Açık Otopark,Hayır,Boş,Hayır,Belirtilmemiş,Belirtilmemiş,Evet,Kat İrtifaklı,Emlak Ofisinden,Evet,0.0,1,4,5,1916,1224653685,2025-04-22,,,303.0,33333.333333333336
5250000,Esenevler Mah.,1241664147,22 Nisan 2025,188,145,3+1,7,Kombi (Doğalgaz),2,Kapalı,Var,Var,Açık & Kapalı Otopark,Hayır,Boş,Hayır,Belirtilmemiş,400,Evet,Kat Mülkiyetli,Sahibinden,Hayır,13.0,3,4,7,1949,1241664147,2025-04-22,400,,303.0,27925.531914893618
6250000,Atakent Mh.,1236165774,22 Nisan 2025,175,145,3+1,7,Kombi (Doğalgaz),1,Kapalı,Var,Var,Açık & Kapalı Otopark,Hayır,Boş,Hayır,Belirtilmemiş,Belirtilmemiş,Evet,Kat Mülkiyetli,Emlak Ofisinden,Hayır,0.0,1,4,7,2158,1236165774,2025-04-22,,,303.0,35714.28571428572
7500000,Atakent Mh.,1241916151,22 Nisan 2025,170,145,3+1,7,Kombi (Doğalgaz),2,Kapalı,Var,Var,Açık & Kapalı Otopark,Hayır,Boş,Hayır,Belirtilmemiş,Belirtilmemiş,Evet,Kat Mülkiyetli,Emlak Ofisinden,Evet,0.0,7,4,7,2261,1241916151,2025-04-22,,,303.0,44117.64705882353
1375000,Büyükoyumca Mh.,1242095837,23 Nisan 2025,53,38,1+1,6,Kombi (Doğalgaz),1,Açık (Amerikan),Yok,Var,Açık & Kapalı Otopark,Hayır,Boş,Hayır,Belirtilmemiş,0,Evet,Kat Mülkiyetli,İnşaat Firmasından,Hayır,0.0,1,2,6,5,1242095837,2025-04-23,0,,304.0,25943.396226415094
1440000,Çakırlar Yalı Mh.,1241995661,23 Nisan 2025,50,40,1+1,6,Kombi (Doğalgaz),1,Açık (Amerikan),Yok,Var,Açık Otopark,Hayır,Boş,Hayır,Belirtilmemiş,100,Hayır,Kat Mülkiyetli,Sahibinden,Hayır,0.0,1,2,6,13,1241995661,2025-04-23,100,,304.0,28800.0
1820000,Alanlı Mh.,1230327198,23 Nisan 2025,65,55,1+1,6,Kombi (Doğalgaz),1,Açık (Amerikan),Var,Var,Açık Otopark,Hayır,Boş,Hayır,Belirtilmemiş,Belirtilmemiş,Evet,Kat Mülkiyetli,Emlak Ofisinden,Hayır,0.0,2,2,6,189,1230327198,2025-04-23,,,304.0,28000.0
1850000,Alanlı Mh.,1224790284,23 Nisan 2025,60,50,1+1,5,Kombi (Doğalgaz),1,Açık (Amerikan),Var,Var,Açık Otopark,Hayır,Boş,Hayır,Belirtilmemiş,250,Evet,Kat Mülkiyetli,Emlak Ofisinden,Evet,0.0,5,2,5,214,1224790284,2025-04-23,250,,304.0,30833.333333333332
1925000,Yenimahalle Mah.,1224761229,23 Nisan 2025,55,50,1+1,5,Kombi (Doğalgaz),1,Açık (Amerikan),Var,Var,Açık Otopark,Hayır,Kiracılı,Hayır,Belirtilmemiş,200,Evet,Kat Mülkiyetli,Emlak Ofisinden,Hayır,1.0,1,2,5,317,1224761229,2025-04-23,200,,304.0,35000.0
1985000,Yenimahalle Mah.,1241677400,23 Nisan 2025,55,50,1+1,3,Yerden Isıtma,1,Açık (Amerikan),Var,Var,Açık Otopark,Evet,Boş,Hayır,Belirtilmemiş,Belirtilmemiş,Evet,Kat Mülkiyetli,Emlak Ofisinden,Hayır,0.0,2,2,3,388,1241677400,2025-04-23,,,304.0,36090.90909090909
2025000,Körfez Mh.,1242067139,23 Nisan 2025,55,50,1+1,5,Kombi (Doğalgaz),1,Açık (Amerikan),Var,Var,Açık Otopark,Hayır,Kiracılı,Hayır,Belirtilmemiş,Belirtilmemiş,Belirtilmemiş,Kat Mülkiyetli,Sahibinden,Hayır,1.0,3,2,5,442,1242067139,2025-04-23,,,304.0,36818.181818181816
2165000,Yenimahalle Mah.,1242044644,23 Nisan 2025,50,45,1+1,6,Kombi (Doğalgaz),1,Açık (Amerikan),Var,Var,Açık Otopark,Evet,Boş,Hayır,Belirtilmemiş,Belirtilmemiş,Evet,Kat Mülkiyetli,Emlak Ofisinden,Hayır,4.0,5,2,6,585,1242044644,2025-04-23,,,304.0,43300.0
2165000,Yenimahalle Mah.,1242100868,23 Nisan 2025,58,52,1+1,6,Kombi (Doğalgaz),1,Açık (Amerikan),Var,Var,Açık Otopark,Evet,Boş,Hayır,Belirtilmemiş,Belirtilmemiş,Evet,Kat Mülkiyetli,Emlak Ofisinden,Hayır,7.5,5,2,6,586,1242100868,2025-04-23,,,304.0,37327.58620689655
2400000,Atakent Mh.,1235329074,23 Nisan 2025,57,48,1+1,5,Yerden Isıtma,1,Açık (Amerikan),Var,Var,Açık Otopark,Hayır,Boş,Hayır,Belirtilmemiş,Belirtilmemiş,Evet,Kat Mülkiyetli,Emlak Ofisinden,Hayır,0.0,4,2,5,835,1235329074,2025-04-23,,,304.0,42105.26315789474
2525000,Alanlı Mh.,1229443721,23 Nisan 2025,160,150,3+1,5,Yerden Isıtma,2,Açık (Amerikan),Var,Var,Açık Otopark,Hayır,Boş,Hayır,Belirtilmemiş,Belirtilmemiş,Evet,Kat Mülkiyetli,Emlak Ofisinden,Evet,0.0,0,4,5,905,1229443721,2025-04-23,,,304.0,15781.25
2550000,Yenimahalle Mah.,1236399398,23 Nisan 2025,125,120,3+1,5,Kombi (Doğalgaz),2,Açık (Amerikan),Var,Var,Açık Otopark,Hayır,Boş,Hayır,Belirtilmemiş,0,Evet,Kat Mülkiyetli,Emlak Ofisinden,Evet,0.0,0,4,5,924,1236399398,2025-04-23,0,,304.0,20400.0
2600000,Cumhuriyet Mah.,1242083419,23 Nisan 2025,145,130,3+1,5,Kombi (Doğalgaz),1,Kapalı,Var,Yok,Açık Otopark,Hayır,Mülk Sahibi,Hayır,Belirtilmemiş,100,Evet,Kat İrtifaklı,Sahibinden,Hayır,18.0,3,4,5,932,1242083419,2025-04-23,100,,304.0,17931.03448275862
2650000,Alanlı Mh.,1242076814,23 Nisan 2025,50,41,1+1,6,Yerden Isıtma,1,Açık (Amerikan),Var,Var,Açık Otopark,Hayır,Boş,Hayır,Belirtilmemiş,11,Evet,Kat Mülkiyetli,Sahibinden,Evet,0.0,5,2,6,961,1242076814,2025-04-23,11,,304.0,53000.0
2750000,Yenimahalle Mah.,1242043754,23 Nisan 2025,50,45,1+1,5,Yerden Isıtma,1,Açık (Amerikan),Var,Var,Açık Otopark,Hayır,Boş,Hayır,Belirtilmemiş,Belirtilmemiş,Evet,Kat Mülkiyetli,Emlak Ofisinden,Hayır,0.0,2,2,5,1058,1242043754,2025-04-23,,,304.0,55000.0
2790000,Yenimahalle Mah.,1218671340,23 Nisan 2025,87,75,2+1,5,Kombi (Doğalgaz),1,Açık (Amerikan),Var,Var,Açık Otopark,Hayır,Kiracılı,Hayır,Belirtilmemiş,0,Evet,Kat Mülkiyetli,Emlak Ofisinden,Hayır,7.5,5,3,5,1067,1218671340,2025-04-23,0,,304.0,32068.96551724138
2850000,Yenimahalle Mah.,1241992956,23 Nisan 2025,55,45,1+1,5,Yerden Isıtma,1,Açık (Amerikan),Var,Var,Açık Otopark,Hayır,Boş,Hayır,Belirtilmemiş,Belirtilmemiş,Evet,Kat Mülkiyetli,Emlak Ofisinden,Hayır,0.0,4,2,5,1105,1241992956,2025-04-23,,,304.0,51818.181818181816
2850000,Yenimahalle Mah.,1242046659,23 Nisan 2025,60,50,1+1,4,Yerden Isıtma,1,Açık (Amerikan),Var,Var,Açık Otopark,Hayır,Boş,Hayır,Belirtilmemiş,Belirtilmemiş,Hayır,Kat Mülkiyetli,Emlak Ofisinden,Hayır,0.0,2,2,4,1106,1242046659,2025-04-23,,,304.0,47500.0
3050000,İstiklal Mh.,1241403532,23 Nisan 2025,45,40,1+1,3,Yerden Isıtma,1,Açık (Amerikan),Var,Var,Yok,Hayır,Boş,Hayır,Belirtilmemiş,Belirtilmemiş,Belirtilmemiş,Kat Mülkiyetli,Sahibinden,Hayır,0.0,3,2,3,1190,1241403532,2025-04-23,,,304.0,67777.77777777778
3050000,Körfez Mh.,1242102445,23 Nisan 2025,60,50,1+1,7,Yerden Isıtma,1,Açık (Amerikan),Var,Var,Açık Otopark,Evet,Boş,Hayır,Belirtilmemiş,300,Evet,Kat Mülkiyetli,Sahibinden,Hayır,0.0,1,2,7,1191,1242102445,2025-04-23,300,,304.0,50833.333333333336
3175000,Yenimahalle Mah.,1242109145,23 Nisan 2025,120,110,2+1,9,Merkezi (Pay Ölçer),2,Kapalı,Var,Var,Açık & Kapalı Otopark,Hayır,Kiracılı,Evet,Rüyam Evleri,800,Evet,Kat Mülkiyetli,Emlak Ofisinden,Hayır,7.5,2,3,9,1242,1242109145,2025-04-23,800,,304.0,26458.333333333332
3300000,Körfez Mh.,1173888424,23 Nisan 2025,80,75,1+1,3,Kombi (Doğalgaz),1,Açık (Amerikan),Var,Var,Kapalı Otopark,Hayır,Boş,Evet,Elmakent Sitesi,1250,Evet,Kat İrtifaklı,Sahibinden,Hayır,7.5,3,2,3,1294,1173888424,2025-04-23,1250,,304.0,41250.0
3350000,Atatepe,1230590743,23 Nisan 2025,130,120,3+1,9,Merkezi (Pay Ölçer),1,Kapalı,Var,Var,Açık Otopark,Belirtilmemiş,Mülk Sahibi,Evet,Kamalı TOKİ,750,Evet,Kat Mülkiyetli,Sahibinden,Hayır,18.0,6,4,9,1306,1230590743,2025-04-23,750,,304.0,25769.23076923077
3575000,Yenimahalle Mah.,1236357968,23 Nisan 2025,105,100,2+1,5,Kombi (Doğalgaz),2,Kapalı,Var,Var,Açık Otopark,Hayır,Boş,Hayır,Belirtilmemiş,0,Evet,Kat Mülkiyetli,Emlak Ofisinden,Evet,0.0,2,3,5,1402,1236357968,2025-04-23,0,,304.0,34047.619047619046
3700000,Yenimahalle Mah.,1067711777,23 Nisan 2025,95,85,2+1,6,Kombi (Doğalgaz),1,Kapalı,Var,Var,Açık Otopark,Hayır,Boş,Hayır,Belirtilmemiş,Belirtilmemiş,Hayır,Kat Mülkiyetli,Emlak Ofisinden,Hayır,0.0,6,3,6,1445,1067711777,2025-04-23,,,304.0,38947.36842105263
3750000,Alanlı Mh.,1242092925,23 Nisan 2025,100,90,2+1,6,Yerden Isıtma,2,Kapalı,Var,Var,Açık Otopark,Hayır,Boş,Hayır,Belirtilmemiş,Belirtilmemiş,Evet,Kat Mülkiyetli,Emlak Ofisinden,Evet,0.0,1,3,6,1453,1242092925,2025-04-23,,,304.0,37500.0
3750000,Yenimahalle Mah.,1242060265,23 Nisan 2025,125,110,2+1,5,Yerden Isıtma,2,Kapalı,Var,Var,Açık Otopark,Hayır,Boş,Hayır,Belirtilmemiş,Belirtilmemiş,Evet,Kat Mülkiyetli,Emlak Ofisinden,Hayır,0.0,2,3,5,1479,1242060265,2025-04-23,,,304.0,30000.0
3850000,Yenimahalle Mah.,1236222724,23 Nisan 2025,165,140,3+1,5,Kombi (Doğalgaz),1,Kapalı,Var,Var,Açık Otopark,Hayır,Boş,Hayır,Belirtilmemiş,Belirtilmemiş,Evet,Kat Mülkiyetli,Emlak Ofisinden,Evet,7.5,1,4,5,1517,1236222724,2025-04-23,,,304.0,23333.333333333332
3900000,Atakent Mh.,1242089382,23 Nisan 2025,110,95,2+1,6,Kombi (Doğalgaz),2,Kapalı,Var,Var,Açık Otopark,Hayır,Boş,Hayır,Belirtilmemiş,Belirtilmemiş,Evet,Kat Mülkiyetli,Emlak Ofisinden,Hayır,0.0,4,3,6,1549,1242089382,2025-04-23,,,304.0,35454.545454545456
3950000,Cumhuriyet Mah.,1242103552,23 Nisan 2025,90,72,2+1,6,Kombi (Doğalgaz),1,Kapalı,Var,Var,Açık Otopark,Hayır,Kiracılı,Hayır,Belirtilmemiş,685,Evet,Kat Mülkiyetli,Sahibinden,Hayır,3.0,2,3,6,1559,1242103552,2025-04-23,685,,304.0,43888.88888888889
4000000,Mevlana Mah.,1224469037,23 Nisan 2025,140,130,3+1,3,Kombi (Doğalgaz),2,Kapalı,Var,Var,Açık Otopark,Hayır,Mülk Sahibi,Hayır,Belirtilmemiş,340,Evet,Kat Mülkiyetli,İnşaat Firmasından,Hayır,3.0,3,4,3,1582,1224469037,2025-04-23,340,,304.0,28571.428571428572
4150000,Büyükoyumca Mh.,1242086741,23 Nisan 2025,110,95,2+1,6,Kombi (Doğalgaz),1,Kapalı,Var,Var,Açık Otopark,Hayır,Boş,Hayır,Belirtilmemiş,Belirtilmemiş,Hayır,Kat Mülkiyetli,Sahibinden,Evet,0.0,5,3,6,1633,1242086741,2025-04-23,,,304.0,37727.27272727273
4200000,Atakent Mh.,1242028284,23 Nisan 2025,125,115,3+1,7,Kombi (Doğalgaz),2,Kapalı,Var,Var,Açık Otopark,Hayır,Boş,Hayır,Belirtilmemiş,200,Evet,Kat Mülkiyetli,Emlak Ofisinden,Hayır,13.0,3,4,7,1652,1242028284,2025-04-23,200,,304.0,33600.0
4350000,Atakent Mh.,1242044084,23 Nisan 2025,175,150,3+1,8,Kombi (Doğalgaz),2,Kapalı,Var,Var,Açık Otopark,Hayır,Boş,Hayır,Belirtilmemiş,,Evet,Kat Mülkiyetli,Emlak Ofisinden,Hayır,7.5,3,4,8,1706,1242044084,2025-04-23,,,304.0,24857.14285714286
4650000,Balaç Mh.,1236317021,23 Nisan 2025,165,140,3+1,5,Kombi (Doğalgaz),2,Kapalı,Var,Var,Açık Otopark,Hayır,Boş,Hayır,Belirtilmemiş,Belirtilmemiş,Evet,Müstakil Tapulu,Emlak Ofisinden,Hayır,0.0,3,4,5,1802,1236317021,2025-04-23,,,304.0,28181.81818181818
4700000,Esenevler Mah.,1235922368,23 Nisan 2025,140,130,3+1,4,Kombi (Doğalgaz),2,Kapalı,Var,Var,Açık Otopark,Hayır,Boş,Hayır,Belirtilmemiş,Belirtilmemiş,Evet,Müstakil Tapulu,Emlak Ofisinden,Hayır,0.0,1,4,4,1816,1235922368,2025-04-23,,,304.0,33571.42857142857
4750000,Atakent Mh.,1212659337,23 Nisan 2025,150,140,3+1,5,Kombi (Doğalgaz),1,Kapalı,Var,Var,Açık Otopark,Hayır,Boş,Hayır,Belirtilmemiş,Belirtilmemiş,Evet,Kat Mülkiyetli,Emlak Ofisinden,Evet,13.0,5,4,5,1835,1212659337,2025-04-23,,,304.0,31666.666666666668
4800000,Yenimahalle Mah.,1078527789,23 Nisan 2025,135,125,3+1,6,Kombi (Doğalgaz),2,Kapalı,Var,Var,Açık Otopark,Hayır,Boş,Hayır,Belirtilmemiş,70,Evet,Kat Mülkiyetli,Emlak Ofisinden,Evet,0.0,2,4,6,1846,1078527789,2025-04-23,70,,304.0,35555.555555555555
4995000,İstiklal Mh.,1242070401,23 Nisan 2025,150,135,3+1,5,Kombi (Doğalgaz),2,Kapalı,Var,Var,Kapalı Otopark,Hayır,Boş,Hayır,Belirtilmemiş,Belirtilmemiş,Evet,Kat Mülkiyetli,Sahibinden,Hayır,13.0,4,4,5,1891,1242070401,2025-04-23,,,304.0,33300.0
5150000,Atakent Mh.,1242012466,23 Nisan 2025,150,140,3+1,8,Kombi (Doğalgaz),2,Kapalı,Var,Var,Açık Otopark,Hayır,Mülk Sahibi,Evet,Venüs Sitesi,1300,Hayır,Kat Mülkiyetli,Emlak Ofisinden,Evet,13.0,1,4,8,1928,1242012466,2025-04-23,1300,,304.0,34333.333333333336
5250000,Atakent Mh.,1236405235,23 Nisan 2025,145,130,3+1,6,Yerden Isıtma,2,Kapalı,Var,Var,Açık Otopark,Hayır,Boş,Hayır,Belirtilmemiş,Belirtilmemiş,Evet,Kat İrtifaklı,Emlak Ofisinden,Hayır,0.0,2,4,6,1960,1236405235,2025-04-23,,,304.0,36206.89655172414
5250000,Atakent Mh.,1236299333,23 Nisan 2025,155,140,3+1,9,Kombi (Doğalgaz),2,Kapalı,Var,Var,Açık Otopark,Hayır,Kiracılı,Hayır,Belirtilmemiş,Belirtilmemiş,Evet,Kat Mülkiyetli,Emlak Ofisinden,Hayır,4.0,6,4,9,1961,1236299333,2025-04-23,,,304.0,33870.967741935485
5350000,Atakent Mh.,1224807181,23 Nisan 2025,140,125,3+1,5,Yerden Isıtma,2,Kapalı,Var,Var,Açık Otopark,Hayır,Boş,Hayır,Belirtilmemiş,250,Evet,Kat Mülkiyetli,Emlak Ofisinden,Hayır,0.0,3,4,5,1973,1224807181,2025-04-23,250,,304.0,38214.28571428572
5500000,Camii Mh.,1242112775,23 Nisan 2025,170,160,3+1,4,Kombi (Doğalgaz),2,Kapalı,Var,Var,Açık Otopark,Hayır,Boş,Hayır,Belirtilmemiş,350,Hayır,Kat İrtifaklı,Emlak Ofisinden,Hayır,4.0,2,4,4,1998,1242112775,2025-04-23,350,,304.0,32352.941176470587
5500000,Atakent Mh.,1242091361,23 Nisan 2025,150,140,3+1,6,Yerden Isıtma,2,Kapalı,Var,Var,Açık Otopark,Hayır,Boş,Hayır,Belirtilmemiş,Belirtilmemiş,Evet,Kat Mülkiyetli,Emlak Ofisinden,Evet,2.0,2,4,6,2026,1242091361,2025-04-23,,,304.0,36666.666666666664
5800000,Güzelyalı Mh.,1242077160,23 Nisan 2025,90,80,2+1,5,Kombi (Doğalgaz),2,Açık (Amerikan),Var,Var,Kapalı Otopark,Hayır,Boş,Hayır,Belirtilmemiş,Belirtilmemiş,Evet,Kat Mülkiyetli,Emlak Ofisinden,Evet,0.0,1,3,5,2071,1242077160,2025-04-23,,,304.0,64444.444444444445
5900000,Beypınar Mh.,1213068968,23 Nisan 2025,145,125,3+1,8,Yerden Isıtma,2,Açık (Amerikan),Var,Var,Açık Otopark,Belirtilmemiş,Boş,Hayır,Belirtilmemiş,Belirtilmemiş,Belirtilmemiş,Arsa Tapulu,Sahibinden,Evet,0.0,4,4,8,2077,1213068968,2025-04-23,,,304.0,40689.65517241379
6000000,Atakent Mh.,1242017057,23 Nisan 2025,175,160,3+1,7,Yerden Isıtma,1,Kapalı,Var,Var,Açık Otopark,Hayır,Boş,Hayır,Belirtilmemiş,400,Evet,Kat Mülkiyetli,Emlak Ofisinden,Hayır,0.0,4,4,7,2130,1242017057,2025-04-23,400,,304.0,34285.71428571428
6100000,Atakent Mh.,1236347562,23 Nisan 2025,160,140,3+1,9,Kombi (Doğalgaz),2,Kapalı,Var,Var,Açık Otopark,Hayır,Boş,Hayır,Belirtilmemiş,0,Evet,Kat Mülkiyetli,Emlak Ofisinden,Evet,0.0,4,4,9,2142,1236347562,2025-04-23,0,,304.0,38125.0
1352000,Atakent Mh.,1201441805,24 Nisan 2025,135,130,3+1,5,Kombi (Doğalgaz),1,Kapalı,Var,Var,Açık Otopark,Hayır,Boş,Hayır,Belirtilmemiş,150,Evet,Kat Mülkiyetli,Emlak Ofisinden,Evet,18.0,0,4,5,4,1201441805,2025-04-24,150,,305.0,10014.814814814816
1600000,Büyükoyumca Mh.,1229831291,24 Nisan 2025,45,40,1+1,5,Kombi (Doğalgaz),1,Açık (Amerikan),Var,Var,Kapalı Otopark,Hayır,Boş,Hayır,Belirtilmemiş,0,Evet,Kat İrtifaklı,İnşaat Firmasından,Evet,0.0,4,2,5,54,1229831291,2025-04-24,0,,305.0,35555.555555555555
1650000,Yenimahalle Mah.,1242299051,24 Nisan 2025,140,120,3+1,5,Kombi (Doğalgaz),1,Açık (Amerikan),Yok,Var,Açık Otopark,Hayır,Boş,Hayır,Belirtilmemiş,Belirtilmemiş,Evet,Kat Mülkiyetli,Emlak Ofisinden,Hayır,13.0,0,4,5,75,1242299051,2025-04-24,,,305.0,11785.714285714286
1790000,Esenevler Mah.,1234429156,24 Nisan 2025,55,45,1+1,4,Kombi (Doğalgaz),1,Açık (Amerikan),Yok,Var,Açık Otopark,Evet,Boş,Hayır,Belirtilmemiş,Belirtilmemiş,Evet,Kat Mülkiyetli,Emlak Ofisinden,Hayır,1.0,0,2,4,157,1234429156,2025-04-24,,,305.0,32545.454545454544
1875000,Cumhuriyet Mah.,1242291681,24 Nisan 2025,90,80,2+1,5,Kombi (Doğalgaz),1,Kapalı,Yok,Var,Açık Otopark,Hayır,Boş,Hayır,Belirtilmemiş,Belirtilmemiş,Evet,Kat Mülkiyetli,Sahibinden,Hayır,7.5,0,3,5,259,1242291681,2025-04-24,,,305.0,20833.333333333332
2185000,Yenimahalle Mah.,1242301665,24 Nisan 2025,53,45,1+1,5,Kombi (Doğalgaz),1,Açık (Amerikan),Var,Var,Açık Otopark,Evet,Boş,Hayır,Belirtilmemiş,Belirtilmemiş,Evet,Kat Mülkiyetli,Emlak Ofisinden,Hayır,0.0,4,2,5,597,1242301665,2025-04-24,,,305.0,41226.41509433962
2200000,Cumhuriyet Mah.,1242342493,24 Nisan 2025,145,135,4+0,4,Kombi (Doğalgaz),1,Kapalı,Var,Yok,Yok,Hayır,Boş,Hayır,Belirtilmemiş,Belirtilmemiş,Evet,Kat Mülkiyetli,Sahibinden,Hayır,18.0,4,4,4,628,1242342493,2025-04-24,,,305.0,15172.413793103447
2200000,Atakent Mh.,1242118210,24 Nisan 2025,50,45,1+1,3,Kombi (Doğalgaz),1,Açık (Amerikan),Var,Var,Açık & Kapalı Otopark,Hayır,Boş,Hayır,Belirtilmemiş,300,Evet,Kat Mülkiyetli,Emlak Ofisinden,Evet,0.0,3,2,3,655,1242118210,2025-04-24,300,,305.0,44000.0
2475000,Esenevler Mah.,1242140626,24 Nisan 2025,115,110,2+1,4,Kombi (Doğalgaz),2,Açık (Amerikan),Var,Var,Yok,Hayır,Mülk Sahibi,Hayır,Belirtilmemiş,300,Evet,Kat Mülkiyetli,İnşaat Firmasından,Hayır,4.0,0,3,4,863,1242140626,2025-04-24,300,,305.0,21521.739130434784
2575000,Atatepe,1230096065,24 Nisan 2025,80,70,2+1,4,Kombi (Doğalgaz),1,Açık (Amerikan),Var,Var,Açık Otopark,Belirtilmemiş,Boş,Hayır,Belirtilmemiş,Belirtilmemiş,Belirtilmemiş,Kat İrtifaklı,Emlak Ofisinden,Hayır,0.0,3,3,4,927,1230096065,2025-04-24,,,305.0,32187.5
2990000,Atakent Mh.,1242302382,24 Nisan 2025,135,120,3+1,4,Kombi (Doğalgaz),1,Kapalı,Var,Yok,Açık Otopark,Hayır,Boş,Hayır,Belirtilmemiş,Belirtilmemiş,Evet,Kat Mülkiyetli,Emlak Ofisinden,Hayır,18.0,4,4,4,1160,1242302382,2025-04-24,,,305.0,22148.14814814815
3000000,Yenimahalle Mah.,1242205560,24 Nisan 2025,92,76,2+1,6,Kombi (Doğalgaz),2,Açık (Amerikan),Var,Var,Açık Otopark,Hayır,Boş,Hayır,Belirtilmemiş,Belirtilmemiş,Evet,Kat İrtifaklı,Emlak Ofisinden,Evet,0.0,3,3,6,1186,1242205560,2025-04-24,,,305.0,32608.695652173912
3150000,Cumhuriyet Mah.,1230572573,24 Nisan 2025,65,60,1+1,4,Kombi (Doğalgaz),1,Açık (Amerikan),Var,Var,Açık Otopark,Hayır,Boş,Hayır,Belirtilmemiş,Belirtilmemiş,Evet,Kat Mülkiyetli,Emlak Ofisinden,Hayır,0.0,4,2,4,1241,1230572573,2025-04-24,,,305.0,48461.53846153846
3375000,Atatepe,1225026035,24 Nisan 2025,120,95,2+1,4,Yerden Isıtma,2,Kapalı,Var,Var,Açık & Kapalı Otopark,Hayır,Boş,Hayır,Belirtilmemiş,Belirtilmemiş,Evet,Kat Mülkiyetli,Emlak Ofisinden,Evet,0.0,2,3,4,1319,1225026035,2025-04-24,,,305.0,28125.0
3500000,Yenimahalle Mah.,1242281565,24 Nisan 2025,45,40,1+1,7,Kombi (Doğalgaz),1,Açık (Amerikan),Var,Var,Açık Otopark,Hayır,Boş,Hayır,Belirtilmemiş,Belirtilmemiş,Hayır,Kat Mülkiyetli,Emlak Ofisinden,Hayır,0.0,2,2,7,1374,1242281565,2025-04-24,,,305.0,77777.77777777778
3625000,Atakent Mh.,1242283083,24 Nisan 2025,155,145,3+1,5,Kombi (Doğalgaz),2,Kapalı,Var,Var,Açık & Kapalı Otopark,Hayır,Boş,Hayır,Belirtilmemiş,0,Evet,Kat Mülkiyetli,Emlak Ofisinden,Hayır,7.5,5,4,5,1419,1242283083,2025-04-24,0,,305.0,23387.09677419355
3798000,Cumhuriyet Mah.,1227739214,24 Nisan 2025,160,150,3+1,4,Kombi (Doğalgaz),2,Kapalı,Var,Var,Açık & Kapalı Otopark,Hayır,Boş,Hayır,Belirtilmemiş,100,Evet,Kat Mülkiyetli,Emlak Ofisinden,Hayır,13.0,1,4,4,1490,1227739214,2025-04-24,100,,305.0,23737.5
3950000,Yenimahalle Mah.,1242370501,24 Nisan 2025,120,100,2+1,5,Yerden Isıtma,2,Kapalı,Var,Var,Açık Otopark,Hayır,Boş,Hayır,Belirtilmemiş,Belirtilmemiş,Evet,Kat İrtifaklı,Emlak Ofisinden,Evet,0.0,1,3,5,1565,1242370501,2025-04-24,,,305.0,32916.666666666664
4000000,Alanlı Mh.,1242372345,24 Nisan 2025,145,130,3+1,7,Kombi (Doğalgaz),2,Kapalı,Var,Var,Açık Otopark,Hayır,Kiracılı,Hayır,Belirtilmemiş,300,Evet,Kat Mülkiyetli,Emlak Ofisinden,Hayır,3.0,3,4,7,1577,1242372345,2025-04-24,300,,305.0,27586.206896551725
4000000,Güzelyalı Mh.,1230058964,24 Nisan 2025,55,48,1+1,4,Kombi (Doğalgaz),1,Açık (Amerikan),Var,Var,Kapalı Otopark,Hayır,Boş,Hayır,Belirtilmemiş,Belirtilmemiş,Evet,Kat Mülkiyetli,Emlak Ofisinden,Hayır,0.0,1,2,4,1590,1230058964,2025-04-24,,,305.0,72727.27272727272
4100000,Yenimahalle Mah.,1236531975,24 Nisan 2025,110,100,2+1,6,Kombi (Doğalgaz),2,Kapalı,Var,Var,Açık Otopark,Hayır,Boş,Hayır,Belirtilmemiş,Belirtilmemiş,Evet,Kat İrtifaklı,Emlak Ofisinden,Hayır,0.0,2,3,6,1629,1236531975,2025-04-24,,,305.0,37272.72727272727
4350000,İstiklal Mh.,1195370540,24 Nisan 2025,156,140,3+1,5,Kombi (Doğalgaz),1,Açık (Amerikan),Var,Var,Açık Otopark,Belirtilmemiş,Mülk Sahibi,Hayır,Belirtilmemiş,200,Evet,Kat Mülkiyetli,Sahibinden,Evet,13.0,3,4,5,1700,1195370540,2025-04-24,200,,305.0,27884.615384615383
4700000,Alanlı Mh.,1218809513,24 Nisan 2025,150,130,3+1,6,Kombi (Doğalgaz),2,Kapalı,Var,Var,Açık & Kapalı Otopark,Hayır,Mülk Sahibi,Hayır,Belirtilmemiş,200,Evet,Müstakil Tapulu,Emlak Ofisinden,Evet,3.0,3,4,6,1810,1218809513,2025-04-24,200,,305.0,31333.333333333332
5350000,Yenimahalle Mah.,1241932865,24 Nisan 2025,165,150,3+1,7,Kombi (Doğalgaz),2,Kapalı,Var,Var,Açık Otopark,Hayır,Mülk Sahibi,Hayır,Belirtilmemiş,200,Evet,Kat Mülkiyetli,Emlak Ofisinden,Evet,13.0,7,4,7,1972,1241932865,2025-04-24,200,,305.0,32424.242424242424
5600000,Mimarsinan Mah.,1229360827,24 Nisan 2025,160,140,3+1,5,Kombi (Doğalgaz),2,Kapalı,Var,Var,Açık Otopark,Hayır,Mülk Sahibi,Hayır,Belirtilmemiş,500,Evet,Kat Mülkiyetli,İnşaat Firmasından,Hayır,13.0,2,4,5,2036,1229360827,2025-04-24,500,,305.0,35000.0
6000000,Atakent Mh.,1218151741,24 Nisan 2025,130,110,3+1,8,Kombi (Doğalgaz),1,Kapalı,Var,Var,Açık Otopark,Hayır,Mülk Sahibi,Hayır,Belirtilmemiş,Belirtilmemiş,Evet,Kat Mülkiyetli,Emlak Ofisinden,Hayır,7.5,6,4,8,2128,1218151741,2025-04-24,,,305.0,46153.846153846156
6150000,Cumhuriyet Mah.,1242351570,24 Nisan 2025,175,165,3+1,4,Kombi (Doğalgaz),2,Açık (Amerikan),Var,Var,Açık & Kapalı Otopark,Hayır,Boş,Hayır,Belirtilmemiş,125,Evet,Kat Mülkiyetli,Sahibinden,Evet,7.5,4,4,4,2144,1242351570,2025-04-24,125,,305.0,35142.857142857145
8000000,Güzelyalı Mh.,1242282042,24 Nisan 2025,90,85,2+1,5,Kombi (Doğalgaz),2,Açık (Amerikan),Var,Var,Açık Otopark,Hayır,Boş,Hayır,Belirtilmemiş,Belirtilmemiş,Evet,Kat Mülkiyetli,Emlak Ofisinden,Hayır,0.0,1,3,5,2271,1242282042,2025-04-24,,,305.0,88888.88888888889
8250000,Atatepe,1242311723,24 Nisan 2025,170,155,3+1,9,Kombi (Doğalgaz),2,Kapalı,Var,Var,Açık Otopark,Evet,Mülk Sahibi,Evet,Kuryapı Atapark,250,Evet,Müstakil Tapulu,Emlak Ofisinden,Evet,1.0,6,4,9,2281,1242311723,2025-04-24,250,,305.0,48529.41176470588
8250000,Yenimahalle Mah.,1242285889,24 Nisan 2025,190,170,4+1,9,Kombi (Doğalgaz),2,Kapalı,Var,Var,Açık Otopark,Hayır,Boş,Hayır,Belirtilmemiş,Belirtilmemiş,Evet,Kat Mülkiyetli,Emlak Ofisinden,Hayır,0.0,5,5,9,2282,1242285889,2025-04-24,,,305.0,43421.05263157895
1850000,Büyükoyumca Mh.,1242349685,25 Nisan 2025,58,45,1+1,5,Kombi (Doğalgaz),1,Açık (Amerikan),Var,Var,Açık Otopark,Hayır,Boş,Hayır,Belirtilmemiş,Belirtilmemiş,Belirtilmemiş,Kat Mülkiyetli,Sahibinden,Hayır,0.0,1,2,5,219,1242349685,2025-04-25,,,306.0,31896.55172413793
1875000,Yenimahalle Mah.,1242534697,25 Nisan 2025,60,55,1+1,4,Kombi (Doğalgaz),1,Açık (Amerikan),Var,Var,Açık Otopark,Hayır,Boş,Hayır,Belirtilmemiş,375,Evet,Kat Mülkiyetli,Emlak Ofisinden,Hayır,0.0,2,2,4,273,1242534697,2025-04-25,375,,306.0,31250.0
1900000,Körfez Mh.,1241867740,25 Nisan 2025,45,40,1+1,4,Kombi (Doğalgaz),1,Açık (Amerikan),Yok,Var,Açık Otopark,Evet,Boş,Hayır,Belirtilmemiş,100,Evet,Kat Mülkiyetli,Sahibinden,Hayır,0.0,1,2,4,306,1241867740,2025-04-25,100,,306.0,42222.22222222222
1935000,Yenimahalle Mah.,1242567931,25 Nisan 2025,47,42,1+1,3,Yerden Isıtma,1,Açık (Amerikan),Yok,Var,Açık Otopark,Evet,Boş,Hayır,Belirtilmemiş,Belirtilmemiş,Evet,Kat Mülkiyetli,Emlak Ofisinden,Hayır,0.0,2,2,3,321,1242567931,2025-04-25,,,306.0,41170.21276595745
1950000,Yenimahalle Mah.,1211869458,25 Nisan 2025,60,55,1+1,6,Kombi (Doğalgaz),1,Açık (Amerikan),Var,Var,Açık Otopark,Hayır,Boş,Hayır,Belirtilmemiş,0,Evet,Kat İrtifaklı,Emlak Ofisinden,Evet,0.0,3,2,6,362,1211869458,2025-04-25,0,,306.0,32500.0
2000000,İncesu Yalı Mh.,1242410913,25 Nisan 2025,90,80,3+1,5,Kombi (Doğalgaz),2,Açık (Amerikan),Yok,Var,Yok,Evet,Kiracılı,Hayır,Belirtilmemiş,250,Hayır,Kat İrtifaklı,Sahibinden,Hayır,2.0,1,4,5,417,1242410913,2025-04-25,250,,306.0,22222.222222222223
2100000,Yenimahalle Mah.,1242457911,25 Nisan 2025,55,45,1+1,9,Merkezi (Pay Ölçer),1,Açık (Amerikan),Var,Belirtilmemiş,Kapalı Otopark,Evet,Kiracılı,Hayır,Belirtilmemiş,1600,Evet,Müstakil Tapulu,Emlak Ofisinden,Hayır,7.5,6,2,9,530,1242457911,2025-04-25,1600,,306.0,38181.818181818184
2165000,Yenimahalle Mah.,1242532227,25 Nisan 2025,55,50,1+1,6,Kombi (Doğalgaz),1,Açık (Amerikan),Var,Var,Açık Otopark,Evet,Boş,Hayır,Belirtilmemiş,200,Evet,Kat Mülkiyetli,Emlak Ofisinden,Evet,4.0,5,2,6,590,1242532227,2025-04-25,200,,306.0,39363.63636363636
2500000,İncesu Yalı Mh.,1242448702,25 Nisan 2025,50,45,1+1,5,Yerden Isıtma,1,Açık (Amerikan),Var,Var,Açık Otopark,Hayır,Boş,Hayır,Belirtilmemiş,Belirtilmemiş,Evet,Müstakil Tapulu,Emlak Ofisinden,Hayır,0.0,2,2,5,890,1242448702,2025-04-25,,,306.0,50000.0
2600000,Cumhuriyet Mah.,1242410598,25 Nisan 2025,55,42,1+1,6,Yerden Isıtma,1,Açık (Amerikan),Var,Var,Açık Otopark,Hayır,Boş,Hayır,Belirtilmemiş,350,Evet,Kat İrtifaklı,Emlak Ofisinden,Hayır,0.0,3,2,6,952,1242410598,2025-04-25,350,,306.0,47272.72727272727
2649000,Atakent Mh.,1236589764,25 Nisan 2025,60,50,1+1,6,Kombi (Doğalgaz),1,Açık (Amerikan),Var,Var,Açık Otopark,Evet,Boş,Hayır,Belirtilmemiş,Belirtilmemiş,Evet,Kat Mülkiyetli,Emlak Ofisinden,Hayır,4.0,5,2,6,960,1236589764,2025-04-25,,,306.0,44150.0
3000000,Alanlı Mh.,1242482491,25 Nisan 2025,100,85,2+1,6,Kombi (Doğalgaz),2,Açık (Amerikan),Var,Var,Açık Otopark,Hayır,Boş,Hayır,Belirtilmemiş,Belirtilmemiş,Evet,Kat Mülkiyetli,Emlak Ofisinden,Hayır,0.0,4,3,6,1163,1242482491,2025-04-25,,,306.0,30000.0
3000000,Cumhuriyet Mah.,1219099845,25 Nisan 2025,145,135,3+1,5,Kombi (Doğalgaz),1,Kapalı,Var,Var,Açık Otopark,Hayır,Kiracılı,Hayır,Belirtilmemiş,Belirtilmemiş,Evet,Kat Mülkiyetli,Emlak Ofisinden,Evet,18.0,3,4,5,1187,1219099845,2025-04-25,,,306.0,20689.655172413793
3100000,Atatepe,1242545225,25 Nisan 2025,95,85,2+1,4,Yerden Isıtma,1,Kapalı,Var,Var,Açık Otopark,Hayır,Boş,Hayır,Belirtilmemiş,Belirtilmemiş,Evet,Kat Mülkiyetli,Emlak Ofisinden,Evet,0.0,3,3,4,1220,1242545225,2025-04-25,,,306.0,32631.57894736842
3100000,Cumhuriyet Mah.,1225227127,25 Nisan 2025,130,125,3+1,5,Kombi (Doğalgaz),2,Açık (Amerikan),Var,Var,Açık Otopark,Hayır,Boş,Hayır,Belirtilmemiş,200,Evet,Kat Mülkiyetli,Emlak Ofisinden,Hayır,18.0,3,4,5,1223,1225227127,2025-04-25,200,,306.0,23846.153846153848
3200000,Mevlana Mah.,1236752180,25 Nisan 2025,85,80,2+1,5,Kombi (Doğalgaz),1,Açık (Amerikan),Var,Var,Açık Otopark,Hayır,Boş,Hayır,Belirtilmemiş,Belirtilmemiş,Hayır,Kat Mülkiyetli,Emlak Ofisinden,Hayır,0.0,5,3,5,1259,1236752180,2025-04-25,,,306.0,37647.05882352941
3200000,Atakent Mh.,1242448653,25 Nisan 2025,120,90,1+1,5,Yerden Isıtma,1,Kapalı,Var,Var,Açık Otopark,Hayır,Boş,Hayır,Belirtilmemiş,0,Evet,Kat Mülkiyetli,Emlak Ofisinden,Hayır,0.0,1,2,5,1263,1242448653,2025-04-25,0,,306.0,26666.666666666668
3750000,Alanlı Mh.,1230163156,25 Nisan 2025,90,80,1+1,5,Kombi (Doğalgaz),1,Kapalı,Var,Var,Açık Otopark,Hayır,Boş,Hayır,Belirtilmemiş,Belirtilmemiş,Evet,Kat Mülkiyetli,Emlak Ofisinden,Evet,0.0,3,2,5,1452,1230163156,2025-04-25,,,306.0,41666.666666666664
3850000,Atakent Mh.,1236700301,25 Nisan 2025,135,125,3+1,5,Kombi (Doğalgaz),1,Kapalı,Var,Var,Açık Otopark,Hayır,Mülk Sahibi,Hayır,Belirtilmemiş,300,Evet,Kat Mülkiyetli,Emlak Ofisinden,Hayır,7.5,5,4,5,1516,1236700301,2025-04-25,300,,306.0,28518.51851851852
3875000,Yenimahalle Mah.,1225119019,25 Nisan 2025,150,135,3+1,7,Kombi (Doğalgaz),2,Kapalı,Var,Var,Açık Otopark,Hayır,Boş,Hayır,Belirtilmemiş,0,Evet,Kat Mülkiyetli,Emlak Ofisinden,Evet,7.5,7,4,7,1521,1225119019,2025-04-25,0,,306.0,25833.333333333332
4050000,Atakent Mh.,1232908794,25 Nisan 2025,100,85,2+1,7,Kombi (Doğalgaz),2,Kapalı,Var,Var,Açık Otopark,Hayır,Boş,Hayır,Belirtilmemiş,Belirtilmemiş,Evet,Kat Mülkiyetli,Emlak Ofisinden,Evet,0.0,1,3,7,1603,1232908794,2025-04-25,,,306.0,40500.0
4350000,Yenimahalle Mah.,1242405599,25 Nisan 2025,110,100,2+1,7,Yerden Isıtma,2,Kapalı,Var,Var,Açık Otopark,Hayır,Mülk Sahibi,Hayır,Belirtilmemiş,470,Evet,Kat Mülkiyetli,Sahibinden,Evet,1.0,6,3,7,1704,1242405599,2025-04-25,470,,306.0,39545.454545454544
4350000,Yenimahalle Mah.,1236051318,25 Nisan 2025,106,85,2+1,4,Merkezi (Pay Ölçer),2,Kapalı,Var,Var,Kapalı Otopark,Hayır,Kiracılı,Hayır,Belirtilmemiş,1500,Evet,Kat Mülkiyetli,Emlak Ofisinden,Evet,1.0,2,3,4,1712,1236051318,2025-04-25,1500,,306.0,41037.735849056604
4475000,Alanlı Mh.,1236759072,25 Nisan 2025,105,95,2+1,6,Yerden Isıtma,2,Açık (Amerikan),Var,Var,Açık Otopark,Hayır,Boş,Hayır,Belirtilmemiş,Belirtilmemiş,Evet,Kat Mülkiyetli,Emlak Ofisinden,Evet,0.0,5,3,6,1744,1236759072,2025-04-25,,,306.0,42619.04761904762
4500000,Körfez Mh.,1234974335,25 Nisan 2025,65,60,1+1,6,Yerden Isıtma,1,Açık (Amerikan),Var,Var,Açık & Kapalı Otopark,Hayır,Boş,Evet,Belirtilmemiş,Belirtilmemiş,Evet,Kat İrtifaklı,İnşaat Firmasından,Evet,0.0,2,2,6,1765,1234974335,2025-04-25,,,306.0,69230.76923076923
4700000,Yenimahalle Mah.,1219346283,25 Nisan 2025,110,100,2+1,6,Kombi (Doğalgaz),2,Kapalı,Var,Var,Açık Otopark,Hayır,Boş,Hayır,Belirtilmemiş,Belirtilmemiş,Evet,Kat Mülkiyetli,Emlak Ofisinden,Evet,0.0,1,3,6,1821,1219346283,2025-04-25,,,306.0,42727.27272727273
4750000,Atakent Mh.,1224702084,25 Nisan 2025,165,135,3+1,8,Kombi (Doğalgaz),2,Kapalı,Var,Var,Açık Otopark,Hayır,Mülk Sahibi,Hayır,Belirtilmemiş,Belirtilmemiş,Evet,Kat Mülkiyetli,Emlak Ofisinden,Hayır,13.0,2,4,8,1836,1224702084,2025-04-25,,,306.0,28787.878787878788
5000000,Atakent Mh.,1242418246,25 Nisan 2025,155,137,3+1,9,Kombi (Doğalgaz),2,Kapalı,Var,Var,Açık Otopark,Hayır,Boş,Hayır,Belirtilmemiş,250,Evet,Kat Mülkiyetli,Emlak Ofisinden,Hayır,7.5,6,4,9,1917,1242418246,2025-04-25,250,,306.0,32258.064516129034
5200000,Güzelyalı Mh.,1197276484,25 Nisan 2025,70,60,1+1,3,Yerden Isıtma,1,Açık (Amerikan),Var,Var,Kapalı Otopark,Hayır,Boş,Hayır,Belirtilmemiş,Belirtilmemiş,Evet,Kat İrtifaklı,Emlak Ofisinden,Evet,0.0,2,2,3,1939,1197276484,2025-04-25,,,306.0,74285.71428571429
5750000,Güzelyalı Mh.,1213272584,25 Nisan 2025,95,80,2+1,4,Yerden Isıtma,2,Açık (Amerikan),Var,Var,Kapalı Otopark,Hayır,Boş,Hayır,Belirtilmemiş,200,Evet,Kat Mülkiyetli,Emlak Ofisinden,Hayır,0.0,1,3,4,2066,1213272584,2025-04-25,200,,306.0,60526.31578947369
6000000,Atakent Mh.,1242484786,25 Nisan 2025,165,140,3+1,7,Kombi (Doğalgaz),2,Kapalı,Var,Var,Açık Otopark,Hayır,Boş,Hayır,Belirtilmemiş,250,Evet,Kat İrtifaklı,Emlak Ofisinden,Evet,0.0,4,4,7,2126,1242484786,2025-04-25,250,,306.0,36363.63636363636
6100000,Güzelyalı Mh.,1193956231,25 Nisan 2025,260,230,5+2,5,Kombi (Doğalgaz),2,Kapalı,Var,Var,Açık Otopark,Belirtilmemiş,Mülk Sahibi,Hayır,Belirtilmemiş,Belirtilmemiş,Belirtilmemiş,Kat Mülkiyetli,Emlak Ofisinden,Hayır,18.0,5,7,5,2141,1193956231,2025-04-25,,,306.0,23461.53846153846
6500000,Atatepe,1219090616,25 Nisan 2025,160,150,3+1,6,Kombi (Doğalgaz),2,Kapalı,Var,Var,Açık Otopark,Hayır,Mülk Sahibi,Hayır,Belirtilmemiş,Belirtilmemiş,Evet,Kat Mülkiyetli,Emlak Ofisinden,Evet,2.0,1,4,6,2183,1219090616,2025-04-25,,,306.0,40625.0
7400000,Güzelyalı Mh.,1242490707,25 Nisan 2025,135,120,3+1,4,Yerden Isıtma,2,Kapalı,Var,Var,Açık & Kapalı Otopark,Hayır,Boş,Hayır,Belirtilmemiş,100,Evet,Kat İrtifaklı,Emlak Ofisinden,Hayır,0.0,1,4,4,2245,1242490707,2025-04-25,100,,306.0,54814.81481481482
8000000,Yeşildere Mh.,1175040571,25 Nisan 2025,165,135,3+1,5,Merkezi (Pay Ölçer),2,Kapalı,Var,Var,Açık & Kapalı Otopark,Hayır,Mülk Sahibi,Evet,Globus 30,1750,Evet,Kat Mülkiyetli,Sahibinden,Hayır,7.5,2,4,5,2270,1175040571,2025-04-25,1750,,306.0,48484.84848484849
1400000,Yenimahalle Mah.,1218697300,26 Nisan 2025,60,55,1+1,7,Kombi (Doğalgaz),1,Kapalı,Var,Var,Açık Otopark,Hayır,Mülk Sahibi,Hayır,Belirtilmemiş,250,Evet,Kat Mülkiyetli,Emlak Ofisinden,Hayır,4.0,0,2,7,9,1218697300,2025-04-26,250,,307.0,23333.333333333332
1820000,Küçükkolpınar Mh.,1232078592,26 Nisan 2025,55,45,1+1,4,Yerden Isıtma,1,Açık (Amerikan),Var,Var,Açık Otopark,Hayır,Boş,Hayır,Belirtilmemiş,Belirtilmemiş,Evet,Kat İrtifaklı,Sahibinden,Evet,0.0,1,2,4,194,1232078592,2025-04-26,,,307.0,33090.90909090909
1875000,Körfez Mh.,1242634854,26 Nisan 2025,65,55,1+1,7,Kombi (Doğalgaz),1,Açık (Amerikan),Var,Var,Açık Otopark,Evet,Kiracılı,Hayır,Belirtilmemiş,Belirtilmemiş,Evet,Kat İrtifaklı,Emlak Ofisinden,Hayır,7.5,5,2,7,266,1242634854,2025-04-26,,,307.0,28846.153846153848
1935000,Körfez Mh.,1242652869,26 Nisan 2025,65,60,1+1,5,Yerden Isıtma,1,Açık (Amerikan),Var,Var,Açık Otopark,Evet,Boş,Hayır,Belirtilmemiş,Belirtilmemiş,Evet,Kat Mülkiyetli,Sahibinden,Evet,0.0,4,2,5,319,1242652869,2025-04-26,,,307.0,29769.23076923077
1950000,Yenimahalle Mah.,1216419907,26 Nisan 2025,95,85,2+1,5,Kombi (Doğalgaz),1,Kapalı,Yok,Yok,Açık Otopark,Hayır,Boş,Hayır,Belirtilmemiş,Belirtilmemiş,Evet,Kat Mülkiyetli,Emlak Ofisinden,Hayır,13.0,0,3,5,363,1216419907,2025-04-26,,,307.0,20526.315789473683
2000000,Alanlı Mh.,1242576648,26 Nisan 2025,60,45,1+1,5,Yerden Isıtma,1,Açık (Amerikan),Var,Var,Açık Otopark,Hayır,Boş,Hayır,Belirtilmemiş,350,Evet,Kat Mülkiyetli,Emlak Ofisinden,Evet,0.0,4,2,5,405,1242576648,2025-04-26,350,,307.0,33333.333333333336
2000000,Atatepe,1225295537,26 Nisan 2025,50,45,1+1,4,Kombi (Doğalgaz),1,Açık (Amerikan),Var,Var,Açık Otopark,Evet,Kiracılı,Hayır,Belirtilmemiş,Belirtilmemiş,Evet,Kat Mülkiyetli,Emlak Ofisinden,Hayır,0.0,2,2,4,434,1225295537,2025-04-26,,,307.0,40000.0
2050000,Körfez Mh.,1235289485,26 Nisan 2025,49,37,1+1,5,Kombi (Doğalgaz),1,Açık (Amerikan),Var,Var,Açık Otopark,Evet,Boş,Hayır,Belirtilmemiş,250,Evet,Müstakil Tapulu,Emlak Ofisinden,Hayır,0.0,2,2,5,473,1235289485,2025-04-26,250,,307.0,41836.73469387755
2065000,Alanlı Mh.,1242660439,26 Nisan 2025,55,50,1+1,2,Yerden Isıtma,1,Açık (Amerikan),Var,Var,Açık Otopark,Evet,Boş,Hayır,Belirtilmemiş,Belirtilmemiş,Evet,Kat Mülkiyetli,Emlak Ofisinden,Hayır,0.0,1,2,2,480,1242660439,2025-04-26,,,307.0,37545.454545454544
2145000,Yenimahalle Mah.,1242668236,26 Nisan 2025,50,42,1+1,3,Kombi (Doğalgaz),1,Açık (Amerikan),Var,Var,Açık Otopark,Evet,Boş,Hayır,Belirtilmemiş,150,Evet,Kat Mülkiyetli,Emlak Ofisinden,Hayır,0.0,1,2,3,547,1242668236,2025-04-26,150,,307.0,42900.0
2150000,Büyükoyumca Mh.,1224944868,26 Nisan 2025,42,37,1+1,5,Kombi (Doğalgaz),1,Açık (Amerikan),Var,Var,Yok,Hayır,Boş,Hayır,Belirtilmemiş,Belirtilmemiş,Evet,Müstakil Tapulu,Emlak Ofisinden,Evet,0.0,2,2,5,552,1224944868,2025-04-26,,,307.0,51190.47619047619
2195000,Alanlı Mh.,1242682938,26 Nisan 2025,55,50,1+1,2,Yerden Isıtma,1,Açık (Amerikan),Var,Var,Açık Otopark,Belirtilmemiş,Boş,Hayır,Belirtilmemiş,Belirtilmemiş,Belirtilmemiş,Kat Mülkiyetli,Emlak Ofisinden,Hayır,0.0,2,2,2,602,1242682938,2025-04-26,,,307.0,39909.09090909091
2200000,Atatepe,1242622411,26 Nisan 2025,55,45,1+1,6,Yerden Isıtma,1,Açık (Amerikan),Var,Var,Açık Otopark,Hayır,Boş,Hayır,Belirtilmemiş,Belirtilmemiş,Evet,Kat İrtifaklı,Emlak Ofisinden,Hayır,0.0,2,2,6,654,1242622411,2025-04-26,,,307.0,40000.0
2250000,Atatepe,1242633687,26 Nisan 2025,53,43,1+1,3,Yerden Isıtma,1,Açık (Amerikan),Var,Var,Açık Otopark,Hayır,Boş,Hayır,Belirtilmemiş,Belirtilmemiş,Evet,Kat İrtifaklı,Emlak Ofisinden,Hayır,0.0,3,2,3,709,1242633687,2025-04-26,,,307.0,42452.83018867925
2390000,Yenimahalle Mah.,1236936149,26 Nisan 2025,50,40,1+1,5,Kombi (Doğalgaz),1,Açık (Amerikan),Var,Var,Açık Otopark,Belirtilmemiş,Boş,Hayır,Belirtilmemiş,Belirtilmemiş,Belirtilmemiş,Kat Mülkiyetli,Emlak Ofisinden,Hayır,0.0,3,2,5,814,1236936149,2025-04-26,,,307.0,47800.0
2450000,Yenimahalle Mah.,1185440777,26 Nisan 2025,54,50,1+1,6,Kombi (Doğalgaz),1,Açık (Amerikan),Var,Var,Açık Otopark,Hayır,Boş,Hayır,Belirtilmemiş,Belirtilmemiş,Evet,Kat Mülkiyetli,Emlak Ofisinden,Hayır,0.0,6,2,6,860,1185440777,2025-04-26,,,307.0,45370.37037037037
2650000,Esenevler Mah.,1242685028,26 Nisan 2025,58,50,1+1,3,Kombi (Doğalgaz),1,Açık (Amerikan),Var,Var,Açık Otopark,Hayır,Boş,Hayır,Belirtilmemiş,300,Evet,Kat Mülkiyetli,Sahibinden,Hayır,3.0,0,2,3,969,1242685028,2025-04-26,300,,307.0,45689.65517241379
2750000,Yenimahalle Mah.,1242687387,26 Nisan 2025,100,90,2+1,5,Kombi (Doğalgaz),1,Açık (Amerikan),Var,Var,Açık Otopark,Hayır,Boş,Hayır,Belirtilmemiş,Belirtilmemiş,Evet,Kat Mülkiyetli,Emlak Ofisinden,Hayır,7.5,1,3,5,1057,1242687387,2025-04-26,,,307.0,27500.0
3050000,Atakent Mh.,1242627612,26 Nisan 2025,65,60,1+1,7,Kombi (Doğalgaz),1,Açık (Amerikan),Var,Var,Açık Otopark,Evet,Kiracılı,Hayır,Belirtilmemiş,Belirtilmemiş,Evet,Kat Mülkiyetli,Emlak Ofisinden,Hayır,3.0,4,2,7,1194,1242627612,2025-04-26,,,307.0,46923.07692307692
3295000,İstiklal Mh.,1224942687,26 Nisan 2025,130,115,3+1,3,Kombi (Doğalgaz),1,Kapalı,Var,Yok,Yok,Hayır,Boş,Hayır,Belirtilmemiş,Belirtilmemiş,Evet,Müstakil Tapulu,Emlak Ofisinden,Hayır,13.0,1,4,3,1287,1224942687,2025-04-26,,,307.0,25346.153846153848
3300000,Yenimahalle Mah.,1242688051,26 Nisan 2025,60,47,1+1,5,Kombi (Doğalgaz),1,Açık (Amerikan),Var,Var,Açık Otopark,Evet,Mülk Sahibi,Hayır,Belirtilmemiş,300,Evet,Kat Mülkiyetli,Sahibinden,Hayır,7.5,1,2,5,1298,1242688051,2025-04-26,300,,307.0,55000.0
4100000,Alanlı Mh.,1071933292,26 Nisan 2025,90,77,2+1,6,Kombi (Doğalgaz),2,Açık (Amerikan),Var,Var,Açık Otopark,Hayır,Boş,Hayır,Belirtilmemiş,0,Evet,Kat Mülkiyetli,Emlak Ofisinden,Hayır,0.0,2,3,6,1614,1071933292,2025-04-26,0,,307.0,45555.555555555555
5250000,Balaç Mh.,1233541362,26 Nisan 2025,130,110,3+1,5,Yerden Isıtma,2,Kapalı,Var,Var,Açık & Kapalı Otopark,Hayır,Boş,Hayır,Belirtilmemiş,500,Evet,Kat Mülkiyetli,Sahibinden,Hayır,0.0,4,4,5,1946,1233541362,2025-04-26,500,,307.0,40384.61538461538
5300000,Atakent Mh.,1242639701,26 Nisan 2025,140,125,3+1,6,Kombi (Doğalgaz),2,Kapalı,Var,Var,Açık Otopark,Hayır,Mülk Sahibi,Evet,Alsancak Sitesi,Belirtilmemiş,Evet,Kat Mülkiyetli,Emlak Ofisinden,Hayır,13.0,4,4,6,1970,1242639701,2025-04-26,,,307.0,37857.142857142855
5590000,Cumhuriyet Mah.,1242683128,26 Nisan 2025,160,140,3+1,5,Kombi (Doğalgaz),2,Kapalı,Var,Var,Açık Otopark,Hayır,Mülk Sahibi,Hayır,Belirtilmemiş,350,Evet,Müstakil Tapulu,Emlak Ofisinden,Hayır,7.5,5,4,5,2034,1242683128,2025-04-26,350,,307.0,34937.5
5650000,Alanlı Mh.,1236928510,26 Nisan 2025,150,130,3+1,8,Yerden Isıtma,2,Açık (Amerikan),Var,Var,Açık Otopark,Hayır,Boş,Hayır,Belirtilmemiş,Belirtilmemiş,Evet,Kat İrtifaklı,Emlak Ofisinden,Hayır,0.0,1,4,8,2042,1236928510,2025-04-26,,,307.0,37666.666666666664
5950000,Mimarsinan Mah.,1208622152,26 Nisan 2025,240,220,4+2,7,Kombi (Doğalgaz),2,Açık (Amerikan),Var,Var,Açık Otopark,Evet,Mülk Sahibi,Hayır,Belirtilmemiş,150,Evet,Kat İrtifaklı,Sahibinden,Hayır,13.0,7,6,7,2085,1208622152,2025-04-26,150,,307.0,24791.666666666668
6250000,Yenimahalle Mah.,1228345823,26 Nisan 2025,160,140,3+1,8,Kombi (Doğalgaz),2,Kapalı,Var,Var,Açık Otopark,Hayır,Boş,Hayır,Belirtilmemiş,Belirtilmemiş,Evet,Kat Mülkiyetli,Emlak Ofisinden,Hayır,7.5,4,4,8,2157,1228345823,2025-04-26,,,307.0,39062.5
7250000,Atakent Mh.,1218461022,26 Nisan 2025,204,174,3+1,6,Kombi (Doğalgaz),2,Kapalı,Var,Var,Açık Otopark,Hayır,Boş,Hayır,Belirtilmemiş,300,Evet,Kat Mülkiyetli,Emlak Ofisinden,Evet,7.5,3,4,6,2244,1218461022,2025-04-26,300,,307.0,35539.21568627451
1850000,Körfez Mh.,1242927214,27 Nisan 2025,45,40,1+1,5,Kombi (Doğalgaz),1,Açık (Amerikan),Var,Var,Açık Otopark,Evet,Kiracılı,Evet,Belirtilmemiş,250,Evet,Kat İrtifaklı,Sahibinden,Hayır,7.5,2,2,5,241,1242927214,2025-04-27,250,,308.0,41111.11111111111
2100000,Büyükoyumca Mh.,1143236026,27 Nisan 2025,63,55,1+1,5,Kombi (Doğalgaz),1,Açık (Amerikan),Var,Var,Açık Otopark,Hayır,Boş,Hayır,Belirtilmemiş,Belirtilmemiş,Belirtilmemiş,Kat Mülkiyetli,Sahibinden,Evet,0.0,1,2,5,503,1143236026,2025-04-27,,,308.0,33333.333333333336
2200000,Mevlana Mah.,1242853320,27 Nisan 2025,50,48,1+1,7,Yerden Isıtma,1,Açık (Amerikan),Var,Var,Açık Otopark,Hayır,Boş,Hayır,Belirtilmemiş,Belirtilmemiş,Evet,Kat İrtifaklı,Sahibinden,Evet,0.0,3,2,7,649,1242853320,2025-04-27,,,308.0,44000.0
2275000,İncesu Yalı Mh.,1145395522,27 Nisan 2025,55,51,1+1,4,Yerden Isıtma,1,Açık (Amerikan),Var,Var,Açık & Kapalı Otopark,Hayır,Boş,Hayır,Belirtilmemiş,Belirtilmemiş,Hayır,Kat Mülkiyetli,Sahibinden,Evet,0.0,4,2,4,715,1145395522,2025-04-27,,,308.0,41363.63636363636
2325000,Atakent Mh.,1231439233,27 Nisan 2025,60,50,1+1,5,Kombi (Doğalgaz),1,Açık (Amerikan),Var,Var,Açık Otopark,Hayır,Boş,Hayır,Belirtilmemiş,Belirtilmemiş,Hayır,Kat İrtifaklı,Emlak Ofisinden,Hayır,0.0,2,2,5,767,1231439233,2025-04-27,,,308.0,38750.0
2700000,Yenimahalle Mah.,1231442051,27 Nisan 2025,60,50,1+1,5,Kombi (Doğalgaz),1,Açık (Amerikan),Var,Var,Açık Otopark,Evet,Boş,Hayır,Belirtilmemiş,150,Hayır,Kat Mülkiyetli,Emlak Ofisinden,Hayır,0.0,3,2,5,1005,1231442051,2025-04-27,150,,308.0,45000.0
2750000,Atakent Mh.,1242795451,27 Nisan 2025,70,60,1+1,8,Kombi (Doğalgaz),1,Açık (Amerikan),Var,Var,Açık Otopark,Belirtilmemiş,Kiracılı,Hayır,Belirtilmemiş,200,Evet,Kat Mülkiyetli,Sahibinden,Hayır,7.5,6,2,8,1013,1242795451,2025-04-27,200,,308.0,39285.71428571428
2800000,Yenimahalle Mah.,1242881324,27 Nisan 2025,110,90,2+1,5,Kombi (Doğalgaz),1,Açık (Amerikan),Var,Var,Açık Otopark,Hayır,Boş,Hayır,Belirtilmemiş,Belirtilmemiş,Belirtilmemiş,Kat İrtifaklı,Sahibinden,Hayır,7.5,1,3,5,1079,1242881324,2025-04-27,,,308.0,25454.545454545456
2950000,Yenimahalle Mah.,1222826738,27 Nisan 2025,110,90,2+1,4,Kombi (Doğalgaz),1,Açık (Amerikan),Var,Var,Açık Otopark,Hayır,Boş,Hayır,Belirtilmemiş,400,Evet,Kat Mülkiyetli,Emlak Ofisinden,Evet,7.5,3,3,4,1148,1222826738,2025-04-27,400,,308.0,26818.18181818182
3250000,Yenimahalle Mah.,1242825255,27 Nisan 2025,55,50,1+1,8,Yerden Isıtma,1,Açık (Amerikan),Var,Var,Açık Otopark,Hayır,Boş,Hayır,Belirtilmemiş,Belirtilmemiş,Evet,Kat Mülkiyetli,Sahibinden,Evet,0.0,8,2,8,1281,1242825255,2025-04-27,,,308.0,59090.90909090909
3400000,Yenimahalle Mah.,1236286351,27 Nisan 2025,90,80,2+1,5,Kombi (Doğalgaz),2,Kapalı,Var,Var,Açık & Kapalı Otopark,Hayır,Boş,Hayır,Belirtilmemiş,200,Hayır,Kat Mülkiyetli,Sahibinden,Hayır,3.0,3,3,5,1329,1236286351,2025-04-27,200,,308.0,37777.77777777778
3800000,Mimarsinan Mah.,1242889746,27 Nisan 2025,158,135,3+1,6,Kombi (Doğalgaz),1,Kapalı,Var,Var,Açık Otopark,Hayır,Mülk Sahibi,Hayır,Belirtilmemiş,200,Evet,Kat Mülkiyetli,Sahibinden,Hayır,18.0,3,4,6,1494,1242889746,2025-04-27,200,,308.0,24050.632911392404
4000000,Yenimahalle Mah.,1219454282,27 Nisan 2025,145,130,3+1,7,Kombi (Doğalgaz),2,Kapalı,Var,Var,Açık Otopark,Hayır,Boş,Hayır,Belirtilmemiş,Belirtilmemiş,Evet,Kat Mülkiyetli,Emlak Ofisinden,Hayır,7.5,7,4,7,1591,1219454282,2025-04-27,,,308.0,27586.206896551725
4100000,Yenimahalle Mah.,1242778729,27 Nisan 2025,100,85,2+1,6,Kombi (Doğalgaz),2,Kapalı,Var,Var,Açık Otopark,Hayır,Boş,Hayır,Belirtilmemiş,Belirtilmemiş,Evet,Kat İrtifaklı,Emlak Ofisinden,Hayır,0.0,2,3,6,1630,1242778729,2025-04-27,,,308.0,41000.0
4200000,Körfez Mh.,1242837634,27 Nisan 2025,130,115,3+1,5,Kombi (Doğalgaz),1,Kapalı,Var,Var,Açık Otopark,Hayır,Mülk Sahibi,Hayır,Belirtilmemiş,300,Evet,Kat Mülkiyetli,Sahibinden,Hayır,7.5,1,4,5,1650,1242837634,2025-04-27,300,,308.0,32307.69230769231
5200000,Yenimahalle Mah.,1219497317,27 Nisan 2025,160,140,3+1,5,Kombi (Doğalgaz),2,Kapalı,Var,Var,Açık & Kapalı Otopark,Hayır,Boş,Hayır,Belirtilmemiş,350,Evet,Kat Mülkiyetli,Emlak Ofisinden,Evet,3.0,5,4,5,1940,1219497317,2025-04-27,350,,308.0,32500.0
5299000,Atakent Mh.,1236973964,27 Nisan 2025,150,135,3+1,5,Yerden Isıtma,2,Kapalı,Var,Var,Açık Otopark,Hayır,Boş,Hayır,Belirtilmemiş,100,Evet,Kat Mülkiyetli,Emlak Ofisinden,Hayır,0.0,3,4,5,1964,1236973964,2025-04-27,100,,308.0,35326.666666666664
5500000,Beypınar Mh.,1242805281,27 Nisan 2025,155,138,3+1,4,Yerden Isıtma,2,Kapalı,Var,Var,Açık & Kapalı Otopark,Hayır,Boş,Hayır,Belirtilmemiş,Belirtilmemiş,Evet,Kat Mülkiyetli,Sahibinden,Hayır,0.0,2,4,4,1995,1242805281,2025-04-27,,,308.0,35483.87096774193
5500000,Atakent Mh.,1242774682,27 Nisan 2025,150,135,3+1,5,Yerden Isıtma,2,Kapalı,Var,Var,Açık Otopark,Hayır,Boş,Hayır,Belirtilmemiş,Belirtilmemiş,Evet,Kat İrtifaklı,Emlak Ofisinden,Evet,0.0,1,4,5,2025,1242774682,2025-04-27,,,308.0,36666.666666666664
5500000,Atakent Mh.,1242788587,27 Nisan 2025,160,140,3+1,5,Yerden Isıtma,2,Kapalı,Var,Var,Açık & Kapalı Otopark,Hayır,Boş,Hayır,Belirtilmemiş,Belirtilmemiş,Belirtilmemiş,Kat Mülkiyetli,Emlak Ofisinden,Evet,0.0,3,4,5,2027,1242788587,2025-04-27,,,308.0,34375.0
6000000,Küçükkolpınar Mh.,1117869710,27 Nisan 2025,175,165,4+1,5,Kombi (Doğalgaz),2,Kapalı,Var,Var,Açık Otopark,Hayır,Boş,Hayır,Belirtilmemiş,Belirtilmemiş,Belirtilmemiş,Müstakil Tapulu,Emlak Ofisinden,Evet,0.0,4,5,5,2111,1117869710,2025-04-27,,,308.0,34285.71428571428
6000000,Atakent Mh.,1242918009,27 Nisan 2025,140,130,3+1,5,Yerden Isıtma,2,Kapalı,Var,Var,Açık Otopark,Hayır,Boş,Hayır,Belirtilmemiş,150,Evet,Kat Mülkiyetli,Emlak Ofisinden,Hayır,0.0,4,4,5,2131,1242918009,2025-04-27,150,,308.0,42857.142857142855
1690000,Yenimahalle Mah.,1242995212,28 Nisan 2025,50,45,1+1,9,Kombi (Doğalgaz),1,Açık (Amerikan),Yok,Var,Açık Otopark,Evet,Boş,Hayır,Belirtilmemiş,200,Evet,Kat İrtifaklı,Emlak Ofisinden,Evet,4.0,6,2,9,93,1242995212,2025-04-28,200,,309.0,33800.0
1750000,Alanlı Mh.,1242639842,28 Nisan 2025,50,45,1+1,6,Yerden Isıtma,1,Açık (Amerikan),Var,Var,Açık Otopark,Hayır,Kiracılı,Hayır,Belirtilmemiş,400,Evet,Kat Mülkiyetli,Emlak Ofisinden,Hayır,1.0,3,2,6,117,1242639842,2025-04-28,400,,309.0,35000.0
2150000,Körfez Mh.,1236620604,28 Nisan 2025,47,40,1+1,5,Yerden Isıtma,1,Açık (Amerikan),Yok,Var,Açık Otopark,Hayır,Boş,Hayır,Belirtilmemiş,Belirtilmemiş,Evet,Kat Mülkiyetli,Sahibinden,Evet,0.0,0,2,5,568,1236620604,2025-04-28,,,309.0,45744.68085106383
2150000,Yenimahalle Mah.,1243014871,28 Nisan 2025,50,48,1+1,4,Kombi (Doğalgaz),1,Açık (Amerikan),Var,Var,Açık & Kapalı Otopark,Evet,Boş,Hayır,Belirtilmemiş,Belirtilmemiş,Hayır,Kat Mülkiyetli,Emlak Ofisinden,Hayır,0.0,3,2,4,577,1243014871,2025-04-28,,,309.0,43000.0
2165000,Yenimahalle Mah.,1243005876,28 Nisan 2025,50,47,1+1,6,Kombi (Doğalgaz),1,Açık (Amerikan),Var,Var,Açık & Kapalı Otopark,Evet,Boş,Hayır,Belirtilmemiş,Belirtilmemiş,Evet,Kat Mülkiyetli,Emlak Ofisinden,Hayır,4.0,5,2,6,584,1243005876,2025-04-28,,,309.0,43300.0
2250000,Yenimahalle Mah.,1243011459,28 Nisan 2025,50,48,1+1,4,Kombi (Doğalgaz),1,Açık (Amerikan),Var,Var,Açık & Kapalı Otopark,Evet,Boş,Hayır,Belirtilmemiş,Belirtilmemiş,Hayır,Kat Mülkiyetli,Emlak Ofisinden,Hayır,0.0,4,2,4,708,1243011459,2025-04-28,,,309.0,45000.0
2300000,Alanlı Mh.,1243069274,28 Nisan 2025,50,45,1+1,5,Yerden Isıtma,1,Açık (Amerikan),Var,Var,Açık Otopark,Hayır,Boş,Hayır,Belirtilmemiş,0,Hayır,Tapu Kaydı Yok,Emlak Ofisinden,Evet,0.0,1,2,5,727,1243069274,2025-04-28,0,,309.0,46000.0
2350000,İncesu Yalı Mh.,1196606931,28 Nisan 2025,60,50,1+1,4,Kombi (Doğalgaz),1,Açık (Amerikan),Var,Var,Açık Otopark,Hayır,Boş,Hayır,Belirtilmemiş,Belirtilmemiş,Belirtilmemiş,Kat Mülkiyetli,Sahibinden,Evet,0.0,3,2,4,780,1196606931,2025-04-28,,,309.0,39166.666666666664
2375000,Atatepe,1243140426,28 Nisan 2025,55,45,1+1,5,Yerden Isıtma,1,Açık (Amerikan),Var,Var,Açık Otopark,Evet,Boş,Hayır,Belirtilmemiş,100,Evet,Kat Mülkiyetli,Emlak Ofisinden,Hayır,0.0,3,2,5,806,1243140426,2025-04-28,100,,309.0,43181.818181818184
2700000,Yenimahalle Mah.,1225870286,28 Nisan 2025,60,50,1+1,5,Kombi (Doğalgaz),1,Açık (Amerikan),Var,Var,Açık Otopark,Evet,Boş,Hayır,Belirtilmemiş,150,Evet,Kat Mülkiyetli,Emlak Ofisinden,Evet,0.0,5,2,5,1004,1225870286,2025-04-28,150,,309.0,45000.0
3000000,Yenimahalle Mah.,1243012660,28 Nisan 2025,60,50,1+1,6,Kombi (Doğalgaz),1,Açık (Amerikan),Var,Var,Açık Otopark,Hayır,Boş,Hayır,Belirtilmemiş,Belirtilmemiş,Evet,Kat Mülkiyetli,Emlak Ofisinden,Evet,0.0,2,2,6,1184,1243012660,2025-04-28,,,309.0,50000.0
3000000,İncesu Mh.,1236743906,28 Nisan 2025,55,50,1+1,5,Yerden Isıtma,1,Açık (Amerikan),Var,Var,Açık Otopark,Evet,Boş,Hayır,Belirtilmemiş,Belirtilmemiş,Evet,Kat Mülkiyetli,Emlak Ofisinden,Hayır,1.0,3,2,5,1188,1236743906,2025-04-28,,,309.0,54545.454545454544
3200000,Yenimahalle Mah.,1243016035,28 Nisan 2025,55,50,1+1,5,Yerden Isıtma,1,Açık (Amerikan),Var,Var,Açık Otopark,Evet,Boş,Hayır,Belirtilmemiş,Belirtilmemiş,Evet,Kat Mülkiyetli,Emlak Ofisinden,Evet,0.0,2,2,5,1264,1243016035,2025-04-28,,,309.0,58181.818181818184
3345000,Körfez Mh.,1193021796,28 Nisan 2025,150,140,3+1,7,Kombi (Doğalgaz),2,Kapalı,Var,Var,Açık Otopark,Hayır,Boş,Hayır,Belirtilmemiş,150,Belirtilmemiş,Kat Mülkiyetli,Emlak Ofisinden,Evet,18.0,2,4,7,1304,1193021796,2025-04-28,150,,309.0,22300.0
3400000,Yenimahalle Mah.,1243098570,28 Nisan 2025,55,44,1+1,5,Kombi (Doğalgaz),1,Açık (Amerikan),Var,Var,Açık Otopark,Evet,Boş,Hayır,Belirtilmemiş,Belirtilmemiş,Evet,Kat Mülkiyetli,Emlak Ofisinden,Hayır,0.0,2,2,5,1331,1243098570,2025-04-28,,,309.0,61818.181818181816
3500000,Alanlı Mh.,1243093845,28 Nisan 2025,101,83,2+1,4,Yerden Isıtma,1,Kapalı,Var,Var,Açık Otopark,Hayır,Boş,Hayır,Belirtilmemiş,Belirtilmemiş,Evet,Kat Mülkiyetli,Emlak Ofisinden,Hayır,0.0,2,3,4,1349,1243093845,2025-04-28,,,309.0,34653.46534653466
3750000,Yenimahalle Mah.,1236473757,28 Nisan 2025,135,130,3+1,9,Kombi (Doğalgaz),1,Kapalı,Var,Var,Açık Otopark,Hayır,Kiracılı,Hayır,Belirtilmemiş,300,Evet,Kat Mülkiyetli,Emlak Ofisinden,Hayır,7.5,4,4,9,1477,1236473757,2025-04-28,300,,309.0,27777.777777777777
3850000,Atakent Mh.,1146175278,28 Nisan 2025,170,145,3+1,8,Kombi (Doğalgaz),2,Kapalı,Var,Var,Yok,Hayır,Boş,Hayır,Belirtilmemiş,200,Evet,Kat Mülkiyetli,Emlak Ofisinden,Hayır,7.5,2,4,8,1514,1146175278,2025-04-28,200,,309.0,22647.058823529413
4100000,Atakent Mh.,1236957953,28 Nisan 2025,95,70,2+1,6,Kombi (Doğalgaz),1,Açık (Amerikan),Var,Var,Kapalı Otopark,Hayır,Mülk Sahibi,Hayır,Belirtilmemiş,Belirtilmemiş,Evet,Kat Mülkiyetli,Emlak Ofisinden,Hayır,7.5,4,3,6,1628,1236957953,2025-04-28,,,309.0,43157.89473684211
4450000,Çobanözü Mh.,1243040534,28 Nisan 2025,120,115,2+1,9,Yerden Isıtma,2,Kapalı,Var,Var,Açık Otopark,Hayır,Boş,Hayır,Belirtilmemiş,Belirtilmemiş,Evet,Müstakil Tapulu,Emlak Ofisinden,Hayır,0.0,2,3,9,1738,1243040534,2025-04-28,,,309.0,37083.333333333336
4450000,Atakent Mh.,1218455292,28 Nisan 2025,135,125,3+1,5,Kombi (Doğalgaz),2,Kapalı,Var,Var,Açık Otopark,Hayır,Mülk Sahibi,Hayır,Belirtilmemiş,150,Evet,Kat Mülkiyetli,Emlak Ofisinden,Hayır,7.5,2,4,5,1743,1218455292,2025-04-28,150,,309.0,32962.96296296296
4800000,Yenimahalle Mah.,1218887781,28 Nisan 2025,145,130,3+1,8,Kombi (Doğalgaz),1,Kapalı,Var,Var,Açık Otopark,Hayır,Boş,Hayır,Belirtilmemiş,500,Evet,Kat Mülkiyetli,Emlak Ofisinden,Hayır,18.0,7,4,8,1844,1218887781,2025-04-28,500,,309.0,33103.44827586207
5100000,Atakent Mh.,1237133295,28 Nisan 2025,135,115,3+1,5,Kombi (Doğalgaz),2,Kapalı,Var,Var,Açık Otopark,Hayır,Boş,Hayır,Belirtilmemiş,Belirtilmemiş,Evet,Kat Mülkiyetli,Emlak Ofisinden,Hayır,0.0,2,4,5,1923,1237133295,2025-04-28,,,309.0,37777.77777777778
5500000,Atatepe,1236463465,28 Nisan 2025,135,130,3+1,3,Kombi (Doğalgaz),2,Kapalı,Var,Var,Açık Otopark,Hayır,Mülk Sahibi,Hayır,Belirtilmemiş,300,Evet,Kat Mülkiyetli,Emlak Ofisinden,Hayır,1.0,3,4,3,2024,1236463465,2025-04-28,300,,309.0,40740.74074074074
5650000,Cumhuriyet Mah.,1225327525,28 Nisan 2025,160,140,3+1,5,Kombi (Doğalgaz),2,Kapalı,Var,Var,Açık Otopark,Hayır,Mülk Sahibi,Hayır,Belirtilmemiş,350,Evet,Müstakil Tapulu,Sahibinden,Hayır,7.5,5,4,5,2044,1225327525,2025-04-28,350,,309.0,35312.5
5700000,Yenimahalle Mah.,1243008862,28 Nisan 2025,135,118,3+1,8,Kombi (Doğalgaz),1,Kapalı,Var,Var,Açık Otopark,Hayır,Kiracılı,Hayır,Belirtilmemiş,300,Evet,Kat Mülkiyetli,Emlak Ofisinden,Hayır,13.0,8,4,8,2055,1243008862,2025-04-28,300,,309.0,42222.22222222222
6450000,Yenimahalle Mah.,1242944158,28 Nisan 2025,145,130,3+1,7,Kombi (Doğalgaz),2,Kapalı,Var,Var,Açık & Kapalı Otopark,Hayır,Boş,Hayır,Belirtilmemiş,Belirtilmemiş,Evet,Kat İrtifaklı,Emlak Ofisinden,Hayır,0.0,5,4,7,2171,1242944158,2025-04-28,,,309.0,44482.75862068965
6500000,Atakent Mh.,1206937372,28 Nisan 2025,165,150,3+1,6,Kombi (Doğalgaz),2,Kapalı,Var,Var,Açık Otopark,Hayır,Boş,Hayır,Belirtilmemiş,0,Evet,Kat Mülkiyetli,Emlak Ofisinden,Hayır,0.0,2,4,6,2184,1206937372,2025-04-28,0,,309.0,39393.93939393939
6600000,Yenimahalle Mah.,1237195248,28 Nisan 2025,137,125,3+1,7,Kombi (Doğalgaz),2,Kapalı,Var,Var,Açık & Kapalı Otopark,Evet,Boş,Evet,İrem Sitesi,Belirtilmemiş,Evet,Kat Mülkiyetli,Emlak Ofisinden,Evet,0.0,5,4,7,2192,1237195248,2025-04-28,,,309.0,48175.18248175183
7100000,Atakent Mh.,1237194390,28 Nisan 2025,210,172,4+1,3,Kombi (Doğalgaz),2,Açık (Amerikan),Var,Var,Açık Otopark,Hayır,Mülk Sahibi,Hayır,Belirtilmemiş,500,Evet,Kat Mülkiyetli,Emlak Ofisinden,Hayır,3.0,1,5,3,2230,1237194390,2025-04-28,500,,309.0,33809.52380952381
7500000,Cumhuriyet Mah.,1174769904,28 Nisan 2025,232,220,3+1,6,Kombi (Doğalgaz),2,Kapalı,Var,Var,Kapalı Otopark,Hayır,Boş,Hayır,Belirtilmemiş,Belirtilmemiş,Hayır,Kat İrtifaklı,Bankadan,Hayır,7.5,5,4,6,2249,1174769904,2025-04-28,,,309.0,32327.58620689655
8000000,Körfez Mh.,1243105834,28 Nisan 2025,155,140,3+1,9,Merkezi (Pay Ölçer),2,Kapalı,Var,Var,Açık Otopark,Hayır,Kiracılı,Evet,Sammarin Evleri,Belirtilmemiş,Hayır,Kat Mülkiyetli,Sahibinden,Hayır,7.5,8,4,9,2269,1243105834,2025-04-28,,,309.0,51612.903225806454
1650000,Alanlı Mh.,1243330093,29 Nisan 2025,55,45,1+1,3,Kombi (Doğalgaz),1,Açık (Amerikan),Var,Var,Açık Otopark,Hayır,Boş,Hayır,Belirtilmemiş,Belirtilmemiş,Evet,Kat Mülkiyetli,Emlak Ofisinden,Hayır,0.0,1,2,3,65,1243330093,2025-04-29,,,310.0,30000.0
1750000,İncesu Yalı Mh.,1235013349,29 Nisan 2025,50,45,1+1,5,Kombi (Doğalgaz),1,Açık (Amerikan),Var,Var,Açık Otopark,Hayır,Boş,Hayır,Belirtilmemiş,Belirtilmemiş,Evet,Kat İrtifaklı,Sahibinden,Hayır,0.0,1,2,5,131,1235013349,2025-04-29,,,310.0,35000.0
1775000,Büyükoyumca Mh.,1243132844,29 Nisan 2025,53,45,1+1,6,Kombi (Doğalgaz),1,Açık (Amerikan),Var,Var,Açık & Kapalı Otopark,Hayır,Boş,Hayır,Belirtilmemiş,0,Evet,Kat Mülkiyetli,İnşaat Firmasından,Hayır,0.0,2,2,6,149,1243132844,2025-04-29,0,,310.0,33490.56603773585
1800000,Alanlı Mh.,1243334463,29 Nisan 2025,55,45,1+1,3,Kombi (Doğalgaz),1,Açık (Amerikan),Var,Var,Açık Otopark,Hayır,Boş,Hayır,Belirtilmemiş,Belirtilmemiş,Evet,Kat Mülkiyetli,Emlak Ofisinden,Hayır,0.0,2,2,3,166,1243334463,2025-04-29,,,310.0,32727.272727272728
1800000,Yenimahalle Mah.,1243313459,29 Nisan 2025,100,95,2+1,5,Yerden Isıtma,1,Açık (Amerikan),Yok,Var,Açık & Kapalı Otopark,Hayır,Boş,Hayır,Belirtilmemiş,Belirtilmemiş,Evet,Kat Mülkiyetli,Emlak Ofisinden,Hayır,0.0,1,3,5,187,1243313459,2025-04-29,,,310.0,18000.0
1900000,Alanlı Mh.,1243221589,29 Nisan 2025,140,125,3+0,7,Kombi (Doğalgaz),2,Açık (Amerikan),Yok,Var,Açık Otopark,Hayır,Boş,Hayır,Belirtilmemiş,100,Evet,Kat Mülkiyetli,Emlak Ofisinden,Evet,0.0,0,3,7,291,1243221589,2025-04-29,100,,310.0,13571.42857142857
1985000,Yenimahalle Mah.,1243209747,29 Nisan 2025,48,43,1+1,5,Kombi (Doğalgaz),1,Açık (Amerikan),Var,Var,Açık Otopark,Evet,Boş,Hayır,Belirtilmemiş,Belirtilmemiş,Hayır,Kat Mülkiyetli,Emlak Ofisinden,Hayır,0.0,1,2,5,387,1243209747,2025-04-29,,,310.0,41354.166666666664
2000000,Yenimahalle Mah.,1243314078,29 Nisan 2025,50,48,1+1,5,Yerden Isıtma,1,Açık (Amerikan),Var,Var,Açık Otopark,Hayır,Boş,Evet,Belirtilmemiş,Belirtilmemiş,Evet,Kat Mülkiyetli,Emlak Ofisinden,Hayır,0.0,4,2,5,435,1243314078,2025-04-29,,,310.0,40000.0
2040000,Yenimahalle Mah.,1243205808,29 Nisan 2025,55,50,1+1,5,Kombi (Doğalgaz),1,Açık (Amerikan),Var,Var,Açık Otopark,Evet,Boş,Hayır,Belirtilmemiş,300,Evet,Kat Mülkiyetli,Emlak Ofisinden,Hayır,4.0,1,2,5,450,1243205808,2025-04-29,300,,310.0,37090.90909090909
2090000,Yenimahalle Mah.,1243202160,29 Nisan 2025,52,48,1+1,5,Kombi (Doğalgaz),1,Açık (Amerikan),Var,Var,Açık Otopark,Hayır,Boş,Hayır,Belirtilmemiş,Belirtilmemiş,Evet,Kat Mülkiyetli,Emlak Ofisinden,Evet,0.0,1,2,5,493,1243202160,2025-04-29,,,310.0,40192.307692307695
2165000,Yenimahalle Mah.,1243234839,29 Nisan 2025,55,50,1+1,6,Kombi (Doğalgaz),1,Açık (Amerikan),Var,Var,Açık Otopark,Hayır,Boş,Hayır,Belirtilmemiş,Belirtilmemiş,Evet,Kat Mülkiyetli,Emlak Ofisinden,Evet,7.5,5,2,6,583,1243234839,2025-04-29,,,310.0,39363.63636363636
2165000,Yenimahalle Mah.,1243142905,29 Nisan 2025,58,53,1+1,6,Kombi (Doğalgaz),1,Açık (Amerikan),Var,Var,Açık Otopark,Evet,Boş,Hayır,Belirtilmemiş,Belirtilmemiş,Evet,Kat Mülkiyetli,Emlak Ofisinden,Hayır,4.0,5,2,6,587,1243142905,2025-04-29,,,310.0,37327.58620689655
2250000,İncesu Mh.,1243185083,29 Nisan 2025,55,45,1+1,5,Yerden Isıtma,1,Açık (Amerikan),Var,Var,Açık Otopark,Hayır,Boş,Hayır,Belirtilmemiş,Belirtilmemiş,Evet,Tapu Kaydı Yok,Emlak Ofisinden,Hayır,0.0,3,2,5,711,1243185083,2025-04-29,,,310.0,40909.09090909091
2300000,Atakent Mh.,1243296572,29 Nisan 2025,55,48,1+1,5,Yerden Isıtma,1,Açık (Amerikan),Var,Var,Açık & Kapalı Otopark,Hayır,Boş,Hayır,Belirtilmemiş,Belirtilmemiş,Evet,Kat Mülkiyetli,Emlak Ofisinden,Evet,0.0,2,2,5,755,1243296572,2025-04-29,,,310.0,41818.181818181816
2600000,İstiklal Mh.,1243003636,29 Nisan 2025,60,50,1+1,4,Yerden Isıtma,1,Açık (Amerikan),Var,Var,Açık Otopark,Hayır,Boş,Hayır,Belirtilmemiş,Belirtilmemiş,Evet,Kat Mülkiyetli,Sahibinden,Hayır,0.0,1,2,4,937,1243003636,2025-04-29,,,310.0,43333.333333333336
2950000,Yenimahalle Mah.,1243218827,29 Nisan 2025,55,50,1+1,5,Yerden Isıtma,1,Açık (Amerikan),Var,Var,Açık Otopark,Evet,Boş,Hayır,Belirtilmemiş,Belirtilmemiş,Evet,Kat Mülkiyetli,Emlak Ofisinden,Evet,0.0,1,2,5,1149,1243218827,2025-04-29,,,310.0,53636.36363636364
2995000,Cumhuriyet Mah.,1243243281,29 Nisan 2025,160,150,3+1,5,Kombi (Doğalgaz),1,Kapalı,Var,Yok,Açık Otopark,Hayır,Boş,Hayır,Belirtilmemiş,Belirtilmemiş,Evet,Kat Mülkiyetli,Emlak Ofisinden,Hayır,18.0,1,4,5,1162,1243243281,2025-04-29,,,310.0,18718.75
3150000,Yenimahalle Mah.,1243263068,29 Nisan 2025,55,50,1+1,5,Yerden Isıtma,1,Açık (Amerikan),Var,Var,Açık Otopark,Evet,Boş,Hayır,Belirtilmemiş,Belirtilmemiş,Evet,Kat Mülkiyetli,Emlak Ofisinden,Evet,0.0,2,2,5,1239,1243263068,2025-04-29,,,310.0,57272.72727272727
3425000,Esenevler Mah.,1243271132,29 Nisan 2025,130,125,3+1,5,Kombi (Doğalgaz),1,Kapalı,Var,Var,Yok,Hayır,Mülk Sahibi,Hayır,Belirtilmemiş,75,Evet,Kat İrtifaklı,Sahibinden,Hayır,7.5,4,4,5,1333,1243271132,2025-04-29,75,,310.0,26346.153846153848
3450000,Alanlı Mh.,1225884013,29 Nisan 2025,135,115,2+1,5,Yerden Isıtma,2,Kapalı,Var,Var,Açık Otopark,Hayır,Boş,Hayır,Belirtilmemiş,Belirtilmemiş,Hayır,Kat Mülkiyetli,Emlak Ofisinden,Evet,0.0,2,3,5,1335,1225884013,2025-04-29,,,310.0,25555.555555555555
3500000,Esenevler Mah.,1243251144,29 Nisan 2025,115,90,2+1,4,Kombi (Doğalgaz),1,Kapalı,Var,Yok,Açık Otopark,Hayır,Mülk Sahibi,Hayır,Belirtilmemiş,100,Evet,Müstakil Tapulu,Emlak Ofisinden,Hayır,13.0,2,3,4,1357,1243251144,2025-04-29,100,,310.0,30434.782608695652
3900000,Yenimahalle Mah.,1243318975,29 Nisan 2025,150,135,3+1,7,Kombi (Doğalgaz),2,Kapalı,Var,Var,Açık Otopark,Hayır,Boş,Hayır,Belirtilmemiş,Belirtilmemiş,Evet,Kat Mülkiyetli,Emlak Ofisinden,Hayır,13.0,7,4,7,1551,1243318975,2025-04-29,,,310.0,26000.0
4050000,Yenimahalle Mah.,1236968240,29 Nisan 2025,90,76,1+1,7,Kombi (Doğalgaz),1,Kapalı,Var,Var,Açık Otopark,Evet,Kiracılı,Hayır,Belirtilmemiş,500,Evet,Kat Mülkiyetli,Sahibinden,Hayır,7.5,0,2,7,1599,1236968240,2025-04-29,500,,310.0,45000.0
4100000,Alanlı Mh.,1243248305,29 Nisan 2025,110,95,2+1,6,Yerden Isıtma,2,Açık (Amerikan),Var,Var,Açık Otopark,Hayır,Boş,Hayır,Belirtilmemiş,Belirtilmemiş,Evet,Kat Mülkiyetli,Emlak Ofisinden,Evet,0.0,1,3,6,1613,1243248305,2025-04-29,,,310.0,37272.72727272727
4500000,Camii Mh.,1237231520,29 Nisan 2025,135,125,3+1,4,Yerden Isıtma,2,Kapalı,Var,Var,Açık & Kapalı Otopark,Hayır,Boş,Hayır,Belirtilmemiş,Belirtilmemiş,Evet,Kat Mülkiyetli,Emlak Ofisinden,Hayır,0.0,3,4,4,1761,1237231520,2025-04-29,,,310.0,33333.333333333336
4700000,Atakent Mh.,1243314320,29 Nisan 2025,145,130,3+1,7,Kombi (Doğalgaz),2,Kapalı,Var,Var,Açık Otopark,Hayır,Kiracılı,Hayır,Belirtilmemiş,250,Hayır,Kat Mülkiyetli,Sahibinden,Hayır,7.5,5,4,7,1811,1243314320,2025-04-29,250,,310.0,32413.793103448275
5500000,Atakent Mh.,1208845444,29 Nisan 2025,160,145,3+1,8,Kombi (Doğalgaz),2,Kapalı,Var,Var,Açık Otopark,Hayır,Boş,Hayır,Belirtilmemiş,300,Evet,Kat Mülkiyetli,Emlak Ofisinden,Hayır,7.5,6,4,8,2019,1208845444,2025-04-29,300,,310.0,34375.0
5650000,Alanlı Mh.,1243245897,29 Nisan 2025,175,150,3+1,6,Yerden Isıtma,2,Kapalı,Var,Var,Açık Otopark,Hayır,Boş,Hayır,Belirtilmemiş,Belirtilmemiş,Evet,Kat Mülkiyetli,Emlak Ofisinden,Hayır,0.0,1,4,6,2041,1243245897,2025-04-29,,,310.0,32285.714285714286
6000000,Atakent Mh.,1243342949,29 Nisan 2025,145,135,3+1,8,Kombi (Doğalgaz),2,Kapalı,Var,Var,Açık Otopark,Hayır,Boş,Hayır,Belirtilmemiş,Belirtilmemiş,Evet,Kat Mülkiyetli,Emlak Ofisinden,Hayır,0.0,4,4,8,2124,1243342949,2025-04-29,,,310.0,41379.31034482759
6000000,Atakent Mh.,1243297657,29 Nisan 2025,150,140,3+1,8,Yerden Isıtma,2,Kapalı,Var,Var,Açık Otopark,Hayır,Boş,Evet,Belirtilmemiş,0,Evet,Kat Mülkiyetli,Emlak Ofisinden,Hayır,0.0,4,4,8,2125,1243297657,2025-04-29,0,,310.0,40000.0
6750000,Yenimahalle Mah.,1243269326,29 Nisan 2025,160,140,3+1,9,Kombi (Doğalgaz),2,Kapalı,Var,Var,Açık Otopark,Hayır,Mülk Sahibi,Hayır,Belirtilmemiş,Belirtilmemiş,Evet,Kat Mülkiyetli,Sahibinden,Hayır,13.0,3,4,9,2196,1243269326,2025-04-29,,,310.0,42187.5
7000000,Alanlı Mh.,1226048828,29 Nisan 2025,185,160,4+1,9,Merkezi (Pay Ölçer),2,Kapalı,Var,Var,Açık & Kapalı Otopark,Hayır,Boş,Hayır,Belirtilmemiş,1000,Evet,Kat Mülkiyetli,Emlak Ofisinden,Hayır,3.0,6,5,9,2217,1226048828,2025-04-29,1000,,310.0,37837.83783783784
7500000,Yenimahalle Mah.,1237095328,29 Nisan 2025,158,135,3+1,7,Yerden Isıtma,2,Kapalı,Var,Var,Açık Otopark,Hayır,Boş,Evet,İrem Sitesi,Belirtilmemiş,Evet,Kat İrtifaklı,İnşaat Firmasından,Evet,0.0,3,4,7,2252,1237095328,2025-04-29,,,310.0,47468.354430379746
1775000,Yenimahalle Mah.,1226057925,30 Nisan 2025,50,45,1+1,7,Kombi (Doğalgaz),1,Açık (Amerikan),Var,Var,Açık & Kapalı Otopark,Hayır,Kiracılı,Hayır,Belirtilmemiş,300,Evet,Kat İrtifaklı,Emlak Ofisinden,Hayır,1.0,1,2,7,153,1226057925,2025-04-30,300,,311.0,35500.0
1950000,Balaç Mh.,1223267647,30 Nisan 2025,55,45,1+1,6,Kombi (Doğalgaz),1,Açık (Amerikan),Var,Var,Açık Otopark,Hayır,Boş,Hayır,Belirtilmemiş,Belirtilmemiş,Evet,Kat İrtifaklı,Emlak Ofisinden,Evet,0.0,5,2,6,330,1223267647,2025-04-30,,,311.0,35454.545454545456
2000000,Büyükoyumca Mh.,1225444506,30 Nisan 2025,55,45,1+1,4,Yerden Isıtma,1,Açık (Amerikan),Var,Var,Açık Otopark,Hayır,Boş,Hayır,Belirtilmemiş,Belirtilmemiş,Evet,Kat İrtifaklı,Emlak Ofisinden,Hayır,0.0,2,2,4,412,1225444506,2025-04-30,,,311.0,36363.63636363636
2090000,Alanlı Mh.,1224657284,30 Nisan 2025,58,51,1+1,6,Yerden Isıtma,1,Açık (Amerikan),Var,Var,Açık Otopark,Hayır,Boş,Hayır,Belirtilmemiş,Belirtilmemiş,Evet,Kat Mülkiyetli,Emlak Ofisinden,Hayır,0.0,2,2,6,488,1224657284,2025-04-30,,,311.0,36034.48275862069
2190000,Alanlı Mh.,1224664006,30 Nisan 2025,58,51,1+1,6,Yerden Isıtma,1,Açık (Amerikan),Var,Var,Açık Otopark,Hayır,Boş,Hayır,Belirtilmemiş,Belirtilmemiş,Evet,Kat Mülkiyetli,Emlak Ofisinden,Hayır,0.0,2,2,6,598,1224664006,2025-04-30,,,311.0,37758.620689655174
2475000,Atatepe,1218134910,30 Nisan 2025,65,60,2+1,5,Kombi (Doğalgaz),1,Açık (Amerikan),Var,Var,Açık Otopark,Hayır,Boş,Hayır,Belirtilmemiş,Belirtilmemiş,Evet,Kat İrtifaklı,Emlak Ofisinden,Hayır,0.0,1,3,5,867,1218134910,2025-04-30,,,311.0,38076.92307692308
2785000,Yenimahalle Mah.,1231643632,30 Nisan 2025,55,45,1+1,5,Yerden Isıtma,1,Açık (Amerikan),Var,Var,Açık Otopark,Hayır,Boş,Hayır,Belirtilmemiş,Belirtilmemiş,Evet,Kat Mülkiyetli,Emlak Ofisinden,Hayır,0.0,2,2,5,1065,1231643632,2025-04-30,,,311.0,50636.36363636364
2800000,İstiklal Mh.,1243213728,30 Nisan 2025,48,44,1+1,4,Kombi (Doğalgaz),1,Açık (Amerikan),Var,Var,Açık Otopark,Hayır,Boş,Hayır,Belirtilmemiş,Belirtilmemiş,Evet,Müstakil Tapulu,İnşaat Firmasından,Hayır,0.0,3,2,4,1074,1243213728,2025-04-30,,,311.0,58333.333333333336
2900000,Denizevleri Mah.,1243362562,30 Nisan 2025,55,50,1+1,4,Kombi (Doğalgaz),1,Açık (Amerikan),Var,Var,Açık & Kapalı Otopark,Evet,Boş,Hayır,Belirtilmemiş,Belirtilmemiş,Evet,Kat Mülkiyetli,Sahibinden,Hayır,7.5,3,2,4,1115,1243362562,2025-04-30,,,311.0,52727.27272727273
2930000,Cumhuriyet Mah.,1243542808,30 Nisan 2025,130,120,3+1,5,Kombi (Doğalgaz),1,Kapalı,Var,Yok,Açık Otopark,Hayır,Boş,Hayır,Belirtilmemiş,50,Evet,Kat Mülkiyetli,Emlak Ofisinden,Hayır,18.0,1,4,5,1128,1243542808,2025-04-30,50,,311.0,22538.46153846154
3000000,Körfez Mh.,1242874336,30 Nisan 2025,50,45,1+1,4,Yerden Isıtma,1,Açık (Amerikan),Var,Var,Yok,Hayır,Boş,Hayır,Belirtilmemiş,Belirtilmemiş,Evet,Kat İrtifaklı,Sahibinden,Hayır,0.0,3,2,4,1171,1242874336,2025-04-30,,,311.0,60000.0
3300000,Büyükoyumca Mh.,1243512505,30 Nisan 2025,120,110,2+1,5,Kombi (Doğalgaz),2,Kapalı,Var,Var,Açık Otopark,Hayır,Kiracılı,Hayır,Belirtilmemiş,Belirtilmemiş,Evet,Kat Mülkiyetli,Emlak Ofisinden,Hayır,1.0,1,3,5,1290,1243512505,2025-04-30,,,311.0,27500.0
3500000,Alanlı Mh.,1168775291,30 Nisan 2025,125,110,2+1,5,Kombi (Doğalgaz),2,Kapalı,Var,Var,Açık & Kapalı Otopark,Hayır,Boş,Evet,Belirtilmemiş,Belirtilmemiş,Evet,Kat İrtifaklı,Emlak Ofisinden,Evet,0.0,3,3,5,1348,1168775291,2025-04-30,,,311.0,28000.0
3500000,Alanlı Mh.,1224868914,30 Nisan 2025,115,95,2+1,6,Yerden Isıtma,2,Kapalı,Var,Var,Yok,Hayır,Boş,Hayır,Belirtilmemiş,Belirtilmemiş,Hayır,Kat İrtifaklı,Emlak Ofisinden,Hayır,0.0,1,3,6,1350,1224868914,2025-04-30,,,311.0,30434.782608695652
3600000,Atatepe,1237337934,30 Nisan 2025,150,135,3+1,9,Merkezi (Pay Ölçer),2,Kapalı,Var,Var,Açık Otopark,Hayır,Boş,Evet,Koru Seyran Evleri,1000,Evet,Kat Mülkiyetli,Emlak Ofisinden,Evet,7.5,5,4,9,1414,1237337934,2025-04-30,1000,,311.0,24000.0
3650000,Cumhuriyet Mah.,1204488534,30 Nisan 2025,55,45,1+1,4,Kombi (Doğalgaz),1,Açık (Amerikan),Var,Var,Açık Otopark,Hayır,Boş,Hayır,Belirtilmemiş,500,Evet,Kat İrtifaklı,Emlak Ofisinden,Evet,0.0,3,2,4,1436,1204488534,2025-04-30,500,,311.0,66363.63636363637
3700000,Yenimahalle Mah.,1176474152,30 Nisan 2025,125,100,3+1,5,Kombi (Doğalgaz),2,Kapalı,Var,Var,Açık Otopark,Hayır,Kiracılı,Hayır,Belirtilmemiş,200,Evet,Kat Mülkiyetli,Emlak Ofisinden,Evet,13.0,4,4,5,1442,1176474152,2025-04-30,200,,311.0,29600.0
3700000,Yenimahalle Mah.,1243539534,30 Nisan 2025,85,75,2+0,6,Kombi (Doğalgaz),1,Kapalı,Var,Var,Açık Otopark,Hayır,Kiracılı,Hayır,Belirtilmemiş,Belirtilmemiş,Evet,Kat Mülkiyetli,Emlak Ofisinden,Hayır,7.5,2,2,6,1443,1243539534,2025-04-30,,,311.0,43529.41176470588
3750000,Büyükoyumca Mh.,1243497227,30 Nisan 2025,90,80,2+1,5,Yerden Isıtma,2,Kapalı,Var,Var,Açık Otopark,Belirtilmemiş,Boş,Evet,Gülşehir Sitesi,Belirtilmemiş,Hayır,Kat İrtifaklı,Sahibinden,Hayır,0.0,4,3,5,1460,1243497227,2025-04-30,,,311.0,41666.666666666664
3750000,Cumhuriyet Mah.,1243544896,30 Nisan 2025,125,115,3+1,5,Kombi (Doğalgaz),2,Açık (Amerikan),Var,Var,Açık Otopark,Hayır,Mülk Sahibi,Hayır,Belirtilmemiş,Belirtilmemiş,Evet,Kat Mülkiyetli,Emlak Ofisinden,Hayır,7.5,1,4,5,1481,1243544896,2025-04-30,,,311.0,30000.0
3925000,Atakent Mh.,1214902956,30 Nisan 2025,113,103,3+1,5,Kombi (Doğalgaz),2,Kapalı,Var,Var,Açık Otopark,Hayır,Kiracılı,Hayır,Belirtilmemiş,100,Evet,Kat İrtifaklı,Sahibinden,Hayır,7.5,5,4,5,1552,1214902956,2025-04-30,100,,311.0,34734.513274336285
4100000,Çobanlı Mh.,1243482312,30 Nisan 2025,117,91,3+1,9,Yerden Isıtma,2,Kapalı,Var,Var,Açık Otopark,Hayır,Boş,Hayır,Belirtilmemiş,1,Hayır,Kat İrtifaklı,Sahibinden,Hayır,0.0,1,4,9,1618,1243482312,2025-04-30,1,,311.0,35042.73504273504
4250000,Camii Mh.,1237328302,30 Nisan 2025,128,118,3+1,4,Yerden Isıtma,2,Kapalı,Var,Var,Açık & Kapalı Otopark,Hayır,Boş,Hayır,Belirtilmemiş,Belirtilmemiş,Evet,Kat İrtifaklı,Emlak Ofisinden,Hayır,0.0,1,4,4,1659,1237328302,2025-04-30,,,311.0,33203.125
4300000,Yenimahalle Mah.,1194199389,30 Nisan 2025,165,140,3+1,5,Kombi (Doğalgaz),2,Kapalı,Var,Var,Açık Otopark,Hayır,Kiracılı,Hayır,Belirtilmemiş,150,Evet,Kat Mülkiyetli,Emlak Ofisinden,Hayır,7.5,4,4,5,1692,1194199389,2025-04-30,150,,311.0,26060.60606060606
4350000,Atakent Mh.,1231903189,30 Nisan 2025,145,127,3+1,5,Kombi (Doğalgaz),2,Kapalı,Var,Var,Açık Otopark,Hayır,Kiracılı,Hayır,Belirtilmemiş,Belirtilmemiş,Evet,Kat Mülkiyetli,Emlak Ofisinden,Evet,7.5,5,4,5,1715,1231903189,2025-04-30,,,311.0,30000.0
4500000,Mevlana Mah.,1181581731,30 Nisan 2025,115,93,2+1,4,Kombi (Doğalgaz),2,Açık (Amerikan),Var,Var,Açık Otopark,Hayır,Boş,Hayır,Belirtilmemiş,Belirtilmemiş,Belirtilmemiş,Kat Mülkiyetli,Sahibinden,Hayır,0.0,4,3,4,1767,1181581731,2025-04-30,,,311.0,39130.434782608696
4500000,Yenimahalle Mah.,1243543341,30 Nisan 2025,150,135,3+1,8,Kombi (Doğalgaz),2,Kapalı,Var,Var,Açık Otopark,Hayır,Kiracılı,Hayır,Belirtilmemiş,200,Evet,Kat Mülkiyetli,Emlak Ofisinden,Hayır,7.5,2,4,8,1773,1243543341,2025-04-30,200,,311.0,30000.0
4600000,Yenimahalle Mah.,1225070614,30 Nisan 2025,160,145,3+1,5,Kombi (Doğalgaz),2,Kapalı,Var,Var,Açık Otopark,Hayır,Boş,Hayır,Belirtilmemiş,Belirtilmemiş,Evet,Kat Mülkiyetli,Emlak Ofisinden,Hayır,4.0,2,4,5,1795,1225070614,2025-04-30,,,311.0,28750.0
4750000,Atakent Mh.,1243537537,30 Nisan 2025,105,90,2+1,6,Yerden Isıtma,2,Kapalı,Var,Var,Açık Otopark,Hayır,Boş,Hayır,Belirtilmemiş,Belirtilmemiş,Evet,Kat Mülkiyetli,Emlak Ofisinden,Evet,0.0,3,3,6,1833,1243537537,2025-04-30,,,311.0,45238.09523809524
5000000,Camii Mh.,1237327663,30 Nisan 2025,135,125,3+1,4,Yerden Isıtma,2,Kapalı,Var,Var,Açık & Kapalı Otopark,Hayır,Boş,Hayır,Belirtilmemiş,Belirtilmemiş,Evet,Kat İrtifaklı,Emlak Ofisinden,Evet,0.0,3,4,4,1898,1237327663,2025-04-30,,,311.0,37037.03703703704
5000000,Atakent Mh.,1243386772,30 Nisan 2025,155,140,3+1,5,Kombi (Doğalgaz),2,Kapalı,Var,Var,Açık Otopark,Hayır,Boş,Hayır,Belirtilmemiş,Belirtilmemiş,Evet,Kat Mülkiyetli,Emlak Ofisinden,Hayır,0.0,5,4,5,1918,1243386772,2025-04-30,,,311.0,32258.064516129034
5300000,Atakent Mh.,1231909830,30 Nisan 2025,155,128,3+1,7,Kombi (Doğalgaz),2,Kapalı,Var,Var,Açık Otopark,Hayır,Boş,Hayır,Belirtilmemiş,Belirtilmemiş,Evet,Kat Mülkiyetli,Emlak Ofisinden,Hayır,0.0,5,4,7,1968,1231909830,2025-04-30,,,311.0,34193.54838709677
5600000,Alanlı Mh.,1186152781,30 Nisan 2025,150,140,3+1,6,Yerden Isıtma,2,Kapalı,Var,Var,Açık Otopark,Hayır,Boş,Hayır,Belirtilmemiş,Belirtilmemiş,Evet,Kat Mülkiyetli,Emlak Ofisinden,Evet,0.0,1,4,6,2035,1186152781,2025-04-30,,,311.0,37333.333333333336
6500000,Atakent Mh.,1236559555,30 Nisan 2025,168,135,3+1,6,Kombi (Doğalgaz),2,Kapalı,Var,Var,Açık Otopark,Hayır,Boş,Hayır,Belirtilmemiş,Belirtilmemiş,Evet,Kat Mülkiyetli,Emlak Ofisinden,Hayır,0.0,1,4,6,2182,1236559555,2025-04-30,,,311.0,38690.47619047619
7200000,Küçükkolpınar Mh.,1243481446,30 Nisan 2025,190,168,4+1,8,Yerden Isıtma,2,Kapalı,Var,Var,Açık Otopark,Hayır,Boş,Hayır,Belirtilmemiş,Belirtilmemiş,Evet,Kat Mülkiyetli,Emlak Ofisinden,Hayır,0.0,2,5,8,2238,1243481446,2025-04-30,,,311.0,37894.73684210526
1450000,Çobanlı Mh.,1243593604,01 Mayıs 2025,60,45,1+1,8,Kombi (Doğalgaz),1,Açık (Amerikan),Var,Var,Açık Otopark,Hayır,Boş,Hayır,Belirtilmemiş,0,Evet,Kat Mülkiyetli,Emlak Ofisinden,Evet,0.0,1,2,8,15,1243593604,2025-05-01,0,,312.0,24166.666666666668
1500000,Yenimahalle Mah.,1243372860,01 Mayıs 2025,45,40,1+1,5,Kombi (Doğalgaz),1,Kapalı,Yok,Var,Açık Otopark,Hayır,Kiracılı,Hayır,Belirtilmemiş,200,Evet,Kat Mülkiyetli,Emlak Ofisinden,Hayır,13.0,0,2,5,36,1243372860,2025-05-01,200,,312.0,33333.333333333336
1750000,Körfez Mh.,1243657767,01 Mayıs 2025,50,45,1+1,6,Kombi (Doğalgaz),1,Açık (Amerikan),Var,Var,Açık Otopark,Hayır,Boş,Hayır,,,Evet,Kat İrtifaklı,Emlak Ofisinden,Evet,0.0,1,2,6,134,1243657767,2025-05-01,,,312.0,35000.0
1775000,Yenimahalle Mah.,1226078620,01 Mayıs 2025,45,40,1+1,6,Yerden Isıtma,1,Açık (Amerikan),Var,Var,Açık & Kapalı Otopark,Hayır,Kiracılı,Hayır,Belirtilmemiş,200,Evet,Kat Mülkiyetli,Emlak Ofisinden,Hayır,0.0,2,2,6,154,1226078620,2025-05-01,200,,312.0,39444.444444444445
1790000,Körfez Mh.,1243637095,01 Mayıs 2025,65,55,1+1,6,Kombi (Doğalgaz),1,Açık (Amerikan),Var,Var,Açık Otopark,Evet,Boş,Hayır,,,Evet,Kat İrtifaklı,Emlak Ofisinden,Hayır,4.0,0,2,6,158,1243637095,2025-05-01,,,312.0,27538.46153846154
1849000,İncesu Mh.,1237509813,01 Mayıs 2025,60,55,1+1,6,Kombi (Doğalgaz),1,Açık (Amerikan),Var,Var,Açık Otopark,Hayır,Boş,Hayır,Belirtilmemiş,1,Evet,Kat Mülkiyetli,Emlak Ofisinden,Hayır,0.0,1,2,6,209,1237509813,2025-05-01,1,,312.0,30816.666666666668
1900000,İncesu Yalı Mh.,1243657677,01 Mayıs 2025,50,45,1+1,5,Kombi (Doğalgaz),1,Açık (Amerikan),Var,Var,Açık Otopark,Hayır,Boş,Hayır,,0,Evet,Kat Mülkiyetli,Emlak Ofisinden,Evet,0.0,2,2,5,300,1243657677,2025-05-01,0,,312.0,38000.0
1900000,Cumhuriyet Mah.,1225301816,01 Mayıs 2025,120,105,2+1,5,Kombi (Doğalgaz),1,Açık (Amerikan),Yok,Var,Açık Otopark,Evet,Kiracılı,Hayır,Belirtilmemiş,Belirtilmemiş,Evet,Kat Mülkiyetli,Emlak Ofisinden,Hayır,13.0,0,3,5,312,1225301816,2025-05-01,,,312.0,15833.333333333334
1950000,İstiklal Mh.,1198387982,01 Mayıs 2025,80,50,1+1,4,Kombi (Doğalgaz),1,Açık (Amerikan),Var,Var,Açık Otopark,Hayır,Boş,Hayır,,,Evet,Kat Mülkiyetli,Emlak Ofisinden,Hayır,0.0,3,2,4,339,1198387982,2025-05-01,,,312.0,24375.0
1950000,Atakent Mh.,1237428755,01 Mayıs 2025,57,50,1+1,5,Kombi (Doğalgaz),1,Açık (Amerikan),Var,Var,Açık Otopark,Hayır,Boş,Hayır,Belirtilmemiş,Belirtilmemiş,Evet,Kat Mülkiyetli,Emlak Ofisinden,Hayır,1.0,1,2,5,360,1237428755,2025-05-01,,,312.0,34210.52631578947
2000000,Alanlı Mh.,1237078156,01 Mayıs 2025,55,50,1+1,3,Yerden Isıtma,1,Açık (Amerikan),Var,Var,Açık Otopark,Hayır,Boş,Hayır,Belirtilmemiş,150,Evet,Kat Mülkiyetli,Emlak Ofisinden,Evet,0.0,3,2,3,404,1237078156,2025-05-01,150,,312.0,36363.63636363636
2050000,Körfez Mh.,1243664176,01 Mayıs 2025,52,42,1+1,3,Kombi (Doğalgaz),1,Açık (Amerikan),Var,Var,Açık Otopark,Evet,Boş,Hayır,,,Evet,Kat Mülkiyetli,Emlak Ofisinden,Hayır,0.0,2,2,3,465,1243664176,2025-05-01,,,312.0,39423.07692307692
2200000,Büyükoyumca Mh.,1192423759,01 Mayıs 2025,55,46,1+1,6,Kombi (Doğalgaz),1,Açık (Amerikan),Var,Var,Açık Otopark,Hayır,Boş,Hayır,Belirtilmemiş,0,Evet,Kat Mülkiyetli,Emlak Ofisinden,Evet,0.0,2,2,6,627,1192423759,2025-05-01,0,,312.0,40000.0
2250000,Alanlı Mh.,1240573381,01 Mayıs 2025,50,40,1+1,7,Yerden Isıtma,1,Açık (Amerikan),Var,Var,Açık Otopark,Hayır,Boş,Hayır,Belirtilmemiş,100,Evet,Kat Mülkiyetli,Emlak Ofisinden,Evet,0.0,1,2,7,665,1240573381,2025-05-01,100,,312.0,45000.0
2300000,Atakent Mh.,1226500657,01 Mayıs 2025,50,45,1+1,3,Yerden Isıtma,1,Açık (Amerikan),Var,Var,Açık Otopark,Hayır,Boş,Hayır,Belirtilmemiş,Belirtilmemiş,Evet,Kat İrtifaklı,Emlak Ofisinden,Hayır,0.0,3,2,3,754,1226500657,2025-05-01,,,312.0,46000.0
2350000,Balaç Mh.,1243745932,01 Mayıs 2025,55,45,1+1,4,Yerden Isıtma,1,Açık (Amerikan),Var,Var,Açık Otopark,Hayır,Boş,Hayır,Belirtilmemiş,0,Evet,Kat İrtifaklı,Emlak Ofisinden,Evet,0.0,1,2,4,777,1243745932,2025-05-01,0,,312.0,42727.27272727273
2350000,Çobanlı Mh.,1243703688,01 Mayıs 2025,50,45,1+1,6,Kombi (Doğalgaz),1,Açık (Amerikan),Var,Var,Açık Otopark,Hayır,Boş,Hayır,Belirtilmemiş,Belirtilmemiş,Evet,Kat İrtifaklı,Emlak Ofisinden,Hayır,0.0,6,2,6,779,1243703688,2025-05-01,,,312.0,47000.0
2370000,Atakent Mh.,1243670833,01 Mayıs 2025,50,45,1+1,5,Kombi (Doğalgaz),1,Açık (Amerikan),Var,Var,Açık Otopark,Hayır,Boş,Hayır,Belirtilmemiş,Belirtilmemiş,Hayır,Kat Mülkiyetli,Emlak Ofisinden,Evet,0.0,3,2,5,801,1243670833,2025-05-01,,,312.0,47400.0
2450000,Atatepe,1243660464,01 Mayıs 2025,47,40,1+1,3,Kombi (Doğalgaz),1,Açık (Amerikan),Var,Var,Açık Otopark,Evet,Boş,Hayır,,,Evet,Kat Mülkiyetli,Emlak Ofisinden,Evet,0.0,2,2,3,845,1243660464,2025-05-01,,,312.0,52127.65957446808
2490000,Çobanlı Mh.,1231419603,01 Mayıs 2025,50,45,1+1,9,Kombi (Doğalgaz),1,Açık (Amerikan),Var,Var,Açık & Kapalı Otopark,Belirtilmemiş,Boş,Hayır,Belirtilmemiş,Belirtilmemiş,Evet,Kat İrtifaklı,Emlak Ofisinden,Hayır,0.0,7,2,9,871,1231419603,2025-05-01,,,312.0,49800.0
2600000,İncesu Yalı Mh.,1243665447,01 Mayıs 2025,55,48,1+1,4,Yerden Isıtma,1,Açık (Amerikan),Var,Var,Açık Otopark,Hayır,Boş,Hayır,,,Evet,Kat İrtifaklı,Emlak Ofisinden,Evet,0.0,3,2,4,936,1243665447,2025-05-01,,,312.0,47272.72727272727
2675000,Küçükkolpınar Mh.,1219073513,01 Mayıs 2025,110,100,2+1,4,Kombi (Doğalgaz),2,Kapalı,Var,Var,Açık Otopark,Hayır,Boş,Hayır,Belirtilmemiş,Belirtilmemiş,Evet,Kat Mülkiyetli,Emlak Ofisinden,Evet,0.0,1,3,4,992,1219073513,2025-05-01,,,312.0,24318.18181818182
2675000,Küçükkolpınar Mh.,1243704206,01 Mayıs 2025,110,100,2+1,4,Kombi (Doğalgaz),2,Kapalı,Var,Var,Açık Otopark,Hayır,Boş,Hayır,Belirtilmemiş,Belirtilmemiş,Evet,Kat Mülkiyetli,Emlak Ofisinden,Hayır,0.0,1,3,4,993,1243704206,2025-05-01,,,312.0,24318.18181818182
2750000,Çakırlar Yalı Mh.,1243669243,01 Mayıs 2025,75,65,2+0,5,Yerden Isıtma,1,Açık (Amerikan),Var,Var,Açık Otopark,Belirtilmemiş,Boş,Hayır,Belirtilmemiş,Belirtilmemiş,Belirtilmemiş,Kat Mülkiyetli,Sahibinden,Evet,0.0,5,2,5,1016,1243669243,2025-05-01,,,312.0,36666.666666666664
2750000,Çobanlı Mh.,1225619268,01 Mayıs 2025,130,115,2+1,5,Kombi (Doğalgaz),2,Kapalı,Var,Var,Açık Otopark,Belirtilmemiş,Boş,Hayır,Belirtilmemiş,Belirtilmemiş,Evet,Kat İrtifaklı,Emlak Ofisinden,Evet,0.0,2,3,5,1018,1225619268,2025-05-01,,,312.0,21153.846153846152
2850000,Atakent Mh.,1231336535,01 Mayıs 2025,55,50,1+1,5,Kombi (Doğalgaz),1,Açık (Amerikan),Var,Var,Açık Otopark,Evet,Kiracılı,Hayır,Belirtilmemiş,350,Evet,Kat Mülkiyetli,Emlak Ofisinden,Hayır,4.0,5,2,5,1104,1231336535,2025-05-01,350,,312.0,51818.181818181816
2950000,Yenimahalle Mah.,1243647192,01 Mayıs 2025,90,85,2+1,6,Kombi (Doğalgaz),2,Açık (Amerikan),Var,Var,Açık Otopark,Hayır,Mülk Sahibi,Hayır,,225,Evet,Kat Mülkiyetli,Emlak Ofisinden,Hayır,7.5,1,3,6,1143,1243647192,2025-05-01,225,,312.0,32777.77777777778
3000000,Küçükkolpınar Mh.,1226488585,01 Mayıs 2025,180,135,3+1,6,Kombi (Doğalgaz),2,Kapalı,Var,Var,Açık Otopark,Belirtilmemiş,Boş,Hayır,Belirtilmemiş,Belirtilmemiş,Evet,Müstakil Tapulu,Emlak Ofisinden,Evet,4.0,0,4,6,1177,1226488585,2025-05-01,,,312.0,16666.666666666668
3100000,Cumhuriyet Mah.,1243678418,01 Mayıs 2025,100,90,2+1,5,Kombi (Doğalgaz),1,Kapalı,Var,Var,Açık Otopark,Hayır,Boş,Hayır,Belirtilmemiş,Belirtilmemiş,Evet,Kat Mülkiyetli,Emlak Ofisinden,Hayır,7.5,2,3,5,1222,1243678418,2025-05-01,,,312.0,31000.0
3200000,Körfez Mh.,1031869159,01 Mayıs 2025,70,60,1+1,5,Kombi (Doğalgaz),1,Açık (Amerikan),Var,Var,Kapalı Otopark,Evet,Boş,Hayır,Belirtilmemiş,Belirtilmemiş,Evet,Kat Mülkiyetli,Sahibinden,Evet,4.0,4,2,5,1258,1031869159,2025-05-01,,,312.0,45714.28571428572
3200000,Yeşildere Mh.,1232006051,01 Mayıs 2025,110,100,2+1,5,Yerden Isıtma,1,Kapalı,Var,Var,Açık Otopark,Hayır,Boş,Hayır,,,Evet,Kat İrtifaklı,Emlak Ofisinden,Hayır,0.0,2,3,5,1260,1232006051,2025-05-01,,,312.0,29090.909090909092
3350000,Yenimahalle Mah.,1208012929,01 Mayıs 2025,180,160,3+1,8,Kombi (Doğalgaz),1,Kapalı,Var,Var,Açık Otopark,Hayır,Kiracılı,Hayır,Belirtilmemiş,Belirtilmemiş,Evet,Kat Mülkiyetli,Emlak Ofisinden,Hayır,18.0,3,4,8,1317,1208012929,2025-05-01,,,312.0,18611.11111111111
3500000,Körfez Mh.,1180431619,01 Mayıs 2025,70,63,1+1,5,Kombi (Doğalgaz),1,Açık (Amerikan),Var,Var,Açık & Kapalı Otopark,Hayır,Kiracılı,Hayır,Belirtilmemiş,250,Evet,Kat Mülkiyetli,Sahibinden,Hayır,7.5,2,2,5,1360,1180431619,2025-05-01,250,,312.0,50000.0
3650000,Atakent Mh.,1243660306,01 Mayıs 2025,110,90,2+1,6,Kombi (Doğalgaz),1,Kapalı,Var,Var,Açık Otopark,Hayır,Boş,Hayır,Belirtilmemiş,150,Evet,Kat İrtifaklı,Emlak Ofisinden,Hayır,0.0,6,3,6,1434,1243660306,2025-05-01,150,,312.0,33181.818181818184
3750000,Yenimahalle Mah.,1243657418,01 Mayıs 2025,110,90,2+1,6,Yerden Isıtma,2,Kapalı,Var,Var,Açık Otopark,Hayır,Boş,Hayır,Belirtilmemiş,Belirtilmemiş,Evet,Kat Mülkiyetli,Emlak Ofisinden,Evet,0.0,1,3,6,1478,1243657418,2025-05-01,,,312.0,34090.90909090909
3795000,Yenimahalle Mah.,1231768828,01 Mayıs 2025,110,100,2+1,5,Yerden Isıtma,2,Kapalı,Var,Var,Açık Otopark,Hayır,Boş,Hayır,Belirtilmemiş,Belirtilmemiş,Evet,Kat İrtifaklı,Emlak Ofisinden,Hayır,0.0,1,3,5,1489,1231768828,2025-05-01,,,312.0,34500.0
3900000,Mevlana Mah.,1243699510,01 Mayıs 2025,100,90,2+1,4,Yerden Isıtma,2,Kapalı,Var,Var,Açık Otopark,Hayır,Boş,Hayır,Belirtilmemiş,Belirtilmemiş,Evet,Kat Mülkiyetli,Sahibinden,Evet,0.0,2,3,4,1530,1243699510,2025-05-01,,,312.0,39000.0
4150000,Atakent Mh.,1243769781,01 Mayıs 2025,145,140,3+1,7,Kombi (Doğalgaz),2,Kapalı,Var,Var,Açık Otopark,Hayır,Kiracılı,Evet,Altın Evler,Belirtilmemiş,Evet,Kat Mülkiyetli,Emlak Ofisinden,Hayır,7.5,5,4,7,1642,1243769781,2025-05-01,,,312.0,28620.689655172413
4200000,Küçükkolpınar Mh.,1243648777,01 Mayıs 2025,145,135,3+1,3,Kombi (Doğalgaz),2,Kapalı,Var,Var,Açık & Kapalı Otopark,Hayır,Boş,Hayır,,,Evet,Kat Mülkiyetli,Emlak Ofisinden,Hayır,0.0,2,4,3,1651,1243648777,2025-05-01,,,312.0,28965.51724137931
4200000,Cumhuriyet Mah.,1225595440,01 Mayıs 2025,150,130,3+1,4,Kombi (Doğalgaz),2,Kapalı,Var,Var,Açık Otopark,Hayır,Boş,Hayır,Belirtilmemiş,200,Evet,Kat Mülkiyetli,Emlak Ofisinden,Hayır,13.0,1,4,4,1653,1225595440,2025-05-01,200,,312.0,28000.0
4250000,Yenimahalle Mah.,1219313835,01 Mayıs 2025,140,130,3+1,9,Kombi (Doğalgaz),2,Kapalı,Var,Var,Açık Otopark,Hayır,Kiracılı,Evet,Yılmazlar Sitesi,Belirtilmemiş,Evet,Kat Mülkiyetli,Emlak Ofisinden,Hayır,13.0,6,4,9,1679,1219313835,2025-05-01,,,312.0,30357.14285714286
4300000,Atakent Mh.,1243661233,01 Mayıs 2025,135,120,3+1,5,Kombi (Doğalgaz),2,Kapalı,Var,Var,Açık Otopark,Hayır,Kiracılı,Hayır,,300,Evet,Kat Mülkiyetli,Emlak Ofisinden,Hayır,7.5,5,4,5,1682,1243661233,2025-05-01,300,,312.0,31851.85185185185
4300000,Balaç Mh.,1243742481,01 Mayıs 2025,100,85,2+1,4,Yerden Isıtma,2,Kapalı,Var,Var,Açık Otopark,Hayır,Boş,Hayır,Belirtilmemiş,0,Evet,Kat İrtifaklı,Emlak Ofisinden,Evet,0.0,4,3,4,1684,1243742481,2025-05-01,0,,312.0,43000.0
4550000,Körfez Mh.,1214613746,01 Mayıs 2025,145,138,3+1,4,Kombi (Doğalgaz),2,Kapalı,Var,Var,Açık Otopark,Belirtilmemiş,Kiracılı,Hayır,,250,Evet,Kat Mülkiyetli,Emlak Ofisinden,Hayır,4.0,2,4,4,1778,1214613746,2025-05-01,250,,312.0,31379.310344827587
4550000,Atakent Mh.,1243740589,01 Mayıs 2025,160,140,3+1,9,Kombi (Doğalgaz),2,Kapalı,Var,Var,Açık Otopark,Hayır,Boş,Hayır,Belirtilmemiş,300,Evet,Kat Mülkiyetli,Emlak Ofisinden,Hayır,7.5,1,4,9,1783,1243740589,2025-05-01,300,,312.0,28437.5
4600000,Güzelyalı Mh.,1243642690,01 Mayıs 2025,145,125,3+1,4,Kombi (Doğalgaz),1,Kapalı,Var,Var,Açık Otopark,Evet,Kiracılı,Hayır,Belirtilmemiş,Belirtilmemiş,Evet,Kat Mülkiyetli,Emlak Ofisinden,Hayır,13.0,3,4,4,1794,1243642690,2025-05-01,,,312.0,31724.137931034482
4950000,Yenimahalle Mah.,1243618593,01 Mayıs 2025,150,140,3+1,6,Kombi (Doğalgaz),2,Kapalı,Var,Var,Açık Otopark,Evet,Mülk Sahibi,Hayır,Belirtilmemiş,250,Evet,Kat Mülkiyetli,Sahibinden,Evet,13.0,6,4,6,1876,1243618593,2025-05-01,250,,312.0,33000.0
4950000,Cumhuriyet Mah.,1243631551,01 Mayıs 2025,130,120,2+1,5,Kombi (Doğalgaz),1,Kapalı,Var,Var,Açık & Kapalı Otopark,Hayır,Boş,Hayır,Belirtilmemiş,200,Evet,Kat Mülkiyetli,Emlak Ofisinden,Evet,4.0,3,3,5,1884,1243631551,2025-05-01,200,,312.0,38076.92307692308
5000000,Atakent Mh.,1243733898,01 Mayıs 2025,120,119,3+1,5,Kombi (Doğalgaz),2,Kapalı,Var,Var,Açık Otopark,Belirtilmemiş,Mülk Sahibi,Hayır,Belirtilmemiş,550,Evet,Kat Mülkiyetli,Sahibinden,Hayır,4.0,4,4,5,1895,1243733898,2025-05-01,550,,312.0,41666.666666666664
5000000,Çobanlı Mh.,1225599953,01 Mayıs 2025,160,140,3+1,5,Yerden Isıtma,2,Kapalı,Var,Var,Açık Otopark,Hayır,Boş,Hayır,Belirtilmemiş,Belirtilmemiş,Evet,Kat Mülkiyetli,Emlak Ofisinden,Evet,0.0,2,4,5,1899,1225599953,2025-05-01,,,312.0,31250.0
5064000,Atakent Mh.,1225584482,01 Mayıs 2025,155,140,3+1,7,Kombi (Doğalgaz),2,Kapalı,Var,Var,Açık Otopark,Hayır,Boş,Hayır,Belirtilmemiş,300,Evet,Kat Mülkiyetli,Emlak Ofisinden,Hayır,2.0,4,4,7,1921,1225584482,2025-05-01,300,,312.0,32670.967741935485
6000000,Atakent Mh.,1243669246,01 Mayıs 2025,170,145,3+1,7,Yerden Isıtma,2,Kapalı,Var,Var,Açık & Kapalı Otopark,Hayır,Boş,Hayır,Belirtilmemiş,Belirtilmemiş,Evet,Kat Mülkiyetli,Emlak Ofisinden,Evet,0.0,1,4,7,2129,1243669246,2025-05-01,,,312.0,35294.117647058825
6825000,Esenevler Mah.,1235520081,01 Mayıs 2025,200,170,3+2,3,Kombi (Doğalgaz),2,Açık (Amerikan),Var,Var,Yok,Evet,Boş,Hayır,,400,Evet,Kat Mülkiyetli,Emlak Ofisinden,Belirtilmemiş,13.0,3,5,3,2203,1235520081,2025-05-01,400,,312.0,34125.0
7500000,Yenimahalle Mah.,1243620445,01 Mayıs 2025,165,140,3+1,7,Kombi (Doğalgaz),2,Kapalı,Var,Var,Açık Otopark,Belirtilmemiş,Mülk Sahibi,Hayır,Belirtilmemiş,250,Evet,Kat Mülkiyetli,Sahibinden,Hayır,3.0,6,4,7,2251,1243620445,2025-05-01,250,,312.0,45454.545454545456
1390000,Yenimahalle Mah.,1237561697,02 Mayıs 2025,100,80,2+1,5,Kombi (Doğalgaz),1,Kapalı,Yok,Var,Açık Otopark,Evet,Kiracılı,Hayır,Belirtilmemiş,Belirtilmemiş,Evet,Kat Mülkiyetli,Emlak Ofisinden,Hayır,13.0,-1,3,5,6,1237561697,2025-05-02,,,313.0,13900.0
1500000,Çobanözü Mh.,1147302496,02 Mayıs 2025,55,47,1+1,7,Kombi (Doğalgaz),1,Açık (Amerikan),Var,Var,Açık Otopark,Hayır,Boş,Hayır,Belirtilmemiş,Belirtilmemiş,Hayır,Kat İrtifaklı,Emlak Ofisinden,Hayır,0.0,3,2,7,30,1147302496,2025-05-02,,,313.0,27272.727272727272
1520000,İncesu Mh.,1223299628,02 Mayıs 2025,55,45,1+1,4,Kombi (Doğalgaz),1,Açık (Amerikan),Var,Var,Açık Otopark,Hayır,Boş,Hayır,Belirtilmemiş,Belirtilmemiş,Evet,Kat İrtifaklı,Emlak Ofisinden,Evet,0.0,2,2,4,37,1223299628,2025-05-02,,,313.0,27636.363636363636
1550000,Büyükoyumca Mh.,1237658365,02 Mayıs 2025,60,55,1+1,5,Kombi (Doğalgaz),1,Açık (Amerikan),Var,Var,Açık Otopark,Hayır,Boş,Hayır,Belirtilmemiş,1111,Evet,Kat İrtifaklı,Emlak Ofisinden,Hayır,0.0,5,2,5,39,1237658365,2025-05-02,1111,,313.0,25833.333333333332
1700000,Alanlı Mh.,1223049355,02 Mayıs 2025,55,45,1+1,6,Yerden Isıtma,1,Açık (Amerikan),Var,Var,Açık Otopark,Hayır,Boş,Hayır,Belirtilmemiş,Belirtilmemiş,Evet,Kat Mülkiyetli,Emlak Ofisinden,Evet,0.0,0,2,6,94,1223049355,2025-05-02,,,313.0,30909.090909090908
1799000,Alanlı Mh.,1226153458,02 Mayıs 2025,58,55,1+1,6,Yerden Isıtma,1,Açık (Amerikan),Var,Var,Açık & Kapalı Otopark,Hayır,Boş,Hayır,Belirtilmemiş,Belirtilmemiş,Evet,Kat Mülkiyetli,Emlak Ofisinden,Evet,0.0,2,2,6,162,1226153458,2025-05-02,,,313.0,31017.241379310344
1830000,Körfez Mh.,1243919299,02 Mayıs 2025,60,55,1+1,8,Kombi (Doğalgaz),1,Açık (Amerikan),Var,Var,Açık Otopark,Evet,Boş,Hayır,Belirtilmemiş,Belirtilmemiş,Evet,Kat İrtifaklı,Sahibinden,Hayır,7.5,4,2,8,203,1243919299,2025-05-02,,,313.0,30500.0
1850000,Büyükoyumca Mh.,1188645624,02 Mayıs 2025,50,42,1+1,7,Yerden Isıtma,1,Açık (Amerikan),Var,Var,Açık Otopark,Belirtilmemiş,Boş,Hayır,Belirtilmemiş,Belirtilmemiş,Evet,Kat İrtifaklı,Emlak Ofisinden,Evet,0.0,5,2,7,226,1188645624,2025-05-02,,,313.0,37000.0
1850000,Yenimahalle Mah.,1243861315,02 Mayıs 2025,52,45,1+1,4,Kombi (Doğalgaz),1,Açık (Amerikan),Var,Var,Açık Otopark,Hayır,Boş,Hayır,Belirtilmemiş,Belirtilmemiş,Evet,Kat Mülkiyetli,Emlak Ofisinden,Evet,0.0,2,2,4,251,1243861315,2025-05-02,,,313.0,35576.92307692308
1890000,Küçükkolpınar Mh.,1226574237,02 Mayıs 2025,52,45,1+1,5,Yerden Isıtma,1,Açık (Amerikan),Var,Var,Açık Otopark,Hayır,Boş,Hayır,Belirtilmemiş,Belirtilmemiş,Hayır,Kat Mülkiyetli,Emlak Ofisinden,Hayır,0.0,2,2,5,284,1226574237,2025-05-02,,,313.0,36346.153846153844
1950000,İncesu Yalı Mh.,1243931186,02 Mayıs 2025,50,45,1+1,4,Yerden Isıtma,1,Kapalı,Var,Var,Açık Otopark,Hayır,Boş,Hayır,Belirtilmemiş,100,Evet,Kat İrtifaklı,Sahibinden,Hayır,0.0,4,2,4,336,1243931186,2025-05-02,100,,313.0,39000.0
2100000,Büyükoyumca Mh.,1237365970,02 Mayıs 2025,55,50,1+1,6,Kombi (Doğalgaz),1,Açık (Amerikan),Var,Var,Açık Otopark,Hayır,Boş,Hayır,Belirtilmemiş,Belirtilmemiş,Evet,Kat Mülkiyetli,Emlak Ofisinden,Hayır,0.0,2,2,6,504,1237365970,2025-05-02,,,313.0,38181.818181818184
2150000,Cumhuriyet Mah.,1208537465,02 Mayıs 2025,120,110,2+1,5,Kombi (Doğalgaz),1,Açık (Amerikan),Var,Var,Açık Otopark,Hayır,Boş,Hayır,Belirtilmemiş,Belirtilmemiş,Evet,Kat Mülkiyetli,Emlak Ofisinden,Hayır,18.0,1,3,5,579,1208537465,2025-05-02,,,313.0,17916.666666666668
2200000,Atatepe,1223967111,02 Mayıs 2025,55,45,1+1,6,Yerden Isıtma,1,Açık (Amerikan),Var,Var,Açık Otopark,Hayır,Boş,Hayır,Belirtilmemiş,Belirtilmemiş,Evet,Kat İrtifaklı,Sahibinden,Hayır,0.0,2,2,6,615,1223967111,2025-05-02,,,313.0,40000.0
2250000,Atakent Mh.,1243870659,02 Mayıs 2025,50,47,1+1,5,Yerden Isıtma,1,Açık (Amerikan),Var,Var,Açık Otopark,Evet,Boş,Hayır,Belirtilmemiş,Belirtilmemiş,Evet,Kat Mülkiyetli,Emlak Ofisinden,Hayır,0.0,2,2,5,707,1243870659,2025-05-02,,,313.0,45000.0
2275000,Atakent Mh.,1243817518,02 Mayıs 2025,55,50,1+1,5,Yerden Isıtma,1,Açık (Amerikan),Var,Var,Açık Otopark,Evet,Boş,Hayır,Belirtilmemiş,Belirtilmemiş,Evet,Kat Mülkiyetli,Emlak Ofisinden,Evet,0.0,1,2,5,721,1243817518,2025-05-02,,,313.0,41363.63636363636
2300000,Çakırlar Mh.,1237705195,02 Mayıs 2025,60,45,1+1,5,Kombi (Doğalgaz),1,Açık (Amerikan),Var,Var,Açık Otopark,Hayır,Boş,Hayır,Belirtilmemiş,Belirtilmemiş,Evet,Kat İrtifaklı,Emlak Ofisinden,Evet,0.0,5,2,5,731,1237705195,2025-05-02,,,313.0,38333.333333333336
2350000,Körfez Mh.,1243868662,02 Mayıs 2025,50,43,1+1,6,Kombi (Doğalgaz),1,Açık (Amerikan),Var,Var,Açık Otopark,Hayır,Boş,Evet,Şehr-i Zade Konutları,,Hayır,Kat İrtifaklı,Emlak Ofisinden,Evet,0.0,6,2,6,783,1243868662,2025-05-02,,,313.0,47000.0
2350000,Yenimahalle Mah.,1142965666,02 Mayıs 2025,55,50,1+1,5,Kombi (Doğalgaz),1,Açık (Amerikan),Var,Var,Açık Otopark,Evet,Kiracılı,Hayır,Belirtilmemiş,Belirtilmemiş,Evet,Kat Mülkiyetli,Emlak Ofisinden,Evet,4.0,5,2,5,797,1142965666,2025-05-02,,,313.0,42727.27272727273
2375000,Atatepe,1243820614,02 Mayıs 2025,50,40,1+1,5,Yerden Isıtma,1,Açık (Amerikan),Var,Var,Açık Otopark,Evet,Boş,Hayır,Belirtilmemiş,Belirtilmemiş,Hayır,Kat İrtifaklı,Emlak Ofisinden,Evet,0.0,3,2,5,805,1243820614,2025-05-02,,,313.0,47500.0
2450000,Yenimahalle Mah.,1237634874,02 Mayıs 2025,65,55,1+1,8,Kombi (Doğalgaz),1,Açık (Amerikan),Var,Var,Açık Otopark,Evet,Kiracılı,Hayır,Belirtilmemiş,Belirtilmemiş,Evet,Kat Mülkiyetli,Emlak Ofisinden,Hayır,7.5,6,2,8,859,1237634874,2025-05-02,,,313.0,37692.307692307695
2500000,Mimarsinan Mah.,1108376533,02 Mayıs 2025,50,43,1+1,3,Kombi (Doğalgaz),1,Açık (Amerikan),Yok,Var,Açık Otopark,Hayır,Boş,Hayır,Belirtilmemiş,150,Evet,Kat Mülkiyetli,Sahibinden,Evet,2.0,0,2,3,895,1108376533,2025-05-02,150,,313.0,50000.0
2600000,Yenimahalle Mah.,1243918408,02 Mayıs 2025,120,100,2+1,5,Kombi (Doğalgaz),2,Açık (Amerikan),Var,Var,Açık Otopark,Hayır,Boş,Hayır,Belirtilmemiş,Belirtilmemiş,Evet,Kat Mülkiyetli,Emlak Ofisinden,Hayır,0.0,1,3,5,948,1243918408,2025-05-02,,,313.0,21666.666666666668
2650000,Büyükkolpınar Mh.,1232206656,02 Mayıs 2025,55,50,1+1,4,Yerden Isıtma,1,Açık (Amerikan),Var,Var,Açık Otopark,Evet,Kiracılı,Hayır,Belirtilmemiş,Belirtilmemiş,Evet,Kat Mülkiyetli,Emlak Ofisinden,Evet,0.0,4,2,4,965,1232206656,2025-05-02,,,313.0,48181.818181818184
2650000,Küçükkolpınar Mh.,1243774958,02 Mayıs 2025,110,95,2+1,4,Kombi (Doğalgaz),2,Kapalı,Var,Var,Açık Otopark,Hayır,Boş,Hayır,Belirtilmemiş,Belirtilmemiş,Evet,Kat Mülkiyetli,Emlak Ofisinden,Hayır,0.0,0,3,4,980,1243774958,2025-05-02,,,313.0,24090.909090909092
2700000,İncesu Yalı Mh.,1226428831,02 Mayıs 2025,55,50,1+1,4,Kombi (Doğalgaz),1,Açık (Amerikan),Var,Var,Açık Otopark,Belirtilmemiş,Boş,Hayır,Belirtilmemiş,Belirtilmemiş,Belirtilmemiş,Kat Mülkiyetli,Sahibinden,Evet,0.0,-2,2,4,997,1226428831,2025-05-02,,,313.0,49090.90909090909
2750000,Körfez Mh.,1243797431,02 Mayıs 2025,55,46,1+1,5,Yerden Isıtma,1,Açık (Amerikan),Var,Var,Açık Otopark,Hayır,Boş,Hayır,Belirtilmemiş,100,Evet,Arsa Tapulu,Sahibinden,Evet,0.0,4,2,5,1024,1243797431,2025-05-02,100,,313.0,50000.0
2775000,Küçükkolpınar Mh.,1236570622,02 Mayıs 2025,110,90,2+1,8,Kombi (Doğalgaz),1,Açık (Amerikan),Var,Var,Açık Otopark,Hayır,Boş,Hayır,Belirtilmemiş,Belirtilmemiş,Hayır,Kat Mülkiyetli,Emlak Ofisinden,Evet,0.0,1,3,8,1064,1236570622,2025-05-02,,,313.0,25227.272727272728
2800000,Çakırlar Yalı Mh.,1243812252,02 Mayıs 2025,60,50,1+1,5,Yerden Isıtma,1,Kapalı,Var,Var,Açık Otopark,Hayır,Boş,Hayır,Belirtilmemiş,Belirtilmemiş,Hayır,Kat Mülkiyetli,İnşaat Firmasından,Evet,0.0,3,2,5,1072,1243812252,2025-05-02,,,313.0,46666.666666666664
3070000,Yenimahalle Mah.,1243821044,02 Mayıs 2025,60,50,1+1,7,Yerden Isıtma,1,Açık (Amerikan),Var,Var,Açık Otopark,Evet,Boş,Hayır,Belirtilmemiş,500,Evet,Kat Mülkiyetli,Emlak Ofisinden,Hayır,0.0,4,2,7,1195,1243821044,2025-05-02,500,,313.0,51166.666666666664
3150000,Atakent Mh.,1237501972,02 Mayıs 2025,155,130,3+1,8,Kombi (Doğalgaz),2,Kapalı,Var,Var,Açık Otopark,Hayır,Kiracılı,Hayır,Belirtilmemiş,Belirtilmemiş,Hayır,Kat Mülkiyetli,Emlak Ofisinden,Hayır,13.0,1,4,8,1237,1237501972,2025-05-02,,,313.0,20322.58064516129
3250000,Büyükoyumca Mh.,1243908609,02 Mayıs 2025,115,90,2+1,6,Kombi (Doğalgaz),1,Kapalı,Var,Var,Kapalı Otopark,Hayır,Boş,Hayır,Belirtilmemiş,0,Hayır,Kat Mülkiyetli,Sahibinden,Hayır,2.0,1,3,6,1272,1243908609,2025-05-02,0,,313.0,28260.869565217392
3350000,Küçükkolpınar Mh.,1243865953,02 Mayıs 2025,140,135,3+1,5,Kombi (Doğalgaz),1,Kapalı,Var,Var,Açık Otopark,Hayır,Boş,Hayır,Belirtilmemiş,200,Evet,Kat Mülkiyetli,Emlak Ofisinden,Hayır,13.0,3,4,5,1313,1243865953,2025-05-02,200,,313.0,23928.571428571428
3375000,Küçükkolpınar Mh.,1243882234,02 Mayıs 2025,140,130,3+1,3,Yerden Isıtma,2,Kapalı,Var,Var,Açık & Kapalı Otopark,Hayır,Boş,Hayır,Belirtilmemiş,Belirtilmemiş,Evet,Kat İrtifaklı,Emlak Ofisinden,Hayır,0.0,1,4,3,1318,1243882234,2025-05-02,,,313.0,24107.14285714286
3450000,Balaç Mh.,1240862112,02 Mayıs 2025,125,105,2+1,3,Yerden Isıtma,2,Kapalı,Var,Var,Açık Otopark,Hayır,Boş,Hayır,Belirtilmemiş,100,Evet,Kat Mülkiyetli,Emlak Ofisinden,Evet,0.0,1,3,3,1336,1240862112,2025-05-02,100,,313.0,27600.0
3490000,Cumhuriyet Mah.,1243846984,02 Mayıs 2025,145,130,3+1,3,Kombi (Doğalgaz),1,Kapalı,Var,Var,Açık Otopark,Hayır,Boş,Hayır,Belirtilmemiş,Belirtilmemiş,Evet,Kat Mülkiyetli,Emlak Ofisinden,Evet,13.0,1,4,3,1347,1243846984,2025-05-02,,,313.0,24068.96551724138
3500000,Küçükkolpınar Mh.,1243915452,02 Mayıs 2025,145,135,3+1,3,Kombi (Doğalgaz),2,Kapalı,Yok,Var,Açık Otopark,Hayır,Mülk Sahibi,Hayır,Belirtilmemiş,Belirtilmemiş,Evet,Kat Mülkiyetli,Emlak Ofisinden,Hayır,7.5,1,4,3,1367,1243915452,2025-05-02,,,313.0,24137.931034482757
3599000,Küçükkolpınar Mh.,1226631207,02 Mayıs 2025,110,100,2+1,5,Yerden Isıtma,1,Kapalı,Var,Var,Açık Otopark,Hayır,Boş,Hayır,Belirtilmemiş,50,Evet,Kat Mülkiyetli,Emlak Ofisinden,Hayır,0.0,4,3,5,1404,1226631207,2025-05-02,50,,313.0,32718.18181818182
3800000,Yenimahalle Mah.,1208678012,02 Mayıs 2025,165,145,3+1,8,Kombi (Doğalgaz),1,Kapalı,Var,Var,Açık Otopark,Hayır,Mülk Sahibi,Hayır,Belirtilmemiş,200,Evet,Kat Mülkiyetli,Emlak Ofisinden,Hayır,13.0,3,4,8,1496,1208678012,2025-05-02,200,,313.0,23030.303030303032
3850000,Yenimahalle Mah.,1237615907,02 Mayıs 2025,115,95,2+1,5,Kombi (Doğalgaz),1,Açık (Amerikan),Var,Var,Açık Otopark,Evet,Kiracılı,Hayır,Belirtilmemiş,270,Evet,Kat Mülkiyetli,Emlak Ofisinden,Evet,7.5,5,3,5,1513,1237615907,2025-05-02,270,,313.0,33478.260869565216
3900000,Güzelyalı Mh.,1184438508,02 Mayıs 2025,70,55,1+1,5,Kombi (Doğalgaz),1,Açık (Amerikan),Var,Var,Kapalı Otopark,Hayır,Boş,Hayır,Belirtilmemiş,Belirtilmemiş,Evet,Kat Mülkiyetli,Emlak Ofisinden,Hayır,0.0,1,2,5,1546,1184438508,2025-05-02,,,313.0,55714.28571428572
3900000,Yenimahalle Mah.,1243774280,02 Mayıs 2025,150,135,3+1,7,Kombi (Doğalgaz),2,Kapalı,Var,Var,Açık Otopark,Hayır,Boş,Hayır,Belirtilmemiş,Belirtilmemiş,Evet,Kat Mülkiyetli,Emlak Ofisinden,Hayır,13.0,7,4,7,1548,1243774280,2025-05-02,,,313.0,26000.0
3990000,Atakent Mh.,1220432142,02 Mayıs 2025,190,175,4+1,5,Kombi (Doğalgaz),2,Açık (Amerikan),Var,Var,Açık Otopark,Hayır,Boş,Hayır,Belirtilmemiş,200,Evet,Kat Mülkiyetli,Emlak Ofisinden,Hayır,7.5,1,5,5,1570,1220432142,2025-05-02,200,,313.0,21000.0
4000000,Alanlı Mh.,1243840420,02 Mayıs 2025,135,120,3+1,4,Yerden Isıtma,2,Açık (Amerikan),Var,Var,Açık Otopark,Hayır,Mülk Sahibi,Hayır,Belirtilmemiş,Belirtilmemiş,Hayır,Kat Mülkiyetli,Emlak Ofisinden,Evet,3.0,1,4,4,1576,1243840420,2025-05-02,,,313.0,29629.62962962963
4050000,Cumhuriyet Mah.,1243939870,02 Mayıs 2025,170,155,3+1,5,Kombi (Doğalgaz),2,Kapalı,Var,Var,Açık Otopark,Hayır,Boş,Hayır,Belirtilmemiş,200,Evet,Kat Mülkiyetli,Emlak Ofisinden,Hayır,13.0,1,4,5,1604,1243939870,2025-05-02,200,,313.0,23823.529411764706
4100000,Balaç Mh.,1208337944,02 Mayıs 2025,148,125,3+1,5,Kombi (Doğalgaz),2,Kapalı,Var,Var,Açık Otopark,Hayır,Boş,Hayır,Belirtilmemiş,200,Evet,Kat İrtifaklı,Emlak Ofisinden,Evet,0.0,5,4,5,1617,1208337944,2025-05-02,200,,313.0,27702.702702702703
4450000,Balaç Mh.,1232395477,02 Mayıs 2025,145,130,3+1,4,Kombi (Doğalgaz),2,Kapalı,Var,Var,Açık Otopark,Hayır,Boş,Hayır,Belirtilmemiş,300,Evet,Kat Mülkiyetli,Emlak Ofisinden,Hayır,7.5,2,4,4,1737,1232395477,2025-05-02,300,,313.0,30689.655172413793
4500000,Atakent Mh.,1232271443,02 Mayıs 2025,150,140,3+1,7,Kombi (Doğalgaz),2,Kapalı,Var,Var,Açık Otopark,Hayır,Boş,Hayır,Belirtilmemiş,Belirtilmemiş,Evet,Kat Mülkiyetli,Emlak Ofisinden,Hayır,13.0,1,4,7,1772,1232271443,2025-05-02,,,313.0,30000.0
4500000,Cumhuriyet Mah.,1214632024,02 Mayıs 2025,95,80,2+1,6,Yerden Isıtma,1,Açık (Amerikan),Var,Var,Açık Otopark,Hayır,Boş,Hayır,Belirtilmemiş,Belirtilmemiş,Evet,Kat Mülkiyetli,Emlak Ofisinden,Evet,0.0,6,3,6,1775,1214632024,2025-05-02,,,313.0,47368.42105263158
4540000,Balaç Mh.,1179581610,02 Mayıs 2025,120,95,3+1,3,Yerden Isıtma,2,Açık (Amerikan),Var,Var,Açık Otopark,Hayır,Boş,Hayır,Belirtilmemiş,Belirtilmemiş,Evet,Kat İrtifaklı,Emlak Ofisinden,Evet,1.0,2,4,3,1776,1179581610,2025-05-02,,,313.0,37833.333333333336
4650000,Cumhuriyet Mah.,1226327316,02 Mayıs 2025,155,140,3+1,4,Kombi (Doğalgaz),2,Açık (Amerikan),Var,Var,Açık Otopark,Hayır,Mülk Sahibi,Hayır,Belirtilmemiş,300,Evet,Kat Mülkiyetli,Emlak Ofisinden,Hayır,4.0,4,4,4,1805,1226327316,2025-05-02,300,,313.0,30000.0
4800000,Yenimahalle Mah.,1237677964,02 Mayıs 2025,110,95,2+1,5,Merkezi (Pay Ölçer),2,Kapalı,Var,Var,Açık & Kapalı Otopark,Hayır,Kiracılı,Evet,Belirtilmemiş,1000,Evet,Kat Mülkiyetli,Emlak Ofisinden,Hayır,1.0,3,3,5,1845,1237677964,2025-05-02,1000,,313.0,43636.36363636364
4900000,Yenimahalle Mah.,1231775284,02 Mayıs 2025,140,130,3+1,6,Kombi (Doğalgaz),1,Kapalı,Var,Var,Açık & Kapalı Otopark,Hayır,Boş,Hayır,Belirtilmemiş,350,Hayır,Kat Mülkiyetli,Emlak Ofisinden,Evet,8.0,6,4,6,1862,1231775284,2025-05-02,350,,313.0,35000.0
5000000,Atakent Mh.,1243957280,02 Mayıs 2025,150,135,3+1,5,Yerden Isıtma,2,Kapalı,Var,Var,Açık Otopark,Hayır,Boş,Hayır,Belirtilmemiş,Belirtilmemiş,Evet,Kat Mülkiyetli,Emlak Ofisinden,Evet,0.0,1,4,5,1915,1243957280,2025-05-02,,,313.0,33333.333333333336
5400000,Küçükkolpınar Mh.,1184980572,02 Mayıs 2025,120,92,3+1,6,Kombi (Doğalgaz),2,Kapalı,Var,Var,Açık Otopark,Hayır,Boş,Hayır,Belirtilmemiş,Belirtilmemiş,Evet,Kat Mülkiyetli,Emlak Ofisinden,Hayır,0.0,2,4,6,1979,1184980572,2025-05-02,,,313.0,45000.0
5400000,Atakent Mh.,1243856997,02 Mayıs 2025,150,135,3+1,6,Kombi (Doğalgaz),2,Kapalı,Var,Var,Açık Otopark,Hayır,Boş,Hayır,Belirtilmemiş,Belirtilmemiş,Evet,Kat Mülkiyetli,Emlak Ofisinden,Hayır,0.0,2,4,6,1982,1243856997,2025-05-02,,,313.0,36000.0
5435000,Atakent Mh.,1207922954,02 Mayıs 2025,131,104,3+1,8,Kombi (Doğalgaz),2,Kapalı,Var,Var,Açık Otopark,Hayır,Boş,Hayır,Belirtilmemiş,250,Evet,Müstakil Tapulu,Emlak Ofisinden,Hayır,0.0,3,4,8,1985,1207922954,2025-05-02,250,,313.0,41488.54961832061
5500000,Yenimahalle Mah.,1232390219,02 Mayıs 2025,160,145,3+1,6,Kombi (Doğalgaz),2,Kapalı,Var,Var,Açık Otopark,Hayır,Mülk Sahibi,Hayır,Belirtilmemiş,Belirtilmemiş,Evet,Kat Mülkiyetli,Emlak Ofisinden,Hayır,7.5,6,4,6,2021,1232390219,2025-05-02,,,313.0,34375.0
5500000,Yenimahalle Mah.,1243880058,02 Mayıs 2025,165,135,3+1,9,Kombi (Doğalgaz),2,Kapalı,Var,Var,Açık Otopark,Hayır,Boş,Hayır,Belirtilmemiş,Belirtilmemiş,Evet,Kat Mülkiyetli,Emlak Ofisinden,Hayır,7.5,6,4,9,2023,1243880058,2025-05-02,,,313.0,33333.333333333336
5850000,Atakent Mh.,1243843563,02 Mayıs 2025,160,145,3+1,9,Kombi (Doğalgaz),2,Kapalı,Var,Var,Açık Otopark,Hayır,Mülk Sahibi,Hayır,Belirtilmemiş,Belirtilmemiş,Evet,Kat Mülkiyetli,Emlak Ofisinden,Hayır,7.5,8,4,9,2073,1243843563,2025-05-02,,,313.0,36562.5
5900000,Atakent Mh.,1237647193,02 Mayıs 2025,160,140,3+1,5,Yerden Isıtma,2,Kapalı,Var,Var,Açık Otopark,Hayır,Boş,Hayır,Belirtilmemiş,Belirtilmemiş,Evet,Kat Mülkiyetli,Emlak Ofisinden,Evet,0.0,1,4,5,2082,1237647193,2025-05-02,,,313.0,36875.0
5950000,Atakent Mh.,1220346442,02 Mayıs 2025,145,135,3+1,5,Kombi (Doğalgaz),2,Kapalı,Var,Var,Açık Otopark,Hayır,Boş,Hayır,Belirtilmemiş,350,Evet,Kat Mülkiyetli,Emlak Ofisinden,Hayır,4.0,5,4,5,2087,1220346442,2025-05-02,350,,313.0,41034.48275862069
6000000,Atakent Mh.,1243782372,02 Mayıs 2025,150,140,3+1,8,Yerden Isıtma,2,Kapalı,Var,Var,Açık Otopark,Hayır,Boş,Hayır,Belirtilmemiş,Belirtilmemiş,Evet,Kat Mülkiyetli,Emlak Ofisinden,Hayır,0.0,4,4,8,2127,1243782372,2025-05-02,,,313.0,40000.0
6200000,Çobanözü Mh.,1240824048,02 Mayıs 2025,120,100,2+1,7,Yerden Isıtma,2,Açık (Amerikan),Var,Var,Açık & Kapalı Otopark,Hayır,Boş,Hayır,Belirtilmemiş,Belirtilmemiş,Evet,Kat Mülkiyetli,Emlak Ofisinden,Hayır,0.0,3,3,7,2149,1240824048,2025-05-02,,,313.0,51666.666666666664
1650000,Alanlı Mh.,1244106159,03 Mayıs 2025,45,40,1+1,5,Yerden Isıtma,1,Açık (Amerikan),Var,Var,Açık Otopark,Belirtilmemiş,Boş,Hayır,Belirtilmemiş,Belirtilmemiş,Belirtilmemiş,Kat İrtifaklı,Emlak Ofisinden,Evet,0.0,1,2,5,64,1244106159,2025-05-03,,,314.0,36666.666666666664
1700000,Büyükoyumca Mh.,1201868993,03 Mayıs 2025,47,38,1+1,5,Kombi (Doğalgaz),1,Açık (Amerikan),Var,Var,Açık Otopark,Hayır,Boş,Hayır,Belirtilmemiş,0,Evet,Kat Mülkiyetli,Emlak Ofisinden,Evet,0.0,4,2,5,95,1201868993,2025-05-03,0,,314.0,36170.21276595745
1750000,Büyükoyumca Mh.,1244108196,03 Mayıs 2025,50,45,1+1,6,Yerden Isıtma,1,Açık (Amerikan),Var,Var,Açık Otopark,Hayır,Boş,Hayır,Belirtilmemiş,100,Evet,Kat İrtifaklı,Emlak Ofisinden,Hayır,0.0,1,2,6,127,1244108196,2025-05-03,100,,314.0,35000.0
1844000,Körfez Mh.,1244107303,03 Mayıs 2025,55,50,1+1,6,Kombi (Doğalgaz),1,Açık (Amerikan),Yok,Var,Açık Otopark,Evet,Boş,Hayır,Belirtilmemiş,Belirtilmemiş,Evet,Kat Mülkiyetli,Emlak Ofisinden,Evet,0.0,1,2,6,207,1244107303,2025-05-03,,,314.0,33527.27272727273
1850000,Alanlı Mh.,1221088113,03 Mayıs 2025,58,54,1+1,6,Yerden Isıtma,1,Açık (Amerikan),Var,Var,Açık Otopark,Hayır,Boş,Hayır,Belirtilmemiş,Belirtilmemiş,Evet,Kat Mülkiyetli,Emlak Ofisinden,Evet,0.0,2,2,6,213,1221088113,2025-05-03,,,314.0,31896.55172413793
1850000,Büyükoyumca Mh.,1244142361,03 Mayıs 2025,55,50,1+1,6,Yerden Isıtma,1,Açık (Amerikan),Var,Var,Açık Otopark,Evet,Boş,Hayır,Belirtilmemiş,Belirtilmemiş,Evet,Kat Mülkiyetli,Emlak Ofisinden,Evet,0.0,3,2,6,225,1244142361,2025-05-03,,,314.0,33636.36363636364
1850000,Yenimahalle Mah.,1216774500,03 Mayıs 2025,60,55,1+1,6,Yerden Isıtma,1,Açık (Amerikan),Var,Var,Açık Otopark,Hayır,Boş,Hayır,Belirtilmemiş,0,Evet,Kat Mülkiyetli,Emlak Ofisinden,Hayır,0.0,2,2,6,250,1216774500,2025-05-03,0,,314.0,30833.333333333332
1895000,Büyükoyumca Mh.,1214929641,03 Mayıs 2025,55,50,1+1,5,Kombi (Doğalgaz),1,Açık (Amerikan),Var,Var,Açık Otopark,Hayır,Boş,Hayır,Belirtilmemiş,Belirtilmemiş,Evet,Kat İrtifaklı,Emlak Ofisinden,Hayır,0.0,2,2,5,286,1214929641,2025-05-03,,,314.0,34454.545454545456
1900000,Büyükoyumca Mh.,1226681137,03 Mayıs 2025,55,45,1+1,4,Yerden Isıtma,1,Açık (Amerikan),Var,Var,Açık Otopark,Hayır,Boş,Hayır,Belirtilmemiş,Belirtilmemiş,Evet,Kat İrtifaklı,Emlak Ofisinden,Hayır,0.0,2,2,4,296,1226681137,2025-05-03,,,314.0,34545.454545454544
1975000,Büyükoyumca Mh.,1244111600,03 Mayıs 2025,50,45,1+1,6,Yerden Isıtma,1,Açık (Amerikan),Var,Var,Açık Otopark,Hayır,Boş,Hayır,Belirtilmemiş,100,Evet,Kat İrtifaklı,Emlak Ofisinden,Hayır,0.0,6,2,6,368,1244111600,2025-05-03,100,,314.0,39500.0
2050000,Büyükoyumca Mh.,1232489471,03 Mayıs 2025,51,40,1+1,4,Yerden Isıtma,1,Açık (Amerikan),Var,Var,Açık Otopark,Hayır,Boş,Evet,Belirtilmemiş,Belirtilmemiş,Evet,Kat İrtifaklı,Emlak Ofisinden,Hayır,0.0,4,2,4,457,1232489471,2025-05-03,,,314.0,40196.07843137255
2050000,Körfez Mh.,1244060046,03 Mayıs 2025,55,45,1+1,5,Kombi (Doğalgaz),1,Açık (Amerikan),Var,Var,Açık Otopark,Hayır,Boş,Hayır,Belirtilmemiş,Belirtilmemiş,Evet,Kat İrtifaklı,Emlak Ofisinden,Evet,0.0,5,2,5,472,1244060046,2025-05-03,,,314.0,37272.72727272727
2100000,Çakırlar Yalı Mh.,1214883232,03 Mayıs 2025,55,45,1+1,5,Kombi (Doğalgaz),1,Açık (Amerikan),Var,Var,Açık Otopark,Hayır,Boş,Hayır,Belirtilmemiş,0,Evet,Kat Mülkiyetli,Sahibinden,Evet,0.0,2,2,5,505,1214883232,2025-05-03,0,,314.0,38181.818181818184
2100000,Yenimahalle Mah.,1226522930,03 Mayıs 2025,50,45,1+1,3,Yerden Isıtma,1,Açık (Amerikan),Var,Var,Açık Otopark,Hayır,Boş,Hayır,Belirtilmemiş,0,Evet,Kat Mülkiyetli,Emlak Ofisinden,Evet,0.0,2,2,3,534,1226522930,2025-05-03,0,,314.0,42000.0
2100000,Yenimahalle Mah.,1237822855,03 Mayıs 2025,55,45,1+1,4,Yerden Isıtma,1,Açık (Amerikan),Var,Var,Açık Otopark,Hayır,Boş,Hayır,Belirtilmemiş,Belirtilmemiş,Evet,Kat Mülkiyetli,Emlak Ofisinden,Hayır,0.0,0,2,4,535,1237822855,2025-05-03,,,314.0,38181.818181818184
2125000,Büyükkolpınar Mh.,1241056863,03 Mayıs 2025,100,85,2+1,5,Kombi (Doğalgaz),2,Açık (Amerikan),Yok,Var,Açık Otopark,Hayır,Boş,Hayır,Belirtilmemiş,Belirtilmemiş,Evet,Kat İrtifaklı,Emlak Ofisinden,Hayır,0.0,0,3,5,539,1241056863,2025-05-03,,,314.0,21250.0
2150000,Çobanlı Mh.,1243977911,03 Mayıs 2025,50,45,1+1,4,Kombi (Doğalgaz),1,Açık (Amerikan),Var,Var,Açık Otopark,Hayır,Boş,Evet,Belirtilmemiş,100,Evet,Kat Mülkiyetli,Emlak Ofisinden,Evet,0.0,1,2,4,556,1243977911,2025-05-03,100,,314.0,43000.0
2200000,Atatepe,1231959596,03 Mayıs 2025,55,50,1+1,6,Kombi (Doğalgaz),1,Açık (Amerikan),Var,Var,Açık Otopark,Hayır,Boş,Hayır,Belirtilmemiş,200,Evet,Kat Mülkiyetli,Emlak Ofisinden,Hayır,0.0,2,2,6,652,1231959596,2025-05-03,200,,314.0,40000.0
2225000,Atakent Mh.,1244096846,03 Mayıs 2025,60,50,1+1,6,Kombi (Doğalgaz),1,Açık (Amerikan),Yok,Var,Açık Otopark,Hayır,Kiracılı,Hayır,Belirtilmemiş,Belirtilmemiş,Evet,Kat Mülkiyetli,Emlak Ofisinden,Hayır,7.5,3,2,6,658,1244096846,2025-05-03,,,314.0,37083.333333333336
2250000,Büyükoyumca Mh.,1244081846,03 Mayıs 2025,55,50,1+1,5,Yerden Isıtma,1,Açık (Amerikan),Var,Var,Açık Otopark,Hayır,Boş,Hayır,Belirtilmemiş,Belirtilmemiş,Evet,Kat İrtifaklı,Emlak Ofisinden,Hayır,0.0,5,2,5,668,1244081846,2025-05-03,,,314.0,40909.09090909091
2300000,Alanlı Mh.,1231781498,03 Mayıs 2025,60,52,1+1,5,Yerden Isıtma,1,Açık (Amerikan),Var,Var,Açık & Kapalı Otopark,Hayır,Kiracılı,Hayır,Belirtilmemiş,300,Hayır,Müstakil Tapulu,Emlak Ofisinden,Hayır,2.0,3,2,5,724,1231781498,2025-05-03,300,,314.0,38333.333333333336
2325000,Atatepe,1244036766,03 Mayıs 2025,80,70,2+1,4,Yerden Isıtma,1,Açık (Amerikan),Var,Var,Açık Otopark,Hayır,Boş,Hayır,Belirtilmemiş,,Evet,Kat Mülkiyetli,Emlak Ofisinden,Evet,0.0,1,3,4,764,1244036766,2025-05-03,,,314.0,29062.5
2400000,Atakent Mh.,1244066705,03 Mayıs 2025,50,45,1+1,5,Kombi (Doğalgaz),1,Açık (Amerikan),Var,Var,Açık Otopark,Hayır,Boş,Hayır,Belirtilmemiş,0,Evet,Kat Mülkiyetli,Emlak Ofisinden,Evet,0.0,2,2,5,832,1244066705,2025-05-03,0,,314.0,48000.0
2400000,Atakent Mh.,1244051175,03 Mayıs 2025,55,50,1+1,5,Kombi (Doğalgaz),1,Açık (Amerikan),Var,Var,Açık Otopark,Evet,Boş,Hayır,Belirtilmemiş,Belirtilmemiş,Evet,Kat Mülkiyetli,Emlak Ofisinden,Evet,0.0,5,2,5,836,1244051175,2025-05-03,,,314.0,43636.36363636364
2495000,Çobanlı Mh.,1244018689,03 Mayıs 2025,55,45,1+1,9,Yerden Isıtma,1,Açık (Amerikan),Var,Var,Açık & Kapalı Otopark,Hayır,Boş,Hayır,Belirtilmemiş,Belirtilmemiş,Belirtilmemiş,Kat İrtifaklı,Emlak Ofisinden,Evet,0.0,5,2,9,873,1244018689,2025-05-03,,,314.0,45363.63636363636
2500000,Alanlı Mh.,1244048429,03 Mayıs 2025,65,50,1+1,7,Yerden Isıtma,1,Açık (Amerikan),Var,Var,Açık Otopark,Hayır,Boş,Hayır,Belirtilmemiş,Belirtilmemiş,Hayır,Kat Mülkiyetli,Emlak Ofisinden,Evet,0.0,2,2,7,876,1244048429,2025-05-03,,,314.0,38461.53846153846
2575000,Atatepe,1226607616,03 Mayıs 2025,130,120,3+1,6,Kombi (Doğalgaz),1,Kapalı,Var,Var,Açık Otopark,Hayır,Mülk Sahibi,Evet,Kamalı TOKİ,Belirtilmemiş,Evet,Kat Mülkiyetli,Emlak Ofisinden,Hayır,18.0,4,4,6,926,1226607616,2025-05-03,,,314.0,19807.69230769231
2750000,Küçükkolpınar Mh.,1231947315,03 Mayıs 2025,80,70,2+1,5,Yerden Isıtma,1,Açık (Amerikan),Var,Var,Açık Otopark,Hayır,Boş,Hayır,Belirtilmemiş,Belirtilmemiş,Evet,Kat Mülkiyetli,Emlak Ofisinden,Hayır,0.0,1,3,5,1027,1231947315,2025-05-03,,,314.0,34375.0
2800000,Körfez Mh.,1244135646,03 Mayıs 2025,75,60,2+1,5,Kombi (Doğalgaz),1,Açık (Amerikan),Var,Var,Açık Otopark,Hayır,Mülk Sahibi,Hayır,Belirtilmemiş,340,Evet,Kat Mülkiyetli,Sahibinden,Hayır,2.0,2,3,5,1075,1244135646,2025-05-03,340,,314.0,37333.333333333336
2990000,Yenimahalle Mah.,1244053858,03 Mayıs 2025,60,50,1+1,7,Kombi (Doğalgaz),1,Açık (Amerikan),Var,Var,Açık Otopark,Hayır,Boş,Hayır,Belirtilmemiş,Belirtilmemiş,Hayır,Kat Mülkiyetli,Emlak Ofisinden,Evet,0.0,7,2,7,1159,1244053858,2025-05-03,,,314.0,49833.333333333336
3000000,Küçükkolpınar Mh.,1231949123,03 Mayıs 2025,80,70,2+1,5,Yerden Isıtma,1,Açık (Amerikan),Var,Var,Açık Otopark,Hayır,Boş,Hayır,Belirtilmemiş,Belirtilmemiş,Evet,Kat Mülkiyetli,Emlak Ofisinden,Hayır,0.0,3,3,5,1176,1231949123,2025-05-03,,,314.0,37500.0
3000000,Atatepe,1148912779,03 Mayıs 2025,120,115,2+1,5,Kombi (Doğalgaz),2,Açık (Amerikan),Var,Var,Açık Otopark,Hayır,Boş,Hayır,Belirtilmemiş,150,Evet,Kat Mülkiyetli,Emlak Ofisinden,Hayır,4.0,4,3,5,1182,1148912779,2025-05-03,150,,314.0,25000.0
3450000,Küçükkolpınar Mh.,1215834986,03 Mayıs 2025,100,80,2+1,5,Kombi (Doğalgaz),2,Kapalı,Var,Var,Açık Otopark,Hayır,Mülk Sahibi,Hayır,Belirtilmemiş,200,Evet,Kat Mülkiyetli,Sahibinden,Evet,3.0,1,3,5,1338,1215834986,2025-05-03,200,,314.0,34500.0
3475000,Güzelyalı Mh.,1237758882,03 Mayıs 2025,135,125,3+1,6,Kombi (Doğalgaz),1,Kapalı,Var,Var,Açık Otopark,Hayır,Boş,Hayır,Belirtilmemiş,Belirtilmemiş,Evet,Kat İrtifaklı,Emlak Ofisinden,Hayır,18.0,4,4,6,1344,1237758882,2025-05-03,,,314.0,25740.74074074074
3500000,Yenimahalle Mah.,1237781974,03 Mayıs 2025,95,85,2+1,5,Kombi (Doğalgaz),1,Kapalı,Var,Var,Açık Otopark,Evet,Kiracılı,Hayır,Belirtilmemiş,Belirtilmemiş,Evet,Kat Mülkiyetli,Emlak Ofisinden,Hayır,4.0,5,3,5,1373,1237781974,2025-05-03,,,314.0,36842.10526315789
3549000,Atakent Mh.,1232427000,03 Mayıs 2025,110,98,2+1,5,Kombi (Doğalgaz),2,Kapalı,Var,Var,Açık Otopark,Hayır,Mülk Sahibi,Hayır,Belirtilmemiş,Belirtilmemiş,Evet,Kat Mülkiyetli,Emlak Ofisinden,Evet,4.0,2,3,5,1384,1232427000,2025-05-03,,,314.0,32263.636363636364
4350000,Yenimahalle Mah.,1238511430,03 Mayıs 2025,80,75,2+1,5,Kombi (Doğalgaz),2,Açık (Amerikan),Var,Var,Açık Otopark,Hayır,Boş,Hayır,Belirtilmemiş,350,Evet,Kat Mülkiyetli,Sahibinden,Hayır,4.0,1,3,5,1703,1238511430,2025-05-03,350,,314.0,54375.0
4420000,Atakent Mh.,1244090894,03 Mayıs 2025,160,145,3+1,6,Kombi (Doğalgaz),1,Kapalı,Var,Var,Açık Otopark,Hayır,Kiracılı,Evet,Altun Evler,200,Evet,Kat İrtifaklı,Emlak Ofisinden,Hayır,13.0,6,4,6,1729,1244090894,2025-05-03,200,,314.0,27625.0
4550000,Camii Mh.,1232320394,03 Mayıs 2025,135,117,3+1,4,Kombi (Doğalgaz),2,Kapalı,Var,Var,Açık Otopark,Hayır,Boş,Hayır,Belirtilmemiş,300,Evet,Kat Mülkiyetli,Emlak Ofisinden,Hayır,0.0,4,4,4,1777,1232320394,2025-05-03,300,,314.0,33703.7037037037
4600000,Yenimahalle Mah.,1237751324,03 Mayıs 2025,150,135,3+1,6,Kombi (Doğalgaz),2,Kapalı,Var,Var,Açık Otopark,Hayır,Mülk Sahibi,Hayır,Belirtilmemiş,300,Evet,Kat Mülkiyetli,Emlak Ofisinden,Hayır,7.5,4,4,6,1793,1237751324,2025-05-03,300,,314.0,30666.666666666668
4700000,İstiklal Mh.,1244054917,03 Mayıs 2025,145,130,3+1,3,Yerden Isıtma,2,Kapalı,Var,Var,Kapalı Otopark,Belirtilmemiş,Mülk Sahibi,Evet,Belirtilmemiş,400,Evet,Kat Mülkiyetli,Sahibinden,Evet,2.0,2,4,3,1817,1244054917,2025-05-03,400,,314.0,32413.793103448275
5200000,Alanlı Mh.,1237803352,03 Mayıs 2025,165,145,3+1,8,Kombi (Doğalgaz),2,Kapalı,Var,Var,Açık Otopark,Hayır,Mülk Sahibi,Hayır,Belirtilmemiş,Belirtilmemiş,Evet,Kat Mülkiyetli,Emlak Ofisinden,Hayır,4.0,2,4,8,1932,1237803352,2025-05-03,,,314.0,31515.151515151516
5500000,Yenimahalle Mah.,1230013950,03 Mayıs 2025,120,110,2+1,7,Merkezi (Pay Ölçer),2,Kapalı,Var,Var,Açık & Kapalı Otopark,Hayır,Kiracılı,Hayır,Belirtilmemiş,Belirtilmemiş,Hayır,Kat İrtifaklı,Emlak Ofisinden,Hayır,0.0,6,3,7,2028,1230013950,2025-05-03,,,314.0,45833.333333333336
5600000,Yenimahalle Mah.,1226952173,03 Mayıs 2025,160,145,3+1,7,Kombi (Doğalgaz),2,Kapalı,Var,Var,Açık & Kapalı Otopark,Hayır,Mülk Sahibi,Hayır,Belirtilmemiş,250,Evet,Kat Mülkiyetli,Emlak Ofisinden,Hayır,7.5,1,4,7,2037,1226952173,2025-05-03,250,,314.0,35000.0
5700000,Yenimahalle Mah.,1232193335,03 Mayıs 2025,165,140,3+1,8,Merkezi (Pay Ölçer),2,Kapalı,Var,Var,Açık Otopark,Hayır,Mülk Sahibi,Hayır,Belirtilmemiş,200,Evet,Kat Mülkiyetli,Emlak Ofisinden,Evet,7.5,6,4,8,2054,1232193335,2025-05-03,200,,314.0,34545.454545454544
5725000,Mimarsinan Mah.,1169456401,03 Mayıs 2025,160,140,3+1,9,Kombi (Doğalgaz),2,Kapalı,Var,Var,Açık & Kapalı Otopark,Hayır,Mülk Sahibi,Hayır,Belirtilmemiş,1100,Evet,Kat Mülkiyetli,Sahibinden,Hayır,7.5,1,4,9,2059,1169456401,2025-05-03,1100,,314.0,35781.25
5850000,Atakent Mh.,1244085208,03 Mayıs 2025,190,165,3+1,8,Kombi (Doğalgaz),2,Kapalı,Var,Var,Açık Otopark,Hayır,Mülk Sahibi,Evet,Bahar Sitesi,1750,Evet,Kat İrtifaklı,Emlak Ofisinden,Evet,7.5,3,4,8,2074,1244085208,2025-05-03,1750,,314.0,30789.473684210527
6900000,Yenimahalle Mah.,1232436717,03 Mayıs 2025,160,140,3+1,8,Kombi (Doğalgaz),2,Kapalı,Var,Var,Açık Otopark,Hayır,Mülk Sahibi,Hayır,Belirtilmemiş,200,Evet,Kat Mülkiyetli,Sahibinden,Hayır,7.5,7,4,8,2207,1232436717,2025-05-03,200,,314.0,43125.0
7000000,Güzelyalı Mh.,1185668531,03 Mayıs 2025,185,165,3+1,7,Kombi (Doğalgaz),1,Kapalı,Var,Var,Açık Otopark,Hayır,Boş,Hayır,Belirtilmemiş,300,Evet,Kat Mülkiyetli,Emlak Ofisinden,Hayır,7.5,6,4,7,2226,1185668531,2025-05-03,300,,314.0,37837.83783783784
8200000,Atakent Mh.,1231845687,03 Mayıs 2025,160,135,3+1,5,Yerden Isıtma,2,Kapalı,Var,Var,Açık Otopark,Hayır,Boş,Hayır,Belirtilmemiş,Belirtilmemiş,Evet,Kat Mülkiyetli,Emlak Ofisinden,Evet,0.0,4,4,5,2276,1231845687,2025-05-03,,,314.0,51250.0
1575000,Yenimahalle Mah.,1238006071,04 Mayıs 2025,50,40,1+1,4,Kombi (Doğalgaz),1,Açık (Amerikan),Yok,Var,Açık Otopark,Hayır,Boş,Hayır,Belirtilmemiş,450,Evet,Kat Mülkiyetli,Emlak Ofisinden,Hayır,1.0,1,2,4,50,1238006071,2025-05-04,450,,315.0,31500.0
1625000,Körfez Mh.,1219281367,04 Mayıs 2025,50,45,1+1,5,Kombi (Doğalgaz),1,Açık (Amerikan),Yok,Var,Açık Otopark,Evet,Kiracılı,Hayır,Belirtilmemiş,Belirtilmemiş,Evet,Kat Mülkiyetli,Sahibinden,Evet,2.0,0,2,5,60,1219281367,2025-05-04,,,315.0,32500.0
1800000,Yenimahalle Mah.,1227137483,04 Mayıs 2025,90,75,2+1,5,Kombi (Doğalgaz),1,Açık (Amerikan),Yok,Var,Yok,Evet,Kiracılı,Hayır,Belirtilmemiş,Belirtilmemiş,Evet,Kat Mülkiyetli,Emlak Ofisinden,Hayır,13.0,0,3,5,186,1227137483,2025-05-04,,,315.0,20000.0
1975000,Yenimahalle Mah.,1244299864,04 Mayıs 2025,55,40,1+1,3,Yerden Isıtma,1,Açık (Amerikan),Yok,Var,Açık Otopark,Evet,Boş,Hayır,Belirtilmemiş,Belirtilmemiş,Evet,Kat Mülkiyetli,Emlak Ofisinden,Hayır,0.0,2,2,3,378,1244299864,2025-05-04,,,315.0,35909.09090909091
2040000,Yenimahalle Mah.,1244282315,04 Mayıs 2025,55,45,1+1,5,Kombi (Doğalgaz),1,Açık (Amerikan),Var,Var,Açık Otopark,Evet,Boş,Hayır,Belirtilmemiş,Belirtilmemiş,Evet,Kat Mülkiyetli,Emlak Ofisinden,Hayır,4.0,1,2,5,452,1244282315,2025-05-04,,,315.0,37090.90909090909
2150000,Körfez Mh.,1237745865,04 Mayıs 2025,48,40,1+1,4,Kombi (Doğalgaz),1,Açık (Amerikan),Var,Var,Açık Otopark,Hayır,Boş,Hayır,Belirtilmemiş,Belirtilmemiş,Evet,Kat Mülkiyetli,Sahibinden,Evet,0.0,3,2,4,567,1237745865,2025-05-04,,,315.0,44791.666666666664
2180000,Atakent Mh.,1232326393,04 Mayıs 2025,62,55,1+1,2,Yerden Isıtma,1,Açık (Amerikan),Yok,Var,Açık Otopark,Hayır,Boş,Hayır,Belirtilmemiş,Belirtilmemiş,Evet,Kat Mülkiyetli,Emlak Ofisinden,Evet,0.0,1,2,2,596,1232326393,2025-05-04,,,315.0,35161.290322580644
2195000,Yenimahalle Mah.,1244276729,04 Mayıs 2025,55,45,1+1,3,Yerden Isıtma,1,Açık (Amerikan),Var,Var,Açık Otopark,Evet,Boş,Hayır,Belirtilmemiş,Belirtilmemiş,Evet,Kat Mülkiyetli,Emlak Ofisinden,Hayır,0.0,3,2,3,606,1244276729,2025-05-04,,,315.0,39909.09090909091
2250000,Körfez Mh.,1244269327,04 Mayıs 2025,60,50,1+1,5,Kombi (Doğalgaz),1,Açık (Amerikan),Var,Var,Açık Otopark,Hayır,Boş,Evet,Gülpark Yaşam Evleri,800,Evet,Kat Mülkiyetli,Sahibinden,Hayır,2.0,2,2,5,688,1244269327,2025-05-04,800,,315.0,37500.0
2250000,Yenimahalle Mah.,1227032961,04 Mayıs 2025,60,50,1+1,9,Kombi (Doğalgaz),1,Açık (Amerikan),Var,Var,Açık Otopark,Hayır,Boş,Hayır,Belirtilmemiş,200,Evet,Kat Mülkiyetli,Emlak Ofisinden,Hayır,7.5,8,2,9,706,1227032961,2025-05-04,200,,315.0,37500.0
2345000,Yenimahalle Mah.,1227027407,04 Mayıs 2025,46,40,1+1,3,Kombi (Doğalgaz),1,Açık (Amerikan),Var,Var,Açık Otopark,Hayır,Boş,Hayır,Belirtilmemiş,Belirtilmemiş,Evet,Kat İrtifaklı,Emlak Ofisinden,Hayır,0.0,3,2,3,772,1227027407,2025-05-04,,,315.0,50978.260869565216
2400000,Yenimahalle Mah.,1243923881,04 Mayıs 2025,55,48,1+1,5,Kombi (Doğalgaz),1,Açık (Amerikan),Var,Var,Açık Otopark,Evet,Mülk Sahibi,Hayır,Belirtilmemiş,350,Evet,Kat Mülkiyetli,Sahibinden,Hayır,7.5,5,2,5,829,1243923881,2025-05-04,350,,315.0,43636.36363636364
2600000,Alanlı Mh.,1244271992,04 Mayıs 2025,60,50,1+1,6,Kombi (Doğalgaz),1,Açık (Amerikan),Var,Var,Açık Otopark,Hayır,Kiracılı,Hayır,Belirtilmemiş,Belirtilmemiş,Evet,Kat Mülkiyetli,Emlak Ofisinden,Evet,3.0,4,2,6,931,1244271992,2025-05-04,,,315.0,43333.333333333336
2750000,Yenimahalle Mah.,1238097112,04 Mayıs 2025,50,45,1+1,6,Kombi (Doğalgaz),1,Açık (Amerikan),Var,Var,Açık Otopark,Hayır,Boş,Hayır,Belirtilmemiş,200,Evet,Kat Mülkiyetli,Emlak Ofisinden,Hayır,0.0,2,2,6,1051,1238097112,2025-05-04,200,,315.0,55000.0
2750000,Yenimahalle Mah.,1238057153,04 Mayıs 2025,60,50,1+1,5,Kombi (Doğalgaz),1,Açık (Amerikan),Var,Var,Açık Otopark,Hayır,Boş,Hayır,Belirtilmemiş,Belirtilmemiş,Evet,Kat Mülkiyetli,Emlak Ofisinden,Hayır,0.0,3,2,5,1052,1238057153,2025-05-04,,,315.0,45833.333333333336
2850000,Körfez Mh.,1232560519,04 Mayıs 2025,75,65,2+1,6,Kombi (Doğalgaz),1,Açık (Amerikan),Var,Var,Açık Otopark,Evet,Boş,Hayır,Belirtilmemiş,200,Evet,Kat Mülkiyetli,Sahibinden,Evet,1.0,1,3,6,1092,1232560519,2025-05-04,200,,315.0,38000.0
2900000,Atakent Mh.,1232036318,04 Mayıs 2025,115,100,2+1,2,Kombi (Doğalgaz),1,Açık (Amerikan),Yok,Var,Açık Otopark,Hayır,Boş,Hayır,Belirtilmemiş,Belirtilmemiş,Evet,Kat Mülkiyetli,Emlak Ofisinden,Evet,0.0,1,3,2,1124,1232036318,2025-05-04,,,315.0,25217.391304347828
2990000,Yenimahalle Mah.,1165166250,04 Mayıs 2025,50,45,1+1,5,Kombi (Doğalgaz),1,Açık (Amerikan),Var,Var,Açık Otopark,Hayır,Boş,Hayır,Belirtilmemiş,Belirtilmemiş,Evet,Kat Mülkiyetli,Emlak Ofisinden,Evet,0.0,2,2,5,1158,1165166250,2025-05-04,,,315.0,59800.0
3750000,Yenimahalle Mah.,1236938685,04 Mayıs 2025,155,140,3+1,7,Kombi (Doğalgaz),2,Açık (Amerikan),Var,Var,Açık Otopark,Hayır,Boş,Hayır,Belirtilmemiş,Belirtilmemiş,Evet,Kat Mülkiyetli,Emlak Ofisinden,Hayır,7.5,7,4,7,1473,1236938685,2025-05-04,,,315.0,24193.548387096773
3900000,Güzelyalı Mh.,1215153543,04 Mayıs 2025,70,60,1+1,4,Yerden Isıtma,1,Açık (Amerikan),Var,Var,Açık Otopark,Hayır,Boş,Hayır,Belirtilmemiş,0,Evet,Kat İrtifaklı,Emlak Ofisinden,Hayır,0.0,3,2,4,1544,1215153543,2025-05-04,0,,315.0,55714.28571428572
4010000,Esenevler Mah.,1244170182,04 Mayıs 2025,130,120,3+1,4,Kombi (Doğalgaz),1,Kapalı,Var,Var,Açık Otopark,Hayır,Mülk Sahibi,Hayır,Belirtilmemiş,350,Evet,Kat Mülkiyetli,Sahibinden,Hayır,13.0,3,4,4,1596,1244170182,2025-05-04,350,,315.0,30846.153846153848
4350000,Yenimahalle Mah.,1202065258,04 Mayıs 2025,135,110,3+1,6,Kombi (Doğalgaz),2,Kapalı,Var,Var,Açık Otopark,Hayır,Boş,Hayır,Belirtilmemiş,200,Evet,Kat Mülkiyetli,Emlak Ofisinden,Evet,4.0,4,4,6,1711,1202065258,2025-05-04,200,,315.0,32222.222222222223
4450000,Atatepe,1238081359,04 Mayıs 2025,145,138,3+1,6,Kombi (Doğalgaz),2,Kapalı,Var,Var,Açık Otopark,Hayır,Mülk Sahibi,Hayır,Belirtilmemiş,500,Evet,Kat İrtifaklı,Emlak Ofisinden,Evet,3.0,2,4,6,1740,1238081359,2025-05-04,500,,315.0,30689.655172413793
4600000,Güzelyalı Mh.,1235530540,04 Mayıs 2025,60,55,1+1,9,Kombi (Doğalgaz),1,Açık (Amerikan),Var,Var,Açık & Kapalı Otopark,Hayır,Boş,Hayır,Belirtilmemiş,Belirtilmemiş,Evet,Kat İrtifaklı,Emlak Ofisinden,Hayır,0.0,3,2,9,1792,1235530540,2025-05-04,,,315.0,76666.66666666667
4750000,Atakent Mh.,1232373714,04 Mayıs 2025,160,135,3+1,7,Kombi (Doğalgaz),2,Kapalı,Var,Var,Açık Otopark,Belirtilmemiş,Kiracılı,Hayır,Belirtilmemiş,300,Evet,Kat Mülkiyetli,Emlak Ofisinden,Hayır,4.0,2,4,7,1834,1232373714,2025-05-04,300,,315.0,29687.5
4980000,Güzelyalı Mh.,1215155568,04 Mayıs 2025,70,60,1+1,8,Yerden Isıtma,1,Açık (Amerikan),Var,Var,Açık Otopark,Hayır,Boş,Hayır,Belirtilmemiş,0,Evet,Kat İrtifaklı,Emlak Ofisinden,Hayır,0.0,7,2,8,1885,1215155568,2025-05-04,0,,315.0,71142.85714285714
5250000,Körfez Mh.,1244198892,04 Mayıs 2025,130,100,3+1,5,Kombi (Doğalgaz),1,Açık (Amerikan),Var,Var,Açık Otopark,Hayır,Mülk Sahibi,Hayır,Belirtilmemiş,400,Evet,Kat Mülkiyetli,Sahibinden,Evet,7.5,5,4,5,1950,1244198892,2025-05-04,400,,315.0,40384.61538461538
5250000,Atatepe,1231631525,04 Mayıs 2025,165,148,3+1,9,Kombi (Doğalgaz),2,Kapalı,Var,Var,Açık Otopark,Hayır,Boş,Hayır,Belirtilmemiş,Belirtilmemiş,Evet,Kat İrtifaklı,Emlak Ofisinden,Evet,0.0,2,4,9,1957,1231631525,2025-05-04,,,315.0,31818.18181818182
6000000,Atakent Mh.,1244178908,04 Mayıs 2025,155,135,3+1,8,Kombi (Doğalgaz),2,Kapalı,Var,Var,Açık Otopark,Hayır,Boş,Hayır,Belirtilmemiş,Belirtilmemiş,Evet,Kat Mülkiyetli,Emlak Ofisinden,Evet,0.0,4,4,8,2122,1244178908,2025-05-04,,,315.0,38709.67741935484
6750000,Cumhuriyet Mah.,1244226532,04 Mayıs 2025,156,136,3+1,5,Kombi (Doğalgaz),2,Kapalı,Var,Var,Açık Otopark,Hayır,Mülk Sahibi,Evet,Siteven,300,Evet,Kat Mülkiyetli,Sahibinden,Hayır,13.0,2,4,5,2195,1244226532,2025-05-04,300,,315.0,43269.230769230766
7250000,Güzelyalı Mh.,1075332340,04 Mayıs 2025,190,160,3+1,6,Kombi (Doğalgaz),2,Kapalı,Var,Var,Açık Otopark,Hayır,Kiracılı,Hayır,Belirtilmemiş,Belirtilmemiş,Evet,Kat Mülkiyetli,Emlak Ofisinden,Hayır,7.5,1,4,6,2243,1075332340,2025-05-04,,,315.0,38157.89473684211
1475000,Yenimahalle Mah.,1232527346,05 Mayıs 2025,50,40,1+1,5,Kombi (Doğalgaz),1,Açık (Amerikan),Var,Var,Açık Otopark,Evet,Kiracılı,Hayır,Belirtilmemiş,Belirtilmemiş,Evet,Kat Mülkiyetli,Emlak Ofisinden,Hayır,7.5,0,2,5,24,1232527346,2025-05-05,,,316.0,29500.0
1750000,Büyükoyumca Mh.,1238167338,05 Mayıs 2025,48,44,1+1,5,Yerden Isıtma,1,Açık (Amerikan),Var,Var,Açık Otopark,Hayır,Boş,Hayır,Belirtilmemiş,Belirtilmemiş,Evet,Kat Mülkiyetli,Emlak Ofisinden,Hayır,0.0,4,2,5,126,1238167338,2025-05-05,,,316.0,36458.333333333336
1800000,Yenimahalle Mah.,1238012011,05 Mayıs 2025,70,65,1+1,4,Kombi (Doğalgaz),2,Açık (Amerikan),Var,Var,Açık Otopark,Hayır,Boş,Hayır,Belirtilmemiş,375,Evet,Kat Mülkiyetli,Emlak Ofisinden,Evet,0.0,1,2,4,185,1238012011,2025-05-05,375,,316.0,25714.285714285714
1845000,Yenimahalle Mah.,1244487318,05 Mayıs 2025,45,38,1+1,4,Kombi (Doğalgaz),1,Açık (Amerikan),Var,Var,Açık Otopark,Evet,Boş,Hayır,Belirtilmemiş,Belirtilmemiş,Evet,Kat Mülkiyetli,Emlak Ofisinden,Hayır,0.0,1,2,4,208,1244487318,2025-05-05,,,316.0,41000.0
1870000,Körfez Mh.,1244343294,05 Mayıs 2025,55,48,1+1,5,Kombi (Doğalgaz),1,Açık (Amerikan),Var,Var,Açık Otopark,Evet,Kiracılı,Hayır,Belirtilmemiş,Belirtilmemiş,Hayır,Kat Mülkiyetli,Emlak Ofisinden,Hayır,7.5,1,2,5,255,1244343294,2025-05-05,,,316.0,34000.0
1875000,Alanlı Mh.,1244389776,05 Mayıs 2025,60,50,1+1,5,Kombi (Doğalgaz),1,Açık (Amerikan),Var,Var,Açık Otopark,Hayır,Boş,Hayır,Belirtilmemiş,0,Evet,Kat Mülkiyetli,Emlak Ofisinden,Hayır,0.0,2,2,5,256,1244389776,2025-05-05,0,,316.0,31250.0
1900000,Mevlana Mah.,1221744099,05 Mayıs 2025,42,38,1+1,1,Yerden Isıtma,1,Açık (Amerikan),Var,Var,Açık Otopark,Belirtilmemiş,Boş,Hayır,Belirtilmemiş,Belirtilmemiş,Evet,Kat Mülkiyetli,Sahibinden,Evet,0.0,1,2,1,310,1221744099,2025-05-05,,,316.0,45238.09523809524
1925000,Yenimahalle Mah.,1238017021,05 Mayıs 2025,55,50,1+1,5,Kombi (Doğalgaz),1,Açık (Amerikan),Var,Var,Açık Otopark,Hayır,Boş,Hayır,Belirtilmemiş,350,Evet,Kat Mülkiyetli,Emlak Ofisinden,Evet,0.0,3,2,5,316,1238017021,2025-05-05,350,,316.0,35000.0
1975000,Yenimahalle Mah.,1238138360,05 Mayıs 2025,55,47,1+1,9,Kombi (Doğalgaz),1,Açık (Amerikan),Var,Var,Açık Otopark,Hayır,Boş,Hayır,Belirtilmemiş,Belirtilmemiş,Belirtilmemiş,Kat Mülkiyetli,Emlak Ofisinden,Hayır,7.5,5,2,9,376,1238138360,2025-05-05,,,316.0,35909.09090909091
2000000,Yenimahalle Mah.,1238343970,05 Mayıs 2025,60,50,1+1,5,Kombi (Doğalgaz),1,Açık (Amerikan),Var,Var,Açık Otopark,Hayır,Boş,Hayır,Belirtilmemiş,0,Evet,Kat Mülkiyetli,Emlak Ofisinden,Hayır,0.0,3,2,5,432,1238343970,2025-05-05,0,,316.0,33333.333333333336
2045000,Yenimahalle Mah.,1238294416,05 Mayıs 2025,50,42,1+1,6,Kombi (Doğalgaz),1,Açık (Amerikan),Var,Var,Açık Otopark,Hayır,Boş,Hayır,Belirtilmemiş,Belirtilmemiş,Evet,Kat Mülkiyetli,Emlak Ofisinden,Evet,0.0,1,2,6,455,1238294416,2025-05-05,,,316.0,40900.0
2100000,Alanlı Mh.,1235961979,05 Mayıs 2025,55,45,1+1,5,Yerden Isıtma,1,Açık (Amerikan),Var,Var,Açık Otopark,Hayır,Boş,Hayır,Belirtilmemiş,Belirtilmemiş,Evet,Kat Mülkiyetli,Emlak Ofisinden,Hayır,0.0,4,2,5,498,1235961979,2025-05-05,,,316.0,38181.818181818184
2100000,İncesu Yalı Mh.,1244434191,05 Mayıs 2025,50,42,1+1,8,Kombi (Doğalgaz),1,Açık (Amerikan),Var,Var,Yok,Evet,Kiracılı,Hayır,Belirtilmemiş,200,Evet,Kat Mülkiyetli,Sahibinden,Hayır,4.0,8,2,8,512,1244434191,2025-05-05,200,,316.0,42000.0
2150000,Alanlı Mh.,1226061798,05 Mayıs 2025,55,42,1+1,5,Kombi (Doğalgaz),1,Açık (Amerikan),Var,Var,Açık Otopark,Evet,Boş,Hayır,Belirtilmemiş,250,Evet,Müstakil Tapulu,Emlak Ofisinden,Hayır,0.0,2,2,5,549,1226061798,2025-05-05,250,,316.0,39090.90909090909
2175000,Büyükoyumca Mh.,1189677280,05 Mayıs 2025,75,65,1+1,5,Kombi (Doğalgaz),1,Açık (Amerikan),Var,Var,Açık Otopark,Hayır,Boş,Hayır,Belirtilmemiş,250,Evet,Kat Mülkiyetli,Emlak Ofisinden,Hayır,0.0,2,2,5,592,1189677280,2025-05-05,250,,316.0,29000.0
2195855,Körfez Mh.,1241611509,05 Mayıs 2025,50,45,1+1,6,Kombi (Doğalgaz),1,Açık (Amerikan),Var,Var,Açık & Kapalı Otopark,Evet,Boş,Hayır,Belirtilmemiş,100,Evet,Kat Mülkiyetli,Sahibinden,Hayır,0.0,4,2,6,607,1241611509,2025-05-05,100,,316.0,43917.1
2200000,Atakent Mh.,1238119294,05 Mayıs 2025,55,45,1+1,5,Yerden Isıtma,1,Açık (Amerikan),Var,Var,Açık Otopark,Hayır,Boş,Hayır,Belirtilmemiş,Belirtilmemiş,Evet,Kat Mülkiyetli,Emlak Ofisinden,Evet,0.0,2,2,5,656,1238119294,2025-05-05,,,316.0,40000.0
2300000,Atakent Mh.,1188993921,05 Mayıs 2025,55,47,1+1,3,Kombi (Doğalgaz),1,Açık (Amerikan),Var,Var,Açık Otopark,Hayır,Boş,Hayır,Belirtilmemiş,Belirtilmemiş,Evet,Kat Mülkiyetli,Emlak Ofisinden,Evet,0.0,2,2,3,753,1188993921,2025-05-05,,,316.0,41818.181818181816
2600000,Esenevler Mah.,1238214924,05 Mayıs 2025,55,48,1+1,5,Kombi (Doğalgaz),1,Açık (Amerikan),Yok,Var,Açık Otopark,Hayır,Boş,Hayır,Belirtilmemiş,Belirtilmemiş,Evet,Kat İrtifaklı,İnşaat Firmasından,Evet,0.0,0,2,5,933,1238214924,2025-05-05,,,316.0,47272.72727272727
2600000,Mevlana Mah.,1244352087,05 Mayıs 2025,55,50,1+1,3,Kombi (Doğalgaz),1,Açık (Amerikan),Yok,Var,Açık Otopark,Hayır,Boş,Hayır,Belirtilmemiş,Belirtilmemiş,Belirtilmemiş,Kat Mülkiyetli,Sahibinden,Hayır,7.5,2,2,3,944,1244352087,2025-05-05,,,316.0,47272.72727272727
2625000,Yenimahalle Mah.,1238262289,05 Mayıs 2025,60,50,1+1,6,Kombi (Doğalgaz),1,Açık (Amerikan),Var,Var,Açık Otopark,Evet,Boş,Hayır,Belirtilmemiş,390,Evet,Kat Mülkiyetli,Emlak Ofisinden,Hayır,7.5,5,2,6,954,1238262289,2025-05-05,390,,316.0,43750.0
2649000,Yenimahalle Mah.,1241507791,05 Mayıs 2025,55,50,1+1,4,Yerden Isıtma,1,Açık (Amerikan),Var,Var,Açık Otopark,Hayır,Kiracılı,Hayır,Belirtilmemiş,400,Evet,Kat Mülkiyetli,Emlak Ofisinden,Evet,0.0,3,2,4,959,1241507791,2025-05-05,400,,316.0,48163.63636363636
2700000,Atakent Mh.,1244525396,05 Mayıs 2025,75,70,1+1,6,Kombi (Doğalgaz),1,Açık (Amerikan),Var,Var,Açık Otopark,Hayır,Boş,Hayır,Belirtilmemiş,200,Evet,Kat Mülkiyetli,Emlak Ofisinden,Hayır,7.5,6,2,6,1003,1244525396,2025-05-05,200,,316.0,36000.0
2735000,Yenimahalle Mah.,1232896855,05 Mayıs 2025,85,72,2+0,6,Kombi (Doğalgaz),1,Açık (Amerikan),Var,Var,Açık Otopark,Hayır,Boş,Hayır,Belirtilmemiş,Belirtilmemiş,Evet,Kat Mülkiyetli,Emlak Ofisinden,Hayır,4.0,6,2,6,1009,1232896855,2025-05-05,,,316.0,32176.470588235294
2750000,Yenimahalle Mah.,986342475,05 Mayıs 2025,60,55,1+1,5,Kombi (Doğalgaz),1,Açık (Amerikan),Var,Var,Açık Otopark,Evet,Kiracılı,Hayır,Belirtilmemiş,Belirtilmemiş,Evet,Kat Mülkiyetli,Emlak Ofisinden,Evet,0.0,5,2,5,1053,986342475,2025-05-05,,,316.0,45833.333333333336
2950000,Yenimahalle Mah.,1244354320,05 Mayıs 2025,55,44,1+1,5,Yerden Isıtma,1,Açık (Amerikan),Var,Var,Açık Otopark,Evet,Boş,Hayır,Belirtilmemiş,Belirtilmemiş,Evet,Kat Mülkiyetli,Emlak Ofisinden,Hayır,0.0,1,2,5,1147,1244354320,2025-05-05,,,316.0,53636.36363636364
2970000,Yenimahalle Mah.,1233941670,05 Mayıs 2025,65,57,1+1,4,Kombi (Doğalgaz),1,Açık (Amerikan),Var,Var,Açık Otopark,Evet,Mülk Sahibi,Hayır,Belirtilmemiş,150,Evet,Kat Mülkiyetli,Emlak Ofisinden,Hayır,1.0,2,2,4,1150,1233941670,2025-05-05,150,,316.0,45692.307692307695
3100000,Yenimahalle Mah.,1244456937,05 Mayıs 2025,90,76,2+1,6,Kombi (Doğalgaz),1,Açık (Amerikan),Var,Var,Açık Otopark,Evet,Boş,Hayır,Belirtilmemiş,Belirtilmemiş,Evet,Kat İrtifaklı,Sahibinden,Hayır,1.0,2,3,6,1212,1244456937,2025-05-05,,,316.0,34444.444444444445
3200000,Yenimahalle Mah.,1218274599,05 Mayıs 2025,140,135,3+1,5,Kombi (Doğalgaz),1,Kapalı,Var,Var,Yok,Hayır,Boş,Hayır,Belirtilmemiş,Belirtilmemiş,Evet,Kat Mülkiyetli,Emlak Ofisinden,Hayır,7.5,1,4,5,1262,1218274599,2025-05-05,,,316.0,22857.14285714286
3300000,Körfez Mh.,1244487981,05 Mayıs 2025,55,50,1+1,6,Yerden Isıtma,1,Açık (Amerikan),Var,Var,Açık Otopark,Evet,Mülk Sahibi,Hayır,Belirtilmemiş,200,Evet,Kat Mülkiyetli,Sahibinden,Hayır,2.0,1,2,6,1293,1244487981,2025-05-05,200,,316.0,60000.0
3400000,Büyükoyumca Mh.,1244441578,05 Mayıs 2025,105,90,2+1,5,Kombi (Doğalgaz),2,Kapalı,Var,Var,Açık Otopark,Hayır,Boş,Hayır,Belirtilmemiş,Belirtilmemiş,Evet,Müstakil Tapulu,İnşaat Firmasından,Evet,0.0,2,3,5,1324,1244441578,2025-05-05,,,316.0,32380.95238095238
3500000,Atakent Mh.,1244470959,05 Mayıs 2025,140,130,3+1,8,Kombi (Doğalgaz),2,Kapalı,Var,Var,Kapalı Otopark,Hayır,Mülk Sahibi,Hayır,Belirtilmemiş,Belirtilmemiş,Evet,Kat Mülkiyetli,Emlak Ofisinden,Evet,7.5,1,4,8,1372,1244470959,2025-05-05,,,316.0,25000.0
3750000,Atakent Mh.,1244343862,05 Mayıs 2025,110,100,2+1,6,Kombi (Doğalgaz),1,Kapalı,Var,Var,Açık Otopark,Hayır,Boş,Hayır,Belirtilmemiş,Belirtilmemiş,Evet,Kat Mülkiyetli,Emlak Ofisinden,Hayır,0.0,6,3,6,1474,1244343862,2025-05-05,,,316.0,34090.90909090909
3750000,Atakent Mh.,1237933231,05 Mayıs 2025,150,135,3+1,6,Kombi (Doğalgaz),3,Kapalı,Var,Var,Açık Otopark,Hayır,Boş,Hayır,Belirtilmemiş,300,Evet,Kat Mülkiyetli,Emlak Ofisinden,Evet,0.0,1,4,6,1475,1237933231,2025-05-05,300,,316.0,25000.0
3850000,Yenimahalle Mah.,1208330311,05 Mayıs 2025,145,133,3+1,7,Kombi (Doğalgaz),2,Kapalı,Var,Var,Açık Otopark,Hayır,Boş,Hayır,Belirtilmemiş,Belirtilmemiş,Evet,Kat Mülkiyetli,Emlak Ofisinden,Evet,8.0,7,4,7,1512,1208330311,2025-05-05,,,316.0,26551.724137931036
3875000,Atakent Mh.,1219289271,05 Mayıs 2025,105,95,2+1,6,Kombi (Doğalgaz),2,Kapalı,Var,Var,Açık Otopark,Hayır,Boş,Hayır,Belirtilmemiş,Belirtilmemiş,Evet,Kat Mülkiyetli,Emlak Ofisinden,Hayır,0.0,3,3,6,1520,1219289271,2025-05-05,,,316.0,36904.76190476191
3900000,Atakent Mh.,1244435359,05 Mayıs 2025,130,120,3+1,4,Kombi (Doğalgaz),1,Kapalı,Var,Var,Açık & Kapalı Otopark,Hayır,Boş,Hayır,Belirtilmemiş,150,Evet,Kat Mülkiyetli,Emlak Ofisinden,Evet,7.5,4,4,4,1543,1244435359,2025-05-05,150,,316.0,30000.0
3999000,Atakent Mh.,1244438133,05 Mayıs 2025,135,120,3+1,5,Kombi (Doğalgaz),1,Açık (Amerikan),Var,Var,Açık Otopark,Hayır,Boş,Hayır,Belirtilmemiş,250,Evet,Kat Mülkiyetli,Emlak Ofisinden,Evet,18.0,2,4,5,1573,1244438133,2025-05-05,250,,316.0,29622.222222222223
4000000,Yenimahalle Mah.,1190242934,05 Mayıs 2025,145,135,3+1,7,Kombi (Doğalgaz),2,Kapalı,Var,Var,Açık Otopark,Hayır,Boş,Hayır,Belirtilmemiş,Belirtilmemiş,Evet,Kat Mülkiyetli,Emlak Ofisinden,Evet,7.5,7,4,7,1589,1190242934,2025-05-05,,,316.0,27586.206896551725
4000000,Yenimahalle Mah.,1226294435,05 Mayıs 2025,65,55,1+1,9,Yerden Isıtma,1,Açık (Amerikan),Var,Var,Açık Otopark,Hayır,Boş,Hayır,Belirtilmemiş,Belirtilmemiş,Evet,Kat Mülkiyetli,Emlak Ofisinden,Hayır,0.0,8,2,9,1593,1226294435,2025-05-05,,,316.0,61538.46153846154
4100000,Mimarsinan Mah.,1220487076,05 Mayıs 2025,130,115,3+1,4,Kombi (Elektrik),1,Kapalı,Var,Var,Açık Otopark,Hayır,Boş,Hayır,Belirtilmemiş,350,Evet,Kat İrtifaklı,Sahibinden,Hayır,18.0,2,4,4,1623,1220487076,2025-05-05,350,,316.0,31538.46153846154
4180000,Yenimahalle Mah.,1241479464,05 Mayıs 2025,145,135,3+1,8,Kombi (Doğalgaz),1,Kapalı,Var,Var,Açık Otopark,Hayır,Mülk Sahibi,Evet,İpek My Towers,750,Hayır,Kat Mülkiyetli,Emlak Ofisinden,Hayır,13.0,6,4,8,1643,1241479464,2025-05-05,750,,316.0,28827.58620689655
4499000,Atakent Mh.,1244314566,05 Mayıs 2025,145,140,5+1,4,Kombi (Doğalgaz),3,Kapalı,Var,Var,Açık Otopark,Evet,Boş,Hayır,Belirtilmemiş,100,Evet,Kat Mülkiyetli,Emlak Ofisinden,Hayır,7.5,4,6,4,1749,1244314566,2025-05-05,100,,316.0,31027.58620689655
4500000,Alanlı Mh.,1232715468,05 Mayıs 2025,105,95,2+1,6,Yerden Isıtma,2,Kapalı,Var,Var,Açık Otopark,Hayır,Boş,Hayır,Belirtilmemiş,0,Evet,Müstakil Tapulu,Emlak Ofisinden,Evet,0.0,6,3,6,1752,1232715468,2025-05-05,0,,316.0,42857.142857142855
4500000,Büyükoyumca Mh.,1244454498,05 Mayıs 2025,145,130,3+1,5,Kombi (Doğalgaz),2,Kapalı,Var,Var,Açık Otopark,Hayır,Boş,Hayır,Belirtilmemiş,Belirtilmemiş,Evet,Müstakil Tapulu,İnşaat Firmasından,Evet,0.0,5,4,5,1759,1244454498,2025-05-05,,,316.0,31034.48275862069
4500000,Atakent Mh.,1244329861,05 Mayıs 2025,145,135,3+1,5,Yerden Isıtma,2,Kapalı,Var,Var,Açık Otopark,Hayır,Boş,Hayır,Belirtilmemiş,Belirtilmemiş,Evet,Kat İrtifaklı,Emlak Ofisinden,Hayır,0.0,1,4,5,1771,1244329861,2025-05-05,,,316.0,31034.48275862069
5000000,Güzelyalı Mh.,1219997073,05 Mayıs 2025,110,85,2+1,4,Kombi (Doğalgaz),1,Açık (Amerikan),Var,Var,Açık Otopark,Hayır,Boş,Hayır,Belirtilmemiş,Belirtilmemiş,Evet,Kat Mülkiyetli,Emlak Ofisinden,Hayır,7.5,3,3,4,1911,1219997073,2025-05-05,,,316.0,45454.545454545456
5000000,Yenimahalle Mah.,1244404256,05 Mayıs 2025,115,100,2+1,7,Kombi (Doğalgaz),2,Açık (Amerikan),Var,Var,Açık & Kapalı Otopark,Hayır,Boş,Hayır,Belirtilmemiş,Belirtilmemiş,Evet,Kat İrtifaklı,Emlak Ofisinden,Evet,0.0,5,3,7,1912,1244404256,2025-05-05,,,316.0,43478.260869565216
5250000,Atakent Mh.,1124939497,05 Mayıs 2025,150,135,3+1,9,Kombi (Doğalgaz),2,Kapalı,Var,Var,Açık Otopark,Hayır,Kiracılı,Hayır,Belirtilmemiş,Belirtilmemiş,Evet,Kat Mülkiyetli,Emlak Ofisinden,Hayır,13.0,4,4,9,1956,1124939497,2025-05-05,,,316.0,35000.0
5250000,Yenimahalle Mah.,1163339034,05 Mayıs 2025,85,80,2+1,9,Kombi (Doğalgaz),1,Açık (Amerikan),Var,Var,Açık Otopark,Evet,Kiracılı,Hayır,Belirtilmemiş,400,Evet,Kat Mülkiyetli,Emlak Ofisinden,Evet,1.0,3,3,9,1958,1163339034,2025-05-05,400,,316.0,61764.705882352944
5400000,Atakent Mh.,1238309360,05 Mayıs 2025,160,145,3+1,8,Kombi (Doğalgaz),2,Kapalı,Var,Var,Açık Otopark,Hayır,Mülk Sahibi,Hayır,Belirtilmemiş,Belirtilmemiş,Evet,Kat Mülkiyetli,Emlak Ofisinden,Hayır,7.5,7,4,8,1981,1238309360,2025-05-05,,,316.0,33750.0
5700000,Yenimahalle Mah.,1244423847,05 Mayıs 2025,150,135,3+1,6,Yerden Isıtma,2,Kapalı,Var,Var,Açık Otopark,Hayır,Boş,Hayır,Belirtilmemiş,Belirtilmemiş,Evet,Kat Mülkiyetli,Emlak Ofisinden,Evet,0.0,6,4,6,2053,1244423847,2025-05-05,,,316.0,38000.0
5750000,Atakent Mh.,1214247303,05 Mayıs 2025,170,145,3+1,8,Yerden Isıtma,2,Kapalı,Var,Var,Açık & Kapalı Otopark,Hayır,Boş,Hayır,Belirtilmemiş,Belirtilmemiş,Hayır,Kat Mülkiyetli,Emlak Ofisinden,Hayır,0.0,1,4,8,2065,1214247303,2025-05-05,,,316.0,33823.529411764706
6500000,Atakent Mh.,1219496524,05 Mayıs 2025,160,140,3+1,6,Kombi (Doğalgaz),2,Kapalı,Var,Var,Açık Otopark,Hayır,Boş,Hayır,Belirtilmemiş,250,Evet,Kat Mülkiyetli,Emlak Ofisinden,Evet,0.0,1,4,6,2181,1219496524,2025-05-05,250,,316.0,40625.0
7500000,Atakent Mh.,1238124790,05 Mayıs 2025,170,142,3+1,7,Kombi (Doğalgaz),2,Kapalı,Var,Var,Açık & Kapalı Otopark,Hayır,Boş,Hayır,Belirtilmemiş,Belirtilmemiş,Evet,Kat Mülkiyetli,Emlak Ofisinden,Evet,0.0,5,4,7,2259,1238124790,2025-05-05,,,316.0,44117.64705882353
925000,Körfez Mh.,1207928267,06 Mayıs 2025,55,48,1+1,5,Yerden Isıtma,1,Açık (Amerikan),Yok,Var,Açık Otopark,Hayır,Boş,Hayır,Belirtilmemiş,1,Evet,Kat Mülkiyetli,Emlak Ofisinden,Evet,0.0,0,2,5,3,1207928267,2025-05-06,1,,317.0,16818.18181818182
1475000,Büyükoyumca Mh.,1244725165,06 Mayıs 2025,65,60,1+1,5,Kombi (Doğalgaz),1,Açık (Amerikan),Var,Var,Açık Otopark,Evet,Boş,Hayır,Belirtilmemiş,Belirtilmemiş,Evet,Kat İrtifaklı,Sahibinden,Evet,0.0,3,2,5,18,1244725165,2025-05-06,,,317.0,22692.30769230769
1475000,Çobanözü Mh.,1202850726,06 Mayıs 2025,69,57,1+1,9,Kombi (Doğalgaz),1,Açık (Amerikan),Var,Var,Açık Otopark,Hayır,Boş,Hayır,Belirtilmemiş,Belirtilmemiş,Evet,Kat İrtifaklı,Emlak Ofisinden,Evet,0.0,6,2,9,20,1202850726,2025-05-06,,,317.0,21376.8115942029
1495000,Körfez Mh.,1231785331,06 Mayıs 2025,48,38,1+1,5,Yerden Isıtma,1,Açık (Amerikan),Yok,Var,Açık Otopark,Hayır,Boş,Hayır,Belirtilmemiş,Belirtilmemiş,Evet,Kat Mülkiyetli,Emlak Ofisinden,Hayır,0.0,0,2,5,27,1231785331,2025-05-06,,,317.0,31145.833333333332
1500000,Körfez Mh.,1241636498,06 Mayıs 2025,55,50,1+1,5,Yerden Isıtma,1,Açık (Amerikan),Var,Var,Açık & Kapalı Otopark,Hayır,Boş,Hayır,Belirtilmemiş,0,Evet,Kat İrtifaklı,Emlak Ofisinden,Evet,0.0,0,2,5,32,1241636498,2025-05-06,0,,317.0,27272.727272727272
1500000,Körfez Mh.,1244603248,06 Mayıs 2025,55,50,1+1,5,Yerden Isıtma,1,Açık (Amerikan),Yok,Var,Açık Otopark,Hayır,Boş,Hayır,Belirtilmemiş,Belirtilmemiş,Evet,Kat Mülkiyetli,Emlak Ofisinden,Hayır,0.0,0,2,5,34,1244603248,2025-05-06,,,317.0,27272.727272727272
1575000,Körfez Mh.,1238298910,06 Mayıs 2025,55,46,1+1,5,Yerden Isıtma,1,Açık (Amerikan),Var,Var,Açık Otopark,Hayır,Boş,Hayır,Belirtilmemiş,Belirtilmemiş,Evet,Kat Mülkiyetli,Emlak Ofisinden,Hayır,0.0,0,2,5,49,1238298910,2025-05-06,,,317.0,28636.363636363636
1630000,Büyükoyumca Mh.,1237812532,06 Mayıs 2025,55,50,1+1,4,Kombi (Doğalgaz),1,Açık (Amerikan),Var,Var,Açık Otopark,Hayır,Boş,Hayır,Belirtilmemiş,Belirtilmemiş,Evet,Kat İrtifaklı,Emlak Ofisinden,Evet,0.0,3,2,4,61,1237812532,2025-05-06,,,317.0,29636.363636363636
1650000,Körfez Mh.,1244595677,06 Mayıs 2025,45,35,1+1,6,Kombi (Doğalgaz),1,Açık (Amerikan),Var,Var,Açık Otopark,Hayır,Boş,Hayır,Belirtilmemiş,Belirtilmemiş,Evet,Kat Mülkiyetli,Emlak Ofisinden,Hayır,0.0,2,2,6,71,1244595677,2025-05-06,,,317.0,36666.666666666664
1650000,Mevlana Mah.,1227222628,06 Mayıs 2025,45,40,1+1,4,Kombi (Doğalgaz),1,Açık (Amerikan),Yok,Var,Açık Otopark,Hayır,Boş,Hayır,Belirtilmemiş,350,Evet,Kat Mülkiyetli,Emlak Ofisinden,Hayır,1.0,1,2,4,74,1227222628,2025-05-06,350,,317.0,36666.666666666664
1675000,Körfez Mh.,1244654871,06 Mayıs 2025,55,50,1+1,4,Yerden Isıtma,1,Açık (Amerikan),Yok,Var,Açık Otopark,Evet,Boş,Hayır,Belirtilmemiş,Belirtilmemiş,Evet,Kat Mülkiyetli,Emlak Ofisinden,Hayır,0.0,0,2,4,80,1244654871,2025-05-06,,,317.0,30454.545454545456
1675000,Körfez Mh.,1244594229,06 Mayıs 2025,50,45,1+1,3,Yerden Isıtma,1,Açık (Amerikan),Yok,Var,Açık Otopark,Evet,Boş,Hayır,Belirtilmemiş,Belirtilmemiş,Evet,Kat İrtifaklı,Emlak Ofisinden,Hayır,0.0,0,2,3,81,1244594229,2025-05-06,,,317.0,33500.0
1675000,Körfez Mh.,1244594324,06 Mayıs 2025,50,45,1+1,3,Yerden Isıtma,1,Açık (Amerikan),Yok,Var,Açık Otopark,Evet,Boş,Hayır,Belirtilmemiş,Belirtilmemiş,Evet,Kat İrtifaklı,Emlak Ofisinden,Hayır,0.0,0,2,3,82,1244594324,2025-05-06,,,317.0,33500.0
1675000,Körfez Mh.,1244598271,06 Mayıs 2025,48,42,1+1,3,Kombi (Doğalgaz),1,Açık (Amerikan),Yok,Var,Açık Otopark,Evet,Boş,Hayır,Belirtilmemiş,Belirtilmemiş,Evet,Kat İrtifaklı,Emlak Ofisinden,Hayır,0.0,1,2,3,83,1244598271,2025-05-06,,,317.0,34895.833333333336
1675000,Körfez Mh.,1244581484,06 Mayıs 2025,50,45,1+1,4,Yerden Isıtma,1,Açık (Amerikan),Yok,Var,Açık Otopark,Evet,Boş,Hayır,Belirtilmemiş,Belirtilmemiş,Evet,Kat Mülkiyetli,Emlak Ofisinden,Hayır,0.0,1,2,4,84,1244581484,2025-05-06,,,317.0,33500.0
1700000,Körfez Mh.,1244704775,06 Mayıs 2025,55,50,1+1,6,Kombi (Doğalgaz),1,Açık (Amerikan),Var,Var,Açık Otopark,Hayır,Boş,Hayır,Belirtilmemiş,200,Evet,Kat Mülkiyetli,Emlak Ofisinden,Hayır,0.0,1,2,6,97,1244704775,2025-05-06,200,,317.0,30909.090909090908
1725000,Körfez Mh.,1244647324,06 Mayıs 2025,50,45,1+1,5,Kombi (Doğalgaz),1,Açık (Amerikan),Var,Var,Açık Otopark,Hayır,Boş,Hayır,Belirtilmemiş,50,Evet,Kat Mülkiyetli,Sahibinden,Evet,0.0,1,2,5,107,1244647324,2025-05-06,50,,317.0,34500.0
1725000,Körfez Mh.,1244629041,06 Mayıs 2025,50,45,1+1,5,Yerden Isıtma,1,Açık (Amerikan),Yok,Var,Açık Otopark,Evet,Boş,Hayır,Belirtilmemiş,Belirtilmemiş,Evet,Kat Mülkiyetli,Emlak Ofisinden,Evet,0.0,1,2,5,108,1244629041,2025-05-06,,,317.0,34500.0
1750000,Alanlı Mh.,1232782913,06 Mayıs 2025,50,45,1+1,6,Kombi (Doğalgaz),1,Açık (Amerikan),Var,Var,Açık Otopark,Hayır,Kiracılı,Hayır,Belirtilmemiş,400,Evet,Kat İrtifaklı,Emlak Ofisinden,Evet,1.0,3,2,6,116,1232782913,2025-05-06,400,,317.0,35000.0
1750000,İncesu Yalı Mh.,1233147002,06 Mayıs 2025,50,45,1+1,4,Yerden Isıtma,1,Açık (Amerikan),Yok,Var,Açık Otopark,Hayır,Boş,Hayır,Belirtilmemiş,Belirtilmemiş,Evet,Kat Mülkiyetli,Emlak Ofisinden,Evet,0.0,1,2,4,132,1233147002,2025-05-06,,,317.0,35000.0
1775000,İncesu Yalı Mh.,1233117227,06 Mayıs 2025,58,45,1+1,7,Yerden Isıtma,1,Açık (Amerikan),Var,Var,Açık Otopark,Hayır,Boş,Hayır,Belirtilmemiş,Belirtilmemiş,Evet,Kat İrtifaklı,Emlak Ofisinden,Hayır,0.0,1,2,7,151,1233117227,2025-05-06,,,317.0,30603.44827586207
1795000,Körfez Mh.,1241634265,06 Mayıs 2025,55,45,1+1,5,Yerden Isıtma,1,Açık (Amerikan),Var,Var,Açık & Kapalı Otopark,Hayır,Boş,Hayır,Belirtilmemiş,0,Evet,Kat İrtifaklı,Emlak Ofisinden,Evet,0.0,1,2,5,159,1241634265,2025-05-06,0,,317.0,32636.363636363636
1825000,Cumhuriyet Mah.,1238274965,06 Mayıs 2025,115,90,2+1,5,Kombi (Doğalgaz),1,Kapalı,Yok,Yok,Yok,Hayır,Boş,Hayır,Belirtilmemiş,0,Evet,Kat Mülkiyetli,Sahibinden,Hayır,18.0,0,3,5,199,1238274965,2025-05-06,0,,317.0,15869.565217391304
1825000,Körfez Mh.,1193281128,06 Mayıs 2025,62,57,1+1,5,Yerden Isıtma,1,Açık (Amerikan),Var,Var,Açık Otopark,Hayır,Boş,Hayır,Belirtilmemiş,Belirtilmemiş,Evet,Kat Mülkiyetli,Emlak Ofisinden,Evet,0.0,1,2,5,202,1193281128,2025-05-06,,,317.0,29435.483870967742
1840000,Körfez Mh.,1244686348,06 Mayıs 2025,65,55,1+1,5,Kombi (Doğalgaz),1,Açık (Amerikan),Var,Var,Açık Otopark,Hayır,Boş,Hayır,Belirtilmemiş,Belirtilmemiş,Evet,Kat İrtifaklı,Emlak Ofisinden,Evet,0.0,1,2,5,206,1244686348,2025-05-06,,,317.0,28307.69230769231
1850000,Körfez Mh.,1244596192,06 Mayıs 2025,50,45,1+1,3,Yerden Isıtma,1,Açık (Amerikan),Yok,Var,Açık Otopark,Evet,Boş,Hayır,Belirtilmemiş,Belirtilmemiş,Evet,Kat İrtifaklı,Emlak Ofisinden,Hayır,0.0,1,2,3,242,1244596192,2025-05-06,,,317.0,37000.0
1850000,Körfez Mh.,1244598894,06 Mayıs 2025,50,42,1+1,5,Kombi (Doğalgaz),1,Açık (Amerikan),Var,Var,Açık Otopark,Evet,Boş,Hayır,Belirtilmemiş,Belirtilmemiş,Evet,Kat Mülkiyetli,Emlak Ofisinden,Evet,0.0,3,2,5,243,1244598894,2025-05-06,,,317.0,37000.0
1875000,Körfez Mh.,1244682098,06 Mayıs 2025,60,45,1+1,5,Kombi (Doğalgaz),1,Açık (Amerikan),Var,Var,Açık Otopark,Hayır,Boş,Hayır,Belirtilmemiş,Belirtilmemiş,Evet,Kat İrtifaklı,Emlak Ofisinden,Hayır,0.0,3,2,5,265,1244682098,2025-05-06,,,317.0,31250.0
1900000,Büyükoyumca Mh.,1233126911,06 Mayıs 2025,50,45,1+1,4,Yerden Isıtma,1,Açık (Amerikan),Var,Var,Açık Otopark,Hayır,Boş,Hayır,Belirtilmemiş,Belirtilmemiş,Hayır,Kat İrtifaklı,Emlak Ofisinden,Evet,0.0,0,2,4,297,1233126911,2025-05-06,,,317.0,38000.0
1900000,Körfez Mh.,1244598254,06 Mayıs 2025,50,45,1+1,3,Yerden Isıtma,1,Açık (Amerikan),Var,Var,Açık Otopark,Evet,Boş,Hayır,Belirtilmemiş,Belirtilmemiş,Evet,Kat İrtifaklı,Emlak Ofisinden,Hayır,0.0,1,2,3,307,1244598254,2025-05-06,,,317.0,38000.0
1900000,Körfez Mh.,1244584526,06 Mayıs 2025,50,45,1+1,4,Yerden Isıtma,1,Açık (Amerikan),Var,Var,Açık Otopark,Evet,Boş,Hayır,Belirtilmemiş,Belirtilmemiş,Evet,Kat Mülkiyetli,Emlak Ofisinden,Hayır,0.0,1,2,4,308,1244584526,2025-05-06,,,317.0,38000.0
1940000,Körfez Mh.,1244639562,06 Mayıs 2025,55,47,1+1,6,Kombi (Doğalgaz),1,Açık (Amerikan),Var,Var,Açık Otopark,Hayır,Boş,Hayır,Belirtilmemiş,Belirtilmemiş,Evet,Kat İrtifaklı,Emlak Ofisinden,Hayır,0.0,2,2,6,322,1244639562,2025-05-06,,,317.0,35272.72727272727
1940000,Körfez Mh.,1244612470,06 Mayıs 2025,50,45,1+1,5,Kombi (Doğalgaz),1,Açık (Amerikan),Var,Var,Açık Otopark,Hayır,Boş,Hayır,Belirtilmemiş,Belirtilmemiş,Evet,Kat Mülkiyetli,Emlak Ofisinden,Evet,1.0,4,2,5,323,1244612470,2025-05-06,,,317.0,38800.0
1950000,Büyükoyumca Mh.,1244593811,06 Mayıs 2025,55,45,1+1,5,Yerden Isıtma,1,Açık (Amerikan),Var,Var,Açık Otopark,Hayır,Boş,Hayır,Belirtilmemiş,Belirtilmemiş,Evet,Kat İrtifaklı,Emlak Ofisinden,Evet,0.0,2,2,5,331,1244593811,2025-05-06,,,317.0,35454.545454545456
1950000,Körfez Mh.,1233076411,06 Mayıs 2025,55,50,1+1,5,Yerden Isıtma,1,Açık (Amerikan),Var,Var,Açık Otopark,Hayır,Boş,Hayır,Belirtilmemiş,Belirtilmemiş,Evet,Kat Mülkiyetli,Emlak Ofisinden,Hayır,0.0,5,2,5,355,1233076411,2025-05-06,,,317.0,35454.545454545456
1950000,Körfez Mh.,1226958475,06 Mayıs 2025,60,50,1+1,5,Kombi (Doğalgaz),1,Açık (Amerikan),Var,Var,Açık Otopark,Hayır,Boş,Hayır,Belirtilmemiş,Belirtilmemiş,Evet,Kat İrtifaklı,Emlak Ofisinden,Evet,0.0,3,2,5,356,1226958475,2025-05-06,,,317.0,32500.0
1975000,Körfez Mh.,1244704886,06 Mayıs 2025,65,60,1+1,5,Kombi (Doğalgaz),1,Açık (Amerikan),Var,Var,Açık Otopark,Hayır,Boş,Hayır,Belirtilmemiş,Belirtilmemiş,Evet,Kat Mülkiyetli,Emlak Ofisinden,Hayır,0.0,2,2,5,372,1244704886,2025-05-06,,,317.0,30384.615384615383
2000000,Büyükoyumca Mh.,1233114807,06 Mayıs 2025,50,45,1+1,4,Yerden Isıtma,1,Açık (Amerikan),Var,Var,Açık Otopark,Hayır,Boş,Hayır,Belirtilmemiş,Belirtilmemiş,Hayır,Kat İrtifaklı,Emlak Ofisinden,Evet,0.0,0,2,4,409,1233114807,2025-05-06,,,317.0,40000.0
2000000,Çakırlar Yalı Mh.,1244701225,06 Mayıs 2025,50,45,1+1,4,Yerden Isıtma,1,Açık (Amerikan),Var,Var,Açık Otopark,Hayır,Boş,Hayır,Belirtilmemiş,Belirtilmemiş,Evet,Kat İrtifaklı,Emlak Ofisinden,Evet,0.0,2,2,4,413,1244701225,2025-05-06,,,317.0,40000.0
2000000,Küçükkolpınar Mh.,1226343354,06 Mayıs 2025,50,45,1+1,3,Kombi (Doğalgaz),1,Açık (Amerikan),Var,Var,Açık Otopark,Hayır,Boş,Hayır,Belirtilmemiş,350,Evet,Kat İrtifaklı,Emlak Ofisinden,Evet,0.0,3,2,3,430,1226343354,2025-05-06,350,,317.0,40000.0
2000000,Yenimahalle Mah.,1244637645,06 Mayıs 2025,65,55,1+1,8,Kombi (Doğalgaz),1,Açık (Amerikan),Var,Var,Açık Otopark,Evet,Kiracılı,Hayır,Belirtilmemiş,350,Evet,Kat Mülkiyetli,Emlak Ofisinden,Evet,4.0,6,2,8,431,1244637645,2025-05-06,350,,317.0,30769.23076923077
2039000,İncesu Yalı Mh.,1233109624,06 Mayıs 2025,58,45,1+1,7,Yerden Isıtma,1,Açık (Amerikan),Var,Var,Açık Otopark,Hayır,Boş,Hayır,Belirtilmemiş,Belirtilmemiş,Evet,Kat İrtifaklı,Emlak Ofisinden,Hayır,0.0,5,2,7,445,1233109624,2025-05-06,,,317.0,35155.1724137931
2040000,Yenimahalle Mah.,1244608317,06 Mayıs 2025,57,50,1+1,5,Kombi (Doğalgaz),1,Açık (Amerikan),Var,Var,Açık Otopark,Evet,Boş,Hayır,Belirtilmemiş,200,Evet,Kat Mülkiyetli,Emlak Ofisinden,Hayır,4.0,1,2,5,449,1244608317,2025-05-06,200,,317.0,35789.47368421053
2040000,Yenimahalle Mah.,1244542338,06 Mayıs 2025,55,50,1+1,5,Kombi (Doğalgaz),1,Açık (Amerikan),Var,Var,Açık Otopark,Evet,Boş,Hayır,Belirtilmemiş,Belirtilmemiş,Evet,Kat Mülkiyetli,Emlak Ofisinden,Hayır,7.5,1,2,5,451,1244542338,2025-05-06,,,317.0,37090.90909090909
2050000,İstiklal Mh.,1244646076,06 Mayıs 2025,50,40,1+1,4,Yerden Isıtma,1,Açık (Amerikan),Var,Var,Açık Otopark,Hayır,Boş,Hayır,Belirtilmemiş,Belirtilmemiş,Evet,Kat İrtifaklı,Emlak Ofisinden,Hayır,0.0,2,2,4,462,1244646076,2025-05-06,,,317.0,41000.0
2050000,Körfez Mh.,1244600719,06 Mayıs 2025,60,50,1+1,6,Kombi (Doğalgaz),1,Açık (Amerikan),Var,Var,Açık Otopark,Hayır,Boş,Hayır,Belirtilmemiş,Belirtilmemiş,Evet,Kat Mülkiyetli,Emlak Ofisinden,Hayır,0.0,4,2,6,471,1244600719,2025-05-06,,,317.0,34166.666666666664
2050000,Mevlana Mah.,1226406514,06 Mayıs 2025,65,55,1+1,7,Yerden Isıtma,1,Açık (Amerikan),Var,Var,Açık Otopark,Hayır,Boş,Hayır,Belirtilmemiş,Belirtilmemiş,Evet,Kat İrtifaklı,Emlak Ofisinden,Hayır,0.0,3,2,7,475,1226406514,2025-05-06,,,317.0,31538.46153846154
2100000,Çakırlar Yalı Mh.,1235691226,06 Mayıs 2025,50,45,1+1,5,Kombi (Doğalgaz),1,Açık (Amerikan),Var,Var,Açık Otopark,Hayır,Boş,Hayır,Belirtilmemiş,100,Hayır,Kat İrtifaklı,Emlak Ofisinden,Hayır,0.0,3,2,5,507,1235691226,2025-05-06,100,,317.0,42000.0
2100000,Körfez Mh.,1244717676,06 Mayıs 2025,45,35,1+1,4,Kombi (Doğalgaz),1,Açık (Amerikan),Yok,Var,Açık Otopark,Evet,Boş,Hayır,Belirtilmemiş,1,Evet,Kat Mülkiyetli,Emlak Ofisinden,Hayır,0.0,1,2,4,524,1244717676,2025-05-06,1,,317.0,46666.666666666664
2100000,Körfez Mh.,1244678947,06 Mayıs 2025,55,50,1+1,5,Yerden Isıtma,1,Açık (Amerikan),Var,Var,Açık Otopark,Belirtilmemiş,Boş,Hayır,Belirtilmemiş,Belirtilmemiş,Evet,Kat Mülkiyetli,Emlak Ofisinden,Hayır,0.0,3,2,5,525,1244678947,2025-05-06,,,317.0,38181.818181818184
2100000,Körfez Mh.,1244679485,06 Mayıs 2025,60,51,1+1,5,Kombi (Doğalgaz),1,Açık (Amerikan),Var,Var,Açık Otopark,Evet,Kiracılı,Hayır,Belirtilmemiş,400,Evet,Kat Mülkiyetli,Emlak Ofisinden,Hayır,3.0,3,2,5,526,1244679485,2025-05-06,400,,317.0,35000.0
2100000,Körfez Mh.,1221059511,06 Mayıs 2025,55,45,1+1,4,Yerden Isıtma,1,Açık (Amerikan),Var,Var,Açık Otopark,Hayır,Boş,Hayır,Belirtilmemiş,Belirtilmemiş,Evet,Kat Mülkiyetli,Emlak Ofisinden,Evet,0.0,1,2,4,527,1221059511,2025-05-06,,,317.0,38181.818181818184
2125000,İstiklal Mh.,1244599973,06 Mayıs 2025,60,50,1+1,2,Kombi (Doğalgaz),1,Açık (Amerikan),Var,Var,Açık Otopark,Hayır,Boş,Hayır,Belirtilmemiş,Belirtilmemiş,Evet,Kat Mülkiyetli,Emlak Ofisinden,Evet,0.0,2,2,2,541,1244599973,2025-05-06,,,317.0,35416.666666666664
2125000,Körfez Mh.,1244583793,06 Mayıs 2025,60,50,1+1,5,Yerden Isıtma,1,Açık (Amerikan),Var,Var,Açık Otopark,Hayır,Boş,Hayır,Belirtilmemiş,Belirtilmemiş,Evet,Kat Mülkiyetli,Emlak Ofisinden,Hayır,0.0,1,2,5,544,1244583793,2025-05-06,,,317.0,35416.666666666664
2150000,Körfez Mh.,1244587641,06 Mayıs 2025,55,50,1+1,4,Yerden Isıtma,1,Açık (Amerikan),Var,Var,Açık Otopark,Evet,Boş,Hayır,Belirtilmemiş,Belirtilmemiş,Evet,Kat Mülkiyetli,Emlak Ofisinden,Evet,0.0,4,2,4,569,1244587641,2025-05-06,,,317.0,39090.90909090909
2150000,Körfez Mh.,1234821706,06 Mayıs 2025,50,45,1+1,4,Kombi (Doğalgaz),1,Açık (Amerikan),Var,Var,Açık Otopark,Hayır,Boş,Hayır,Belirtilmemiş,Belirtilmemiş,Evet,Kat Mülkiyetli,Emlak Ofisinden,Hayır,0.0,1,2,4,570,1234821706,2025-05-06,,,317.0,43000.0
2170000,Mevlana Mah.,1244711709,06 Mayıs 2025,75,68,2+1,5,Kombi (Doğalgaz),1,Açık (Amerikan),Yok,Var,Açık Otopark,Hayır,Boş,Hayır,Belirtilmemiş,200,Evet,Kat Mülkiyetli,Emlak Ofisinden,Hayır,0.0,1,3,5,591,1244711709,2025-05-06,200,,317.0,28933.333333333332
2199000,İncesu Yalı Mh.,1233105976,06 Mayıs 2025,58,45,1+1,7,Yerden Isıtma,1,Açık (Amerikan),Var,Var,Açık Otopark,Hayır,Boş,Hayır,Belirtilmemiş,Belirtilmemiş,Evet,Kat İrtifaklı,Emlak Ofisinden,Hayır,0.0,5,2,7,609,1233105976,2025-05-06,,,317.0,37913.793103448275
2200000,Büyükoyumca Mh.,1233121728,06 Mayıs 2025,50,45,1+1,4,Yerden Isıtma,1,Açık (Amerikan),Var,Var,Açık Otopark,Hayır,Boş,Hayır,Belirtilmemiş,Belirtilmemiş,Hayır,Kat İrtifaklı,Emlak Ofisinden,Evet,0.0,1,2,4,623,1233121728,2025-05-06,,,317.0,44000.0
2200000,İncesu Yalı Mh.,1237438658,06 Mayıs 2025,45,40,1+1,4,Kombi (Doğalgaz),1,Açık (Amerikan),Var,Var,Yok,Evet,Boş,Hayır,Belirtilmemiş,Belirtilmemiş,Evet,Kat Mülkiyetli,Emlak Ofisinden,Hayır,3.0,1,2,4,636,1237438658,2025-05-06,,,317.0,48888.88888888889
2200000,Körfez Mh.,1244682762,06 Mayıs 2025,55,50,1+1,5,Yerden Isıtma,1,Açık (Amerikan),Var,Var,Açık Otopark,Hayır,Boş,Hayır,Belirtilmemiş,Belirtilmemiş,Evet,Kat Mülkiyetli,Emlak Ofisinden,Evet,0.0,3,2,5,641,1244682762,2025-05-06,,,317.0,40000.0
2200000,Körfez Mh.,1244654284,06 Mayıs 2025,55,45,1+1,4,Yerden Isıtma,1,Açık (Amerikan),Var,Var,Açık Otopark,Hayır,Boş,Hayır,Belirtilmemiş,Belirtilmemiş,Evet,Kat Mülkiyetli,Emlak Ofisinden,Evet,0.0,4,2,4,642,1244654284,2025-05-06,,,317.0,40000.0
2200000,Körfez Mh.,1244660346,06 Mayıs 2025,65,50,1+1,5,Yerden Isıtma,1,Açık (Amerikan),Var,Var,Açık Otopark,Hayır,Boş,Hayır,Belirtilmemiş,Belirtilmemiş,Evet,Kat Mülkiyetli,Emlak Ofisinden,Evet,0.0,2,2,5,643,1244660346,2025-05-06,,,317.0,33846.153846153844
2250000,Alanlı Mh.,1239733428,06 Mayıs 2025,45,40,1+1,5,Kombi (Doğalgaz),1,Açık (Amerikan),Var,Var,Açık Otopark,Evet,Mülk Sahibi,Hayır,Belirtilmemiş,420,Evet,Kat Mülkiyetli,Sahibinden,Hayır,2.0,3,2,5,664,1239733428,2025-05-06,420,,317.0,50000.0
2250000,İncesu Yalı Mh.,1209192226,06 Mayıs 2025,55,50,1+1,5,Kombi (Doğalgaz),1,Açık (Amerikan),Var,Var,Açık Otopark,Hayır,Boş,Hayır,Belirtilmemiş,0,Evet,Kat İrtifaklı,Emlak Ofisinden,Evet,0.0,3,2,5,677,1209192226,2025-05-06,0,,317.0,40909.09090909091
2250000,İncesu Yalı Mh.,1221790903,06 Mayıs 2025,55,40,1+1,5,Yerden Isıtma,1,Açık (Amerikan),Var,Var,Açık Otopark,Hayır,Boş,Hayır,Belirtilmemiş,Belirtilmemiş,Evet,Kat Mülkiyetli,Emlak Ofisinden,Evet,0.0,4,2,5,678,1221790903,2025-05-06,,,317.0,40909.09090909091
2250000,İstiklal Mh.,1244575165,06 Mayıs 2025,60,50,1+1,3,Yerden Isıtma,1,Açık (Amerikan),Var,Var,Açık & Kapalı Otopark,Hayır,Boş,Hayır,Belirtilmemiş,Belirtilmemiş,Evet,Kat İrtifaklı,Emlak Ofisinden,Hayır,0.0,1,2,3,679,1244575165,2025-05-06,,,317.0,37500.0
2250000,Körfez Mh.,1244745666,06 Mayıs 2025,70,60,1+1,7,Yerden Isıtma,1,Açık (Amerikan),Var,Var,Açık Otopark,Hayır,Boş,Hayır,Belirtilmemiş,Belirtilmemiş,Evet,Kat Mülkiyetli,Emlak Ofisinden,Hayır,0.0,3,2,7,689,1244745666,2025-05-06,,,317.0,32142.85714285714
2250000,Körfez Mh.,1238402015,06 Mayıs 2025,60,49,1+1,5,Kombi (Doğalgaz),1,Açık (Amerikan),Var,Var,Açık Otopark,Hayır,Boş,Hayır,Belirtilmemiş,Belirtilmemiş,Hayır,Kat Mülkiyetli,Emlak Ofisinden,Evet,0.0,1,2,5,690,1238402015,2025-05-06,,,317.0,37500.0
2250000,Körfez Mh.,1226250230,06 Mayıs 2025,85,70,1+1,5,Kombi (Doğalgaz),1,Açık (Amerikan),Var,Var,Açık Otopark,Evet,Kiracılı,Hayır,Belirtilmemiş,Belirtilmemiş,Evet,Kat Mülkiyetli,Emlak Ofisinden,Hayır,4.0,0,2,5,691,1226250230,2025-05-06,,,317.0,26470.58823529412
2250000,Yenimahalle Mah.,1238230440,06 Mayıs 2025,55,45,1+1,5,Kombi (Doğalgaz),1,Açık (Amerikan),Var,Var,Açık Otopark,Evet,Boş,Hayır,Belirtilmemiş,250,Evet,Kat Mülkiyetli,Emlak Ofisinden,Evet,1.0,3,2,5,705,1238230440,2025-05-06,250,,317.0,40909.09090909091
2299999,Körfez Mh.,1244673885,06 Mayıs 2025,55,50,1+1,4,Kombi (Doğalgaz),1,Açık (Amerikan),Var,Var,Açık Otopark,Evet,Kiracılı,Hayır,Belirtilmemiş,250,Evet,Kat İrtifaklı,Emlak Ofisinden,Hayır,2.0,2,2,4,723,1244673885,2025-05-06,250,,317.0,41818.163636363635
2300000,İncesu Yalı Mh.,1244608102,06 Mayıs 2025,60,50,1+1,6,Yerden Isıtma,1,Açık (Amerikan),Var,Var,Açık Otopark,Hayır,Boş,Hayır,Belirtilmemiş,Belirtilmemiş,Evet,Kat Mülkiyetli,Emlak Ofisinden,Hayır,0.0,2,2,6,737,1244608102,2025-05-06,,,317.0,38333.333333333336
2300000,İstiklal Mh.,1227286663,06 Mayıs 2025,55,50,1+1,3,Kombi (Doğalgaz),1,Açık (Amerikan),Var,Var,Açık Otopark,Hayır,Boş,Hayır,Belirtilmemiş,Belirtilmemiş,Evet,Kat Mülkiyetli,Emlak Ofisinden,Hayır,0.0,2,2,3,740,1227286663,2025-05-06,,,317.0,41818.181818181816
2300000,Atakent Mh.,1226502998,06 Mayıs 2025,50,45,1+1,3,Yerden Isıtma,1,Açık (Amerikan),Var,Var,Açık Otopark,Hayır,Boş,Hayır,Belirtilmemiş,Belirtilmemiş,Evet,Kat Mülkiyetli,Emlak Ofisinden,Hayır,0.0,3,2,3,752,1226502998,2025-05-06,,,317.0,46000.0
2325000,Yenimahalle Mah.,1244599343,06 Mayıs 2025,52,47,1+1,5,Kombi (Doğalgaz),1,Açık (Amerikan),Var,Var,Açık Otopark,Evet,Boş,Hayır,Belirtilmemiş,200,Evet,Kat İrtifaklı,Emlak Ofisinden,Hayır,3.0,5,2,5,768,1244599343,2025-05-06,200,,317.0,44711.53846153846
2350000,Cumhuriyet Mah.,1178472920,06 Mayıs 2025,130,115,3+1,3,Kombi (Doğalgaz),1,Kapalı,Var,Yok,Açık Otopark,Evet,Boş,Hayır,Belirtilmemiş,100,Evet,Kat Mülkiyetli,Emlak Ofisinden,Evet,18.0,2,4,3,778,1178472920,2025-05-06,100,,317.0,18076.923076923078
2350000,Yenimahalle Mah.,1244597484,06 Mayıs 2025,60,55,1+1,6,Kombi (Doğalgaz),1,Açık (Amerikan),Var,Var,Açık Otopark,Hayır,Mülk Sahibi,Hayır,Belirtilmemiş,200,Evet,Kat Mülkiyetli,Emlak Ofisinden,Hayır,7.5,0,2,6,789,1244597484,2025-05-06,200,,317.0,39166.666666666664
2350000,Atakent Mh.,1244659751,06 Mayıs 2025,60,55,1+1,6,Kombi (Doğalgaz),1,Açık (Amerikan),Var,Var,Açık Otopark,Hayır,Mülk Sahibi,Hayır,Belirtilmemiş,200,Evet,Kat Mülkiyetli,Emlak Ofisinden,Hayır,7.5,0,2,6,796,1244659751,2025-05-06,200,,317.0,39166.666666666664
2395000,İncesu Mh.,1244628614,06 Mayıs 2025,55,49,1+1,5,Kombi (Doğalgaz),1,Açık (Amerikan),Var,Var,Açık Otopark,Hayır,Boş,Hayır,Belirtilmemiş,Belirtilmemiş,Evet,Kat Mülkiyetli,Emlak Ofisinden,Evet,0.0,4,2,5,816,1244628614,2025-05-06,,,317.0,43545.454545454544
2400000,Körfez Mh.,1244628809,06 Mayıs 2025,60,50,1+1,5,Kombi (Doğalgaz),1,Açık (Amerikan),Var,Var,Açık Otopark,Hayır,Boş,Hayır,Belirtilmemiş,250,Evet,Kat Mülkiyetli,Emlak Ofisinden,Evet,0.0,5,2,5,826,1244628809,2025-05-06,250,,317.0,40000.0
2400000,Atakent Mh.,1244635054,06 Mayıs 2025,85,80,3+1,5,Kombi (Doğalgaz),1,Açık (Amerikan),Var,Var,Açık Otopark,Evet,Boş,Hayır,Belirtilmemiş,250,Evet,Kat Mülkiyetli,Emlak Ofisinden,Hayır,7.5,0,4,5,831,1244635054,2025-05-06,250,,317.0,28235.29411764706
2450000,Körfez Mh.,1244747962,06 Mayıs 2025,55,50,1+1,5,Yerden Isıtma,1,Açık (Amerikan),Var,Var,Açık Otopark,Evet,Boş,Hayır,Belirtilmemiş,Belirtilmemiş,Evet,Kat Mülkiyetli,Emlak Ofisinden,Hayır,0.0,4,2,5,854,1244747962,2025-05-06,,,317.0,44545.454545454544
2450000,Yenimahalle Mah.,1215486737,06 Mayıs 2025,65,55,1+1,8,Kombi (Doğalgaz),1,Açık (Amerikan),Var,Var,Açık Otopark,Evet,Kiracılı,Hayır,Belirtilmemiş,250,Evet,Kat Mülkiyetli,Emlak Ofisinden,Evet,7.5,6,2,8,861,1215486737,2025-05-06,250,,317.0,37692.307692307695
2475000,Yenimahalle Mah.,1244601944,06 Mayıs 2025,55,50,1+1,6,Kombi (Doğalgaz),1,Açık (Amerikan),Var,Var,Açık Otopark,Hayır,Boş,Hayır,Belirtilmemiş,Belirtilmemiş,Evet,Kat Mülkiyetli,Emlak Ofisinden,Evet,0.0,6,2,6,866,1244601944,2025-05-06,,,317.0,45000.0
2500000,Büyükoyumca Mh.,1244730558,06 Mayıs 2025,60,50,1+1,4,Kombi (Doğalgaz),1,Açık (Amerikan),Var,Var,Açık Otopark,Hayır,Boş,Hayır,Belirtilmemiş,Belirtilmemiş,Evet,Kat Mülkiyetli,Emlak Ofisinden,Hayır,0.0,4,2,4,878,1244730558,2025-05-06,,,317.0,41666.666666666664
2500000,İncesu Yalı Mh.,1233151498,06 Mayıs 2025,50,45,1+1,4,Yerden Isıtma,1,Açık (Amerikan),Var,Var,Açık Otopark,Hayır,Boş,Hayır,Belirtilmemiş,Belirtilmemiş,Evet,Kat Mülkiyetli,Emlak Ofisinden,Evet,0.0,4,2,4,889,1233151498,2025-05-06,,,317.0,50000.0
2500000,Körfez Mh.,1244628518,06 Mayıs 2025,55,43,1+1,5,Kombi (Doğalgaz),1,Açık (Amerikan),Var,Var,Açık Otopark,Hayır,Boş,Evet,Gülpark Yaşam Evleri,Belirtilmemiş,Hayır,Kat İrtifaklı,Emlak Ofisinden,Hayır,0.0,3,2,5,893,1244628518,2025-05-06,,,317.0,45454.545454545456
2500000,Yenimahalle Mah.,1244745848,06 Mayıs 2025,45,36,1+1,5,Kombi (Doğalgaz),1,Açık (Amerikan),Var,Var,Açık Otopark,Hayır,Kiracılı,Hayır,Belirtilmemiş,150,Evet,Kat Mülkiyetli,Emlak Ofisinden,Hayır,3.0,1,2,5,902,1244745848,2025-05-06,150,,317.0,55555.555555555555
2550000,Yenimahalle Mah.,1244703093,06 Mayıs 2025,95,90,2+1,5,Kombi (Doğalgaz),1,Açık (Amerikan),Yok,Var,Açık Otopark,Hayır,Boş,Hayır,Belirtilmemiş,200,Evet,Kat Mülkiyetli,Emlak Ofisinden,Evet,18.0,1,3,5,919,1244703093,2025-05-06,200,,317.0,26842.105263157893
2595000,İstiklal Mh.,1200202826,06 Mayıs 2025,80,72,2+1,5,Kombi (Doğalgaz),2,Açık (Amerikan),Var,Var,Açık Otopark,Hayır,Boş,Hayır,Belirtilmemiş,Belirtilmemiş,Evet,Kat Mülkiyetli,Emlak Ofisinden,Evet,0.0,1,3,5,930,1200202826,2025-05-06,,,317.0,32437.5
2600000,Körfez Mh.,1244624457,06 Mayıs 2025,70,55,1+1,5,Kombi (Doğalgaz),1,Açık (Amerikan),Var,Var,Açık Otopark,Evet,Boş,Hayır,Belirtilmemiş,Belirtilmemiş,Evet,Kat Mülkiyetli,Emlak Ofisinden,Hayır,7.5,1,2,5,940,1244624457,2025-05-06,,,317.0,37142.857142857145
2600000,Yenimahalle Mah.,1180164785,06 Mayıs 2025,65,55,1+1,6,Kombi (Doğalgaz),1,Açık (Amerikan),Var,Var,Açık Otopark,Hayır,Boş,Hayır,Belirtilmemiş,Belirtilmemiş,Evet,Tapu Kaydı Yok,Emlak Ofisinden,Evet,0.0,5,2,6,945,1180164785,2025-05-06,,,317.0,40000.0
2650000,Büyükoyumca Mh.,1233135448,06 Mayıs 2025,50,45,1+1,4,Yerden Isıtma,1,Açık (Amerikan),Var,Var,Açık Otopark,Hayır,Boş,Hayır,Belirtilmemiş,Belirtilmemiş,Hayır,Kat İrtifaklı,Emlak Ofisinden,Evet,0.0,2,2,4,967,1233135448,2025-05-06,,,317.0,53000.0
2650000,İncesu Yalı Mh.,1244694890,06 Mayıs 2025,80,70,2+1,5,Kombi (Doğalgaz),1,Kapalı,Var,Var,Açık Otopark,Hayır,Boş,Hayır,Belirtilmemiş,Belirtilmemiş,Hayır,Kat İrtifaklı,Emlak Ofisinden,Hayır,0.0,2,3,5,970,1244694890,2025-05-06,,,317.0,33125.0
2650000,Körfez Mh.,1244635426,06 Mayıs 2025,55,50,1+1,4,Yerden Isıtma,1,Açık (Amerikan),Var,Var,Açık Otopark,Hayır,Boş,Hayır,Belirtilmemiş,Belirtilmemiş,Evet,Kat Mülkiyetli,Emlak Ofisinden,Evet,0.0,3,2,4,975,1244635426,2025-05-06,,,317.0,48181.818181818184
2750000,Körfez Mh.,1238399286,06 Mayıs 2025,60,49,1+1,5,Kombi (Doğalgaz),1,Açık (Amerikan),Var,Var,Açık Otopark,Hayır,Boş,Hayır,Belirtilmemiş,Belirtilmemiş,Hayır,Kat Mülkiyetli,Emlak Ofisinden,Evet,0.0,5,2,5,1025,1238399286,2025-05-06,,,317.0,45833.333333333336
2750000,Mevlana Mah.,1244636026,06 Mayıs 2025,130,115,3+1,5,Kombi (Doğalgaz),1,Kapalı,Var,Var,Açık Otopark,Hayır,Kiracılı,Hayır,Belirtilmemiş,200,Evet,Kat Mülkiyetli,Emlak Ofisinden,Hayır,18.0,4,4,5,1028,1244636026,2025-05-06,200,,317.0,21153.846153846152
2750000,Yenimahalle Mah.,1241677086,06 Mayıs 2025,57,50,1+1,5,Kombi (Doğalgaz),1,Açık (Amerikan),Var,Var,Açık Otopark,Hayır,Boş,Hayır,Belirtilmemiş,Belirtilmemiş,Evet,Kat Mülkiyetli,Emlak Ofisinden,Hayır,0.0,2,2,5,1049,1241677086,2025-05-06,,,317.0,48245.61403508772
2750000,Atakent Mh.,1225980692,06 Mayıs 2025,100,85,2+1,6,Kombi (Doğalgaz),1,Açık (Amerikan),Var,Var,Açık Otopark,Hayır,Boş,Hayır,Belirtilmemiş,Belirtilmemiş,Evet,Kat Mülkiyetli,Emlak Ofisinden,Evet,2.0,4,3,6,1054,1225980692,2025-05-06,,,317.0,27500.0
2800000,Esenevler Mah.,1244636840,06 Mayıs 2025,60,50,1+1,3,Yerden Isıtma,1,Açık (Amerikan),Var,Var,Açık Otopark,Hayır,Boş,Hayır,Belirtilmemiş,Belirtilmemiş,Hayır,Kat Mülkiyetli,Emlak Ofisinden,Evet,0.0,2,2,3,1073,1244636840,2025-05-06,,,317.0,46666.666666666664
2800000,Körfez Mh.,1233194477,06 Mayıs 2025,75,70,2+1,6,Kombi (Doğalgaz),1,Açık (Amerikan),Var,Var,Açık Otopark,Hayır,Boş,Evet,Belirtilmemiş,Belirtilmemiş,Evet,Kat Mülkiyetli,Emlak Ofisinden,Hayır,0.0,3,3,6,1076,1233194477,2025-05-06,,,317.0,37333.333333333336
2800000,Körfez Mh.,1223209013,06 Mayıs 2025,50,45,1+1,4,Kombi (Doğalgaz),1,Açık (Amerikan),Var,Var,Açık Otopark,Belirtilmemiş,Boş,Hayır,Belirtilmemiş,Belirtilmemiş,Evet,Kat Mülkiyetli,Emlak Ofisinden,Hayır,0.0,3,2,4,1077,1223209013,2025-05-06,,,317.0,56000.0
2850000,Yenimahalle Mah.,1209067317,06 Mayıs 2025,118,94,3+1,5,Kombi (Doğalgaz),1,Kapalı,Yok,Var,Açık Otopark,Hayır,Kiracılı,Hayır,Belirtilmemiş,Belirtilmemiş,Evet,Kat Mülkiyetli,Emlak Ofisinden,Hayır,7.5,1,4,5,1103,1209067317,2025-05-06,,,317.0,24152.542372881355
2850000,İncesu Mh.,1214617228,06 Mayıs 2025,70,60,1+1,4,Yerden Isıtma,1,Açık (Amerikan),Var,Var,Açık Otopark,Hayır,Boş,Hayır,Belirtilmemiş,200,Evet,Kat Mülkiyetli,Emlak Ofisinden,Hayır,0.0,2,2,4,1108,1214617228,2025-05-06,200,,317.0,40714.28571428572
2900000,Büyükoyumca Mh.,1238475374,06 Mayıs 2025,115,105,2+1,4,Kombi (Doğalgaz),2,Kapalı,Var,Var,Açık Otopark,Hayır,Boş,Hayır,Belirtilmemiş,Belirtilmemiş,Evet,Kat Mülkiyetli,Emlak Ofisinden,Evet,0.0,1,3,4,1114,1238475374,2025-05-06,,,317.0,25217.391304347828
2975000,Mimarsinan Mah.,1244690982,06 Mayıs 2025,130,110,3+1,7,Kombi (Doğalgaz),1,Kapalı,Var,Var,Açık Otopark,Hayır,Boş,Evet,Belirtilmemiş,250,Evet,Kat Mülkiyetli,Emlak Ofisinden,Hayır,13.0,3,4,7,1151,1244690982,2025-05-06,250,,317.0,22884.615384615383
3000000,Yenimahalle Mah.,1244678656,06 Mayıs 2025,65,50,1+1,3,Kombi (Doğalgaz),1,Açık (Amerikan),Var,Var,Açık Otopark,Hayır,Boş,Hayır,Belirtilmemiş,1000,Evet,Kat Mülkiyetli,Sahibinden,Hayır,0.0,3,2,3,1179,1244678656,2025-05-06,1000,,317.0,46153.846153846156
3100000,Çakırlar Yalı Mh.,1244627875,06 Mayıs 2025,65,55,1+1,5,Yerden Isıtma,1,Açık (Amerikan),Var,Var,Açık Otopark,Hayır,Boş,Evet,Belirtilmemiş,Belirtilmemiş,Evet,Kat İrtifaklı,Sahibinden,Hayır,0.0,2,2,5,1200,1244627875,2025-05-06,,,317.0,47692.307692307695
3100000,Körfez Mh.,1228178628,06 Mayıs 2025,55,50,1+1,5,Kombi (Doğalgaz),1,Açık (Amerikan),Var,Var,Açık Otopark,Evet,Boş,Hayır,Belirtilmemiş,Belirtilmemiş,Evet,Kat Mülkiyetli,Emlak Ofisinden,Hayır,3.0,2,2,5,1203,1228178628,2025-05-06,,,317.0,56363.63636363636
3100000,Mevlana Mah.,1227415268,06 Mayıs 2025,95,90,2+1,4,Kombi (Doğalgaz),1,Açık (Amerikan),Var,Var,Açık Otopark,Hayır,Boş,Hayır,Belirtilmemiş,Belirtilmemiş,Evet,Kat Mülkiyetli,Emlak Ofisinden,Hayır,0.0,3,3,4,1211,1227415268,2025-05-06,,,317.0,32631.57894736842
3120000,Küçükkolpınar Mh.,1206011169,06 Mayıs 2025,128,110,2+1,5,Kombi (Doğalgaz),1,Açık (Amerikan),Var,Var,Açık Otopark,Hayır,Boş,Hayır,Belirtilmemiş,Belirtilmemiş,Evet,Kat İrtifaklı,Emlak Ofisinden,Evet,7.5,5,3,5,1224,1206011169,2025-05-06,,,317.0,24375.0
3150000,Esenevler Mah.,1244606781,06 Mayıs 2025,95,85,2+1,4,Kombi (Doğalgaz),1,Açık (Amerikan),Var,Var,Açık Otopark,Hayır,Kiracılı,Hayır,Belirtilmemiş,Belirtilmemiş,Evet,Kat Mülkiyetli,Emlak Ofisinden,Evet,4.0,3,3,4,1230,1244606781,2025-05-06,,,317.0,33157.89473684211
3199000,Alanlı Mh.,1238431792,06 Mayıs 2025,85,75,2+1,6,Kombi (Doğalgaz),2,Kapalı,Var,Var,Açık Otopark,Evet,Boş,Hayır,Belirtilmemiş,Belirtilmemiş,Evet,Kat Mülkiyetli,Emlak Ofisinden,Evet,0.0,5,3,6,1244,1238431792,2025-05-06,,,317.0,37635.294117647056
3200000,Alanlı Mh.,1241673145,06 Mayıs 2025,88,78,1+1,5,Kombi (Doğalgaz),1,Kapalı,Var,Var,Açık Otopark,Hayır,Boş,Hayır,Belirtilmemiş,Belirtilmemiş,Evet,Kat Mülkiyetli,Emlak Ofisinden,Hayır,0.0,2,2,5,1246,1241673145,2025-05-06,,,317.0,36363.63636363636
3200000,Beypınar Mh.,1244706833,06 Mayıs 2025,105,95,2+1,7,Yerden Isıtma,2,Kapalı,Var,Var,Açık Otopark,Hayır,Boş,Hayır,Belirtilmemiş,Belirtilmemiş,Evet,Kat İrtifaklı,Emlak Ofisinden,Hayır,0.0,4,3,7,1247,1244706833,2025-05-06,,,317.0,30476.190476190477
3200000,Denizevleri Mah.,1219526456,06 Mayıs 2025,40,33,1+1,5,Yerden Isıtma,1,Açık (Amerikan),Var,Var,Açık Otopark,Hayır,Boş,Hayır,Belirtilmemiş,100,Evet,Kat İrtifaklı,Emlak Ofisinden,Hayır,0.0,5,2,5,1249,1219526456,2025-05-06,100,,317.0,80000.0
3200000,Körfez Mh.,1214108000,06 Mayıs 2025,105,90,2+1,5,Kombi (Doğalgaz),1,Açık (Amerikan),Var,Var,Açık Otopark,Hayır,Boş,Hayır,Belirtilmemiş,Belirtilmemiş,Hayır,Kat İrtifaklı,Emlak Ofisinden,Evet,0.0,5,3,5,1254,1214108000,2025-05-06,,,317.0,30476.190476190477
3200000,Körfez Mh.,1244599966,06 Mayıs 2025,55,50,1+1,5,Yerden Isıtma,1,Açık (Amerikan),Var,Var,Açık Otopark,Hayır,Boş,Hayır,Belirtilmemiş,Belirtilmemiş,Evet,Kat Mülkiyetli,Emlak Ofisinden,Evet,0.0,1,2,5,1256,1244599966,2025-05-06,,,317.0,58181.818181818184
3200000,Körfez Mh.,1244599300,06 Mayıs 2025,60,50,1+1,5,Yerden Isıtma,1,Açık (Amerikan),Var,Var,Açık Otopark,Hayır,Boş,Hayır,Belirtilmemiş,Belirtilmemiş,Evet,Kat Mülkiyetli,Emlak Ofisinden,Hayır,0.0,2,2,5,1257,1244599300,2025-05-06,,,317.0,53333.333333333336
3250000,Körfez Mh.,1244584094,06 Mayıs 2025,85,70,2+1,5,Yerden Isıtma,1,Açık (Amerikan),Var,Var,Açık Otopark,Evet,Boş,Hayır,Belirtilmemiş,Belirtilmemiş,Evet,Kat Mülkiyetli,Emlak Ofisinden,Hayır,0.0,1,3,5,1280,1244584094,2025-05-06,,,317.0,38235.294117647056
3300000,Yalı Mh.,1244596545,06 Mayıs 2025,115,100,2+1,5,Kombi (Doğalgaz),2,Kapalı,Var,Var,Açık Otopark,Hayır,Boş,Hayır,Belirtilmemiş,200,Evet,Kat Mülkiyetli,Emlak Ofisinden,Hayır,0.0,5,3,5,1295,1244596545,2025-05-06,200,,317.0,28695.652173913044
3350000,Cumhuriyet Mah.,1202428399,06 Mayıs 2025,140,125,3+1,4,Kombi (Doğalgaz),1,Kapalı,Var,Var,Yok,Hayır,Mülk Sahibi,Hayır,Belirtilmemiş,400,Belirtilmemiş,Kat İrtifaklı,Sahibinden,Hayır,13.0,3,4,4,1308,1202428399,2025-05-06,400,,317.0,23928.571428571428
3500000,Körfez Mh.,1244695671,06 Mayıs 2025,50,49,1+1,6,Kombi (Doğalgaz),1,Açık (Amerikan),Var,Var,Açık Otopark,Hayır,Mülk Sahibi,Hayır,Belirtilmemiş,400,Hayır,Kat Mülkiyetli,Sahibinden,Evet,7.5,6,2,6,1364,1244695671,2025-05-06,400,,317.0,70000.0
3525000,Alanlı Mh.,1241613242,06 Mayıs 2025,100,90,2+1,5,Kombi (Doğalgaz),2,Açık (Amerikan),Var,Var,Açık Otopark,Hayır,Boş,Hayır,Belirtilmemiş,Belirtilmemiş,Evet,Kat İrtifaklı,Emlak Ofisinden,Evet,0.0,4,3,5,1379,1241613242,2025-05-06,,,317.0,35250.0
3550000,Atakent Mh.,1244323110,06 Mayıs 2025,135,120,3+1,5,Kombi (Doğalgaz),1,Açık (Amerikan),Var,Var,Açık Otopark,Hayır,Boş,Hayır,Belirtilmemiş,200,Evet,Kat Mülkiyetli,Emlak Ofisinden,Hayır,4.0,0,4,5,1386,1244323110,2025-05-06,200,,317.0,26296.296296296296
3550000,Beypınar Mh.,1244642233,06 Mayıs 2025,155,140,3+1,4,Yerden Isıtma,2,Kapalı,Var,Var,Açık Otopark,Hayır,Boş,Hayır,Belirtilmemiş,Belirtilmemiş,Evet,Kat İrtifaklı,Emlak Ofisinden,Evet,0.0,1,4,4,1390,1244642233,2025-05-06,,,317.0,22903.225806451614
3550000,Yeşildere Mh.,1244644112,06 Mayıs 2025,105,90,2+1,5,Kombi (Doğalgaz),2,Kapalı,Var,Var,Açık Otopark,Hayır,Boş,Hayır,Belirtilmemiş,Belirtilmemiş,Evet,Kat İrtifaklı,Emlak Ofisinden,Hayır,0.0,2,3,5,1393,1244644112,2025-05-06,,,317.0,33809.52380952381
3650000,Güzelyalı Mh.,1176911028,06 Mayıs 2025,150,130,3+1,6,Kombi (Doğalgaz),1,Kapalı,Var,Var,Açık Otopark,Hayır,Mülk Sahibi,Hayır,Belirtilmemiş,200,Hayır,Kat Mülkiyetli,Emlak Ofisinden,Evet,18.0,6,4,6,1433,1176911028,2025-05-06,200,,317.0,24333.333333333332
3750000,Alanlı Mh.,1227167183,06 Mayıs 2025,51,38,1+1,9,Kombi (Doğalgaz),1,Açık (Amerikan),Var,Var,Açık Otopark,Hayır,Boş,Hayır,Belirtilmemiş,100,Evet,Kat İrtifaklı,Emlak Ofisinden,Hayır,0.0,3,2,9,1451,1227167183,2025-05-06,100,,317.0,73529.41176470589
3750000,İstiklal Mh.,1223184224,06 Mayıs 2025,150,140,3+1,4,Kombi (Doğalgaz),1,Kapalı,Var,Var,Açık Otopark,Hayır,Kiracılı,Hayır,Belirtilmemiş,Belirtilmemiş,Evet,Kat Mülkiyetli,Emlak Ofisinden,Hayır,13.0,2,4,4,1463,1223184224,2025-05-06,,,317.0,25000.0
3750000,Körfez Mh.,1222369231,06 Mayıs 2025,78,70,2+1,4,Kombi (Doğalgaz),2,Açık (Amerikan),Var,Var,Açık Otopark,Hayır,Boş,Hayır,Belirtilmemiş,200,Evet,Kat Mülkiyetli,Emlak Ofisinden,Hayır,0.0,1,3,4,1466,1222369231,2025-05-06,200,,317.0,48076.92307692308
3750000,Mevlana Mah.,1244737982,06 Mayıs 2025,120,110,2+1,5,Kombi (Doğalgaz),1,Açık (Amerikan),Var,Var,Açık Otopark,Hayır,Mülk Sahibi,Hayır,Belirtilmemiş,200,Evet,Kat Mülkiyetli,Emlak Ofisinden,Evet,4.0,1,3,5,1467,1244737982,2025-05-06,200,,317.0,31250.0
3845000,Esenevler Mah.,1233395342,06 Mayıs 2025,110,100,2+1,5,Kombi (Doğalgaz),1,Kapalı,Var,Var,Açık Otopark,Hayır,Boş,Hayır,Belirtilmemiş,Belirtilmemiş,Evet,Kat Mülkiyetli,Emlak Ofisinden,Evet,0.0,5,3,5,1500,1233395342,2025-05-06,,,317.0,34954.545454545456
3900000,Yenimahalle Mah.,1244576085,06 Mayıs 2025,145,135,3+1,6,Kombi (Doğalgaz),2,Açık (Amerikan),Var,Var,Açık Otopark,Hayır,Boş,Hayır,Belirtilmemiş,Belirtilmemiş,Evet,Kat Mülkiyetli,Emlak Ofisinden,Evet,13.0,6,4,6,1547,1244576085,2025-05-06,,,317.0,26896.55172413793
3925000,Körfez Mh.,1244644795,06 Mayıs 2025,140,130,3+1,5,Kombi (Doğalgaz),2,Kapalı,Var,Var,Açık Otopark,Hayır,Kiracılı,Hayır,Belirtilmemiş,Belirtilmemiş,Hayır,Kat Mülkiyetli,Emlak Ofisinden,Hayır,7.5,5,4,5,1553,1244644795,2025-05-06,,,317.0,28035.714285714286
3940000,İstiklal Mh.,1238382755,06 Mayıs 2025,150,130,3+1,4,Kombi (Doğalgaz),1,Kapalı,Var,Var,Kapalı Otopark,Hayır,Mülk Sahibi,Hayır,Belirtilmemiş,Belirtilmemiş,Evet,Kat Mülkiyetli,Emlak Ofisinden,Evet,7.5,4,4,4,1555,1238382755,2025-05-06,,,317.0,26266.666666666668
3960000,Büyükkolpınar Mh.,1244589520,06 Mayıs 2025,145,125,3+1,4,Kombi (Doğalgaz),2,Kapalı,Var,Var,Açık Otopark,Hayır,Boş,Hayır,Belirtilmemiş,500,Evet,Kat Mülkiyetli,Emlak Ofisinden,Evet,0.0,4,4,4,1566,1244589520,2025-05-06,500,,317.0,27310.344827586207
4000000,Yenimahalle Mah.,1244559268,06 Mayıs 2025,100,80,1+1,3,Yerden Isıtma,1,Açık (Amerikan),Var,Yok,Açık Otopark,Belirtilmemiş,Boş,Hayır,Belirtilmemiş,Belirtilmemiş,Evet,Kat Mülkiyetli,Emlak Ofisinden,Evet,0.0,1,2,3,1588,1244559268,2025-05-06,,,317.0,40000.0
4075000,Esenevler Mah.,1244693256,06 Mayıs 2025,140,125,3+1,5,Kombi (Doğalgaz),1,Kapalı,Var,Var,Açık Otopark,Hayır,Boş,Hayır,Belirtilmemiş,Belirtilmemiş,Evet,Kat İrtifaklı,Emlak Ofisinden,Hayır,3.0,3,4,5,1605,1244693256,2025-05-06,,,317.0,29107.14285714286
4200000,Cumhuriyet Mah.,1244697108,06 Mayıs 2025,145,135,3+1,5,Kombi (Doğalgaz),2,Kapalı,Var,Var,Açık Otopark,Hayır,Boş,Hayır,Belirtilmemiş,200,Evet,Kat Mülkiyetli,Emlak Ofisinden,Hayır,13.0,1,4,5,1648,1244697108,2025-05-06,200,,317.0,28965.51724137931
4300000,Atakent Mh.,1244588005,06 Mayıs 2025,145,130,3+1,6,Kombi (Doğalgaz),2,Kapalı,Var,Var,Açık Otopark,Hayır,Boş,Hayır,Belirtilmemiş,Belirtilmemiş,Evet,Kat Mülkiyetli,Emlak Ofisinden,Evet,7.5,3,4,6,1683,1244588005,2025-05-06,,,317.0,29655.172413793105
4350000,Denizevleri Mah.,1232933582,06 Mayıs 2025,40,38,1+1,4,Yerden Isıtma,1,Açık (Amerikan),Var,Var,Yok,Evet,Boş,Hayır,Belirtilmemiş,Belirtilmemiş,Evet,Kat Mülkiyetli,Sahibinden,Hayır,0.0,4,2,4,1699,1232933582,2025-05-06,,,317.0,108750.0
4375000,Alanlı Mh.,1244698300,06 Mayıs 2025,110,95,2+1,6,Kombi (Doğalgaz),2,Açık (Amerikan),Var,Var,Açık Otopark,Hayır,Boş,Hayır,Belirtilmemiş,300,Evet,Kat Mülkiyetli,Emlak Ofisinden,Hayır,0.0,4,3,6,1720,1244698300,2025-05-06,300,,317.0,39772.72727272727
4400000,Atakent Mh.,1174978567,06 Mayıs 2025,200,180,4+1,8,Kombi (Doğalgaz),1,Kapalı,Yok,Var,Açık & Kapalı Otopark,Hayır,Boş,Evet,Lilyum Konutları,2500,Evet,Kat Mülkiyetli,Emlak Ofisinden,Hayır,7.5,1,5,8,1727,1174978567,2025-05-06,2500,,317.0,22000.0
4450000,Balaç Mh.,1220805359,06 Mayıs 2025,160,145,3+1,4,Kombi (Doğalgaz),2,Açık (Amerikan),Var,Var,Açık Otopark,Hayır,Mülk Sahibi,Hayır,Belirtilmemiş,Belirtilmemiş,Hayır,Kat Mülkiyetli,Emlak Ofisinden,Hayır,4.0,2,4,4,1734,1220805359,2025-05-06,,,317.0,27812.5
4690000,Yenimahalle Mah.,1229806479,06 Mayıs 2025,140,130,3+1,9,Merkezi (Pay Ölçer),2,Kapalı,Var,Var,Açık Otopark,Hayır,Mülk Sahibi,Evet,Esinti Sitesi,1400,Evet,Kat Mülkiyetli,Emlak Ofisinden,Evet,7.5,2,4,9,1808,1229806479,2025-05-06,1400,,317.0,33500.0
4750000,Büyükkolpınar Mh.,1244607860,06 Mayıs 2025,145,125,3+1,6,Yerden Isıtma,2,Açık (Amerikan),Var,Var,Açık Otopark,Hayır,Boş,Hayır,Belirtilmemiş,Belirtilmemiş,Evet,Kat Mülkiyetli,Emlak Ofisinden,Evet,0.0,4,4,6,1826,1244607860,2025-05-06,,,317.0,32758.620689655174
4800000,Atakent Mh.,1244721072,06 Mayıs 2025,165,150,3+1,9,Kombi (Doğalgaz),2,Kapalı,Var,Var,Açık Otopark,Hayır,Kiracılı,Hayır,Belirtilmemiş,750,Evet,Kat Mülkiyetli,Emlak Ofisinden,Hayır,7.5,7,4,9,1839,1244721072,2025-05-06,750,,317.0,29090.909090909092
4850000,İstiklal Mh.,1244647743,06 Mayıs 2025,180,160,3+1,6,Kombi (Doğalgaz),2,Kapalı,Var,Var,Açık Otopark,Hayır,Boş,Evet,Belirtilmemiş,250,Evet,Kat Mülkiyetli,Emlak Ofisinden,Hayır,4.0,2,4,6,1849,1244647743,2025-05-06,250,,317.0,26944.444444444445
4950000,Cumhuriyet Mah.,1214014097,06 Mayıs 2025,95,85,2+1,4,Kombi (Doğalgaz),1,Açık (Amerikan),Var,Var,Açık & Kapalı Otopark,Hayır,Mülk Sahibi,Hayır,Belirtilmemiş,200,Evet,Kat Mülkiyetli,Sahibinden,Evet,3.0,1,3,4,1868,1214014097,2025-05-06,200,,317.0,52105.26315789474
4950000,Güzelyalı Mh.,1192849309,06 Mayıs 2025,100,90,2+1,3,Kombi (Doğalgaz),1,Açık (Amerikan),Var,Var,Açık Otopark,Evet,Mülk Sahibi,Hayır,Belirtilmemiş,Belirtilmemiş,Evet,Kat Mülkiyetli,Emlak Ofisinden,Evet,1.0,0,3,3,1869,1192849309,2025-05-06,,,317.0,49500.0
5000000,Beypınar Mh.,1244609300,06 Mayıs 2025,160,145,3+1,6,Kombi (Doğalgaz),2,Kapalı,Var,Var,Açık Otopark,Hayır,Boş,Hayır,Belirtilmemiş,Belirtilmemiş,Evet,Kat Mülkiyetli,Emlak Ofisinden,Hayır,0.0,3,4,6,1897,1244609300,2025-05-06,,,317.0,31250.0
5150000,İstiklal Mh.,1244642480,06 Mayıs 2025,180,160,4+1,5,Kombi (Doğalgaz),2,Kapalı,Var,Var,Açık Otopark,Hayır,Mülk Sahibi,Evet,Gül Sitesi,350,Evet,Kat Mülkiyetli,Emlak Ofisinden,Hayır,7.5,2,5,5,1925,1244642480,2025-05-06,350,,317.0,28611.11111111111
5175000,Yenimahalle Mah.,1244678168,06 Mayıs 2025,160,140,3+1,9,Kombi (Doğalgaz),2,Kapalı,Var,Var,Açık Otopark,Hayır,Mülk Sahibi,Hayır,Belirtilmemiş,Belirtilmemiş,Evet,Kat Mülkiyetli,Emlak Ofisinden,Hayır,7.5,8,4,9,1929,1244678168,2025-05-06,,,317.0,32343.75
5190000,Atakent Mh.,1212784238,06 Mayıs 2025,145,137,3+1,8,Kombi (Doğalgaz),2,Kapalı,Var,Var,Açık Otopark,Hayır,Mülk Sahibi,Hayır,Belirtilmemiş,200,Evet,Kat Mülkiyetli,Emlak Ofisinden,Hayır,7.5,8,4,8,1931,1212784238,2025-05-06,200,,317.0,35793.10344827586
5200000,Yenimahalle Mah.,1244581990,06 Mayıs 2025,145,130,3+1,6,Kombi (Doğalgaz),2,Kapalı,Var,Var,Açık Otopark,Hayır,Kiracılı,Hayır,Belirtilmemiş,Belirtilmemiş,Evet,Kat Mülkiyetli,Emlak Ofisinden,Hayır,0.0,5,4,6,1938,1244581990,2025-05-06,,,317.0,35862.06896551724
5400000,İstiklal Mh.,1212930425,06 Mayıs 2025,135,120,3+1,3,Kombi (Doğalgaz),2,Kapalı,Var,Var,Açık Otopark,Hayır,Boş,Hayır,Belirtilmemiş,Belirtilmemiş,Evet,Kat Mülkiyetli,Emlak Ofisinden,Hayır,0.0,3,4,3,1978,1212930425,2025-05-06,,,317.0,40000.0
5500000,Mimarsinan Mah.,1244645272,06 Mayıs 2025,150,135,3+1,5,Kombi (Doğalgaz),2,Kapalı,Var,Var,Açık Otopark,Hayır,Boş,Hayır,Belirtilmemiş,100,Evet,Kat İrtifaklı,Emlak Ofisinden,Hayır,2.0,3,4,5,2007,1244645272,2025-05-06,100,,317.0,36666.666666666664
5500000,Atakent Mh.,1244580957,06 Mayıs 2025,140,130,3+1,5,Yerden Isıtma,2,Kapalı,Var,Var,Açık Otopark,Hayır,Boş,Hayır,Belirtilmemiş,Belirtilmemiş,Evet,Kat Mülkiyetli,Emlak Ofisinden,Hayır,0.0,2,4,5,2017,1244580957,2025-05-06,,,317.0,39285.71428571428
5699000,Körfez Mh.,1244614744,06 Mayıs 2025,145,140,3+1,8,Kombi (Doğalgaz),2,Kapalı,Var,Var,Açık Otopark,Hayır,Boş,Hayır,Belirtilmemiş,150,Evet,Kat Mülkiyetli,Emlak Ofisinden,Hayır,13.0,3,4,8,2047,1244614744,2025-05-06,150,,317.0,39303.44827586207
5715000,Mimarsinan Mah.,1238474423,06 Mayıs 2025,160,140,3+1,9,Kombi (Doğalgaz),2,Kapalı,Var,Var,Açık & Kapalı Otopark,Hayır,Boş,Hayır,Belirtilmemiş,900,Evet,Kat Mülkiyetli,Emlak Ofisinden,Hayır,7.5,1,4,9,2057,1238474423,2025-05-06,900,,317.0,35718.75
5750000,Mevlana Mah.,1244601287,06 Mayıs 2025,145,140,3+1,9,Kombi (Doğalgaz),2,Kapalı,Var,Var,Açık Otopark,Hayır,Boş,Evet,Belirtilmemiş,600,Evet,Kat Mülkiyetli,Emlak Ofisinden,Hayır,7.5,1,4,9,2064,1244601287,2025-05-06,600,,317.0,39655.1724137931
6000000,Atakent Mh.,1233156961,06 Mayıs 2025,155,131,3+1,8,Yerden Isıtma,2,Kapalı,Var,Var,Açık Otopark,Hayır,Boş,Hayır,Belirtilmemiş,Belirtilmemiş,Evet,Kat Mülkiyetli,Emlak Ofisinden,Hayır,0.0,4,4,8,2096,1233156961,2025-05-06,,,317.0,38709.67741935484
6000000,Yenimahalle Mah.,1244705990,06 Mayıs 2025,160,140,3+1,4,Kombi (Doğalgaz),2,Kapalı,Var,Var,Açık Otopark,Hayır,Mülk Sahibi,Hayır,Belirtilmemiş,250,Evet,Kat Mülkiyetli,Emlak Ofisinden,Evet,4.0,4,4,4,2121,1244705990,2025-05-06,250,,317.0,37500.0
6000000,Yenimahalle Mah.,1238038482,06 Mayıs 2025,165,140,3+1,8,Kombi (Doğalgaz),2,Açık (Amerikan),Var,Var,Açık Otopark,Hayır,Boş,Hayır,Belirtilmemiş,Belirtilmemiş,Evet,Kat Mülkiyetli,Emlak Ofisinden,Hayır,0.0,2,4,8,2123,1238038482,2025-05-06,,,317.0,36363.63636363636
6150000,Körfez Mh.,1225848283,06 Mayıs 2025,140,135,2+1,4,Kombi (Doğalgaz),2,Açık (Amerikan),Var,Var,Açık Otopark,Hayır,Boş,Hayır,Belirtilmemiş,0,Evet,Kat Mülkiyetli,Emlak Ofisinden,Evet,4.0,3,3,4,2145,1225848283,2025-05-06,0,,317.0,43928.57142857143
6500000,Yenimahalle Mah.,1230616449,06 Mayıs 2025,220,190,4+1,8,Kombi (Doğalgaz),2,Kapalı,Var,Var,Açık Otopark,Hayır,Boş,Evet,Belirtilmemiş,350,Evet,Müstakil Tapulu,Emlak Ofisinden,Evet,0.0,1,5,8,2180,1230616449,2025-05-06,350,,317.0,29545.454545454544
6950000,Esenevler Mah.,1230398633,06 Mayıs 2025,250,233,5+1,3,Kombi (Doğalgaz),1,Kapalı,Var,Var,Açık Otopark,Hayır,Mülk Sahibi,Hayır,Belirtilmemiş,230,Evet,Kat Mülkiyetli,Emlak Ofisinden,Evet,13.0,3,6,3,2211,1230398633,2025-05-06,230,,317.0,27800.0
7200000,Atakent Mh.,1244645718,06 Mayıs 2025,170,150,3+1,7,Yerden Isıtma,2,Kapalı,Var,Var,Açık & Kapalı Otopark,Hayır,Boş,Hayır,Belirtilmemiş,Belirtilmemiş,Evet,Kat Mülkiyetli,Emlak Ofisinden,Evet,0.0,6,4,7,2239,1244645718,2025-05-06,,,317.0,42352.94117647059
7500000,Atakent Mh.,1244627431,06 Mayıs 2025,220,200,4+1,8,Yerden Isıtma,2,Kapalı,Var,Var,Açık & Kapalı Otopark,Hayır,Boş,Hayır,Belirtilmemiş,Belirtilmemiş,Evet,Kat İrtifaklı,Emlak Ofisinden,Evet,0.0,7,5,8,2256,1244627431,2025-05-06,,,317.0,34090.90909090909
7750000,Büyükoyumca Mh.,1238524166,06 Mayıs 2025,220,180,4+1,9,Yerden Isıtma,2,Kapalı,Var,Var,Açık Otopark,Hayır,Boş,Hayır,Belirtilmemiş,0,Evet,Kat Mülkiyetli,Emlak Ofisinden,Hayır,3.0,4,5,9,2266,1238524166,2025-05-06,0,,317.0,35227.27272727273
1425000,Büyükoyumca Mh.,1244872158,07 Mayıs 2025,50,40,1+1,6,Kombi (Doğalgaz),1,Açık (Amerikan),Var,Var,Açık Otopark,Hayır,Boş,Hayır,Belirtilmemiş,Belirtilmemiş,Evet,Kat İrtifaklı,Emlak Ofisinden,Evet,0.0,2,2,6,12,1244872158,2025-05-07,,,318.0,28500.0
1650000,Körfez Mh.,1197351155,07 Mayıs 2025,55,50,1+1,5,Kombi (Doğalgaz),1,Açık (Amerikan),Var,Var,Açık Otopark,Hayır,Boş,Hayır,Belirtilmemiş,0,Evet,Kat İrtifaklı,Emlak Ofisinden,Hayır,0.0,2,2,5,72,1197351155,2025-05-07,0,,318.0,30000.0
1700000,Yenimahalle Mah.,1214994650,07 Mayıs 2025,55,45,1+1,5,Kombi (Doğalgaz),1,Açık (Amerikan),Var,Var,Açık Otopark,Hayır,Boş,Hayır,Belirtilmemiş,100,Evet,Kat Mülkiyetli,Emlak Ofisinden,Hayır,0.0,1,2,5,99,1214994650,2025-05-07,100,,318.0,30909.090909090908
1850000,Büyükoyumca Mh.,1233378983,07 Mayıs 2025,50,45,1+1,5,Yerden Isıtma,1,Açık (Amerikan),Var,Var,Açık Otopark,Hayır,Boş,Hayır,Belirtilmemiş,Belirtilmemiş,Evet,Kat İrtifaklı,Emlak Ofisinden,Evet,0.0,1,2,5,223,1233378983,2025-05-07,,,318.0,37000.0
1850000,Körfez Mh.,1244883111,07 Mayıs 2025,65,60,2+1,6,Yerden Isıtma,1,Açık (Amerikan),Yok,Var,Açık Otopark,Hayır,Boş,Hayır,Belirtilmemiş,Belirtilmemiş,Evet,Kat İrtifaklı,Emlak Ofisinden,Hayır,0.0,0,3,6,245,1244883111,2025-05-07,,,318.0,28461.53846153846
1850000,İncesu Mh.,1233249539,07 Mayıs 2025,50,45,1+1,4,Yerden Isıtma,1,Açık (Amerikan),Var,Var,Açık Otopark,Hayır,Boş,Hayır,Belirtilmemiş,Belirtilmemiş,Evet,Kat Mülkiyetli,Emlak Ofisinden,Evet,0.0,1,2,4,253,1233249539,2025-05-07,,,318.0,37000.0
1875000,Körfez Mh.,1244878536,07 Mayıs 2025,53,42,1+1,4,Yerden Isıtma,1,Açık (Amerikan),Var,Var,Açık Otopark,Hayır,Boş,Hayır,Belirtilmemiş,Belirtilmemiş,Evet,Kat İrtifaklı,Emlak Ofisinden,Evet,0.0,4,2,4,268,1244878536,2025-05-07,,,318.0,35377.35849056604
2090000,Körfez Mh.,1238652372,07 Mayıs 2025,50,40,1+1,5,Kombi (Doğalgaz),1,Açık (Amerikan),Var,Var,Açık Otopark,Evet,Boş,Hayır,Belirtilmemiş,Belirtilmemiş,Evet,Kat Mülkiyetli,Emlak Ofisinden,Hayır,2.0,5,2,5,490,1238652372,2025-05-07,,,318.0,41800.0
2200000,Alanlı Mh.,1244765711,07 Mayıs 2025,65,55,1+1,5,Yerden Isıtma,1,Açık (Amerikan),Var,Var,Açık Otopark,Hayır,Boş,Hayır,Belirtilmemiş,Belirtilmemiş,Evet,Kat İrtifaklı,Emlak Ofisinden,Evet,0.0,3,2,5,613,1244765711,2025-05-07,,,318.0,33846.153846153844
2200000,Körfez Mh.,1244928312,07 Mayıs 2025,60,55,1+1,6,Kombi (Doğalgaz),1,Açık (Amerikan),Var,Var,Açık Otopark,Hayır,Boş,Hayır,Belirtilmemiş,Belirtilmemiş,Evet,Kat İrtifaklı,Emlak Ofisinden,Hayır,0.0,3,2,6,644,1244928312,2025-05-07,,,318.0,36666.666666666664
2200000,Atatepe,1227348179,07 Mayıs 2025,55,45,1+1,6,Yerden Isıtma,1,Açık (Amerikan),Var,Var,Açık Otopark,Hayır,Boş,Hayır,Belirtilmemiş,100,Evet,Kat İrtifaklı,Emlak Ofisinden,Hayır,0.0,2,2,6,651,1227348179,2025-05-07,100,,318.0,40000.0
2240000,Yenimahalle Mah.,1244787201,07 Mayıs 2025,60,48,1+1,6,Kombi (Doğalgaz),1,Açık (Amerikan),Var,Var,Açık Otopark,Hayır,Boş,Hayır,Belirtilmemiş,400,Evet,Kat Mülkiyetli,Emlak Ofisinden,Hayır,2.0,5,2,6,659,1244787201,2025-05-07,400,,318.0,37333.333333333336
2300000,Büyükoyumca Mh.,1244749168,07 Mayıs 2025,60,50,1+1,5,Kombi (Doğalgaz),1,Açık (Amerikan),Var,Var,Açık & Kapalı Otopark,Evet,Boş,Hayır,Belirtilmemiş,Belirtilmemiş,Hayır,Kat Mülkiyetli,Sahibinden,Hayır,0.0,4,2,5,728,1244749168,2025-05-07,,,318.0,38333.333333333336
2325000,Atakent Mh.,1244804957,07 Mayıs 2025,60,50,1+1,5,Kombi (Doğalgaz),1,Açık (Amerikan),Var,Var,Açık Otopark,Evet,Boş,Hayır,Belirtilmemiş,Belirtilmemiş,Hayır,Kat Mülkiyetli,Emlak Ofisinden,Hayır,0.0,2,2,5,766,1244804957,2025-05-07,,,318.0,38750.0
2400000,Çakırlar Yalı Mh.,1208969835,07 Mayıs 2025,45,40,1+1,4,Yerden Isıtma,1,Açık (Amerikan),Var,Var,Açık Otopark,Hayır,Boş,Hayır,Belirtilmemiş,150,Evet,Kat İrtifaklı,Emlak Ofisinden,Evet,0.0,0,2,4,821,1208969835,2025-05-07,150,,318.0,53333.333333333336
2450000,Körfez Mh.,1244753183,07 Mayıs 2025,55,50,1+1,5,Kombi (Doğalgaz),1,Açık (Amerikan),Var,Var,Açık Otopark,Hayır,Boş,Hayır,Belirtilmemiş,Belirtilmemiş,Evet,Kat Mülkiyetli,Emlak Ofisinden,Hayır,0.0,2,2,5,855,1244753183,2025-05-07,,,318.0,44545.454545454544
2500000,Esenevler Mah.,1244876513,07 Mayıs 2025,50,45,1+1,3,Kombi (Doğalgaz),1,Açık (Amerikan),Var,Var,Açık Otopark,Hayır,Boş,Hayır,Belirtilmemiş,300,Evet,Kat Mülkiyetli,Emlak Ofisinden,Evet,0.0,2,2,3,885,1244876513,2025-05-07,300,,318.0,50000.0
2500000,Yenimahalle Mah.,1244785474,07 Mayıs 2025,55,50,1+1,5,Kombi (Doğalgaz),1,Açık (Amerikan),Var,Var,Açık Otopark,Evet,Mülk Sahibi,Hayır,Belirtilmemiş,Belirtilmemiş,Evet,Kat Mülkiyetli,Emlak Ofisinden,Evet,7.5,3,2,5,904,1244785474,2025-05-07,,,318.0,45454.545454545456
2530000,Yenimahalle Mah.,1244742085,07 Mayıs 2025,140,130,3+1,7,Kombi (Doğalgaz),2,Kapalı,Var,Var,Açık Otopark,Hayır,Boş,Hayır,Belirtilmemiş,150,Evet,Kat İrtifaklı,Emlak Ofisinden,Hayır,18.0,1,4,7,908,1244742085,2025-05-07,150,,318.0,18071.428571428572
2550000,Yenimahalle Mah.,1237096981,07 Mayıs 2025,65,60,1+1,5,Kombi (Doğalgaz),1,Açık (Amerikan),Var,Var,Yok,Evet,Kiracılı,Hayır,Belirtilmemiş,350,Evet,Kat İrtifaklı,Emlak Ofisinden,Hayır,4.0,3,2,5,922,1237096981,2025-05-07,350,,318.0,39230.769230769234
2700000,Körfez Mh.,1227082995,07 Mayıs 2025,70,60,2+1,6,Kombi (Doğalgaz),1,Açık (Amerikan),Var,Var,Açık Otopark,Hayır,Boş,Hayır,Belirtilmemiş,500,Evet,Kat İrtifaklı,Emlak Ofisinden,Evet,0.0,6,3,6,1000,1227082995,2025-05-07,500,,318.0,38571.42857142857
2725000,Yenimahalle Mah.,1238679875,07 Mayıs 2025,50,45,1+1,6,Kombi (Doğalgaz),1,Açık (Amerikan),Var,Var,Açık Otopark,Hayır,Boş,Hayır,Belirtilmemiş,350,Evet,Kat Mülkiyetli,Emlak Ofisinden,Hayır,0.0,2,2,6,1008,1238679875,2025-05-07,350,,318.0,54500.0
2750000,Yenimahalle Mah.,1233279090,07 Mayıs 2025,52,48,1+1,9,Kombi (Doğalgaz),1,Açık (Amerikan),Var,Var,Açık Otopark,Evet,Boş,Evet,Sezenoğlu Sitesi,250,Evet,Kat Mülkiyetli,Emlak Ofisinden,Hayır,7.5,7,2,9,1050,1233279090,2025-05-07,250,,318.0,52884.61538461538
2800000,Cumhuriyet Mah.,1233233577,07 Mayıs 2025,55,50,1+1,3,Yerden Isıtma,1,Açık (Amerikan),Var,Var,Açık Otopark,Hayır,Boş,Hayır,Belirtilmemiş,Belirtilmemiş,Evet,Kat Mülkiyetli,Emlak Ofisinden,Hayır,0.0,3,2,3,1071,1233233577,2025-05-07,,,318.0,50909.09090909091
3050000,Yenimahalle Mah.,1244831529,07 Mayıs 2025,120,100,2+1,5,Kombi (Doğalgaz),1,Kapalı,Var,Var,Açık Otopark,Hayır,Boş,Hayır,Belirtilmemiş,Belirtilmemiş,Evet,Kat Mülkiyetli,Emlak Ofisinden,Hayır,7.5,1,3,5,1193,1244831529,2025-05-07,,,318.0,25416.666666666668
3500000,Atakent Mh.,1204561735,07 Mayıs 2025,130,110,3+1,7,Kombi (Doğalgaz),1,Açık (Amerikan),Var,Var,Açık Otopark,Belirtilmemiş,Mülk Sahibi,Hayır,Belirtilmemiş,250,Belirtilmemiş,Kat Mülkiyetli,Emlak Ofisinden,Hayır,4.0,1,4,7,1371,1204561735,2025-05-07,250,,318.0,26923.076923076922
3600000,Camii Mh.,1238346177,07 Mayıs 2025,100,76,2+1,5,Yerden Isıtma,2,Açık (Amerikan),Var,Var,Açık Otopark,Hayır,Boş,Hayır,Belirtilmemiş,Belirtilmemiş,Evet,Kat Mülkiyetli,Emlak Ofisinden,Evet,0.0,2,3,5,1408,1238346177,2025-05-07,,,318.0,36000.0
3750000,Alanlı Mh.,1244869949,07 Mayıs 2025,115,100,2+1,6,Kombi (Doğalgaz),2,Kapalı,Var,Var,Açık Otopark,Hayır,Boş,Hayır,Belirtilmemiş,Belirtilmemiş,Evet,Kat Mülkiyetli,Emlak Ofisinden,Hayır,0.0,6,3,6,1450,1244869949,2025-05-07,,,318.0,32608.695652173912
3900000,Yenimahalle Mah.,1177433017,07 Mayıs 2025,60,50,1+1,9,Yerden Isıtma,1,Açık (Amerikan),Var,Var,Açık & Kapalı Otopark,Hayır,Boş,Hayır,Belirtilmemiş,Belirtilmemiş,Evet,Kat Mülkiyetli,Emlak Ofisinden,Evet,0.0,4,2,9,1542,1177433017,2025-05-07,,,318.0,65000.0
3900000,Yenimahalle Mah.,1244776004,07 Mayıs 2025,145,125,3+1,9,Kombi (Doğalgaz),2,Kapalı,Var,Var,Açık Otopark,Hayır,Boş,Hayır,Belirtilmemiş,Belirtilmemiş,Evet,Kat Mülkiyetli,Emlak Ofisinden,Hayır,7.5,2,4,9,1545,1244776004,2025-05-07,,,318.0,26896.55172413793
4100000,Yenimahalle Mah.,1244855109,07 Mayıs 2025,160,150,4+1,5,Kombi (Doğalgaz),3,Kapalı,Var,Var,Açık Otopark,Hayır,Boş,Hayır,Belirtilmemiş,Belirtilmemiş,Evet,Kat İrtifaklı,Emlak Ofisinden,Evet,2.0,5,5,5,1627,1244855109,2025-05-07,,,318.0,25625.0
4200000,Balaç Mh.,1238720875,07 Mayıs 2025,100,85,2+1,4,Yerden Isıtma,2,Kapalı,Var,Var,Açık Otopark,Hayır,Boş,Hayır,Belirtilmemiş,Belirtilmemiş,Evet,Kat Mülkiyetli,Emlak Ofisinden,Hayır,0.0,2,3,4,1647,1238720875,2025-05-07,,,318.0,42000.0
4250000,Yenimahalle Mah.,1220859335,07 Mayıs 2025,260,250,5+1,5,Kombi (Doğalgaz),2,Kapalı,Var,Var,Açık Otopark,Hayır,Boş,Hayır,Belirtilmemiş,Belirtilmemiş,Evet,Kat Mülkiyetli,Emlak Ofisinden,Hayır,18.0,5,6,5,1676,1220859335,2025-05-07,,,318.0,16346.153846153846
4250000,Atakent Mh.,1241897636,07 Mayıs 2025,150,135,3+1,7,Kombi (Doğalgaz),2,Kapalı,Var,Var,Açık Otopark,Hayır,Boş,Hayır,Belirtilmemiş,Belirtilmemiş,Evet,Kat Mülkiyetli,Emlak Ofisinden,Hayır,7.5,2,4,7,1677,1241897636,2025-05-07,,,318.0,28333.333333333332
4550000,Yenimahalle Mah.,1189221296,07 Mayıs 2025,160,145,3+1,6,Kombi (Doğalgaz),1,Kapalı,Var,Var,Açık Otopark,Hayır,Kiracılı,Hayır,Belirtilmemiş,200,Evet,Kat Mülkiyetli,Emlak Ofisinden,Hayır,7.5,2,4,6,1782,1189221296,2025-05-07,200,,318.0,28437.5
4800000,Yenimahalle Mah.,1230418683,07 Mayıs 2025,150,140,3+1,6,Kombi (Doğalgaz),1,Kapalı,Var,Var,Açık Otopark,Hayır,Boş,Hayır,Belirtilmemiş,150,Evet,Kat Mülkiyetli,Emlak Ofisinden,Hayır,13.0,5,4,6,1842,1230418683,2025-05-07,150,,318.0,32000.0
4950000,Yenimahalle Mah.,1244768021,07 Mayıs 2025,120,100,3+1,7,Kombi (Doğalgaz),2,Kapalı,Var,Var,Açık & Kapalı Otopark,Hayır,Boş,Hayır,Belirtilmemiş,Belirtilmemiş,Evet,Kat Mülkiyetli,Emlak Ofisinden,Hayır,0.0,7,4,7,1881,1244768021,2025-05-07,,,318.0,41250.0
5000000,Yenimahalle Mah.,1238671889,07 Mayıs 2025,85,75,2+1,8,Kombi (Doğalgaz),1,Açık (Amerikan),Var,Var,Açık Otopark,Hayır,Boş,Hayır,Belirtilmemiş,Belirtilmemiş,Evet,Kat Mülkiyetli,Emlak Ofisinden,Evet,0.0,6,3,8,1910,1238671889,2025-05-07,,,318.0,58823.529411764706
5000000,Yenimahalle Mah.,1244934587,07 Mayıs 2025,145,135,3+1,6,Yerden Isıtma,2,Kapalı,Var,Var,Açık Otopark,Hayır,Boş,Hayır,Belirtilmemiş,Belirtilmemiş,Evet,Kat Mülkiyetli,Emlak Ofisinden,Evet,2.0,3,4,6,1913,1244934587,2025-05-07,,,318.0,34482.75862068965
5200000,Balaç Mh.,1216680891,07 Mayıs 2025,155,125,3+1,3,Kombi (Doğalgaz),2,Kapalı,Var,Var,Açık Otopark,Hayır,Boş,Evet,Belirtilmemiş,Belirtilmemiş,Evet,Kat İrtifaklı,Emlak Ofisinden,Hayır,1.0,1,4,3,1934,1216680891,2025-05-07,,,318.0,33548.3870967742
5250000,Balaç Mh.,1238687706,07 Mayıs 2025,175,140,3+1,9,Kombi (Doğalgaz),2,Kapalı,Var,Var,Açık Otopark,Hayır,Boş,Hayır,Belirtilmemiş,Belirtilmemiş,Evet,Kat Mülkiyetli,Emlak Ofisinden,Evet,7.5,5,4,9,1948,1238687706,2025-05-07,,,318.0,30000.0
5300000,Yenimahalle Mah.,1244934712,07 Mayıs 2025,160,145,3+1,4,Yerden Isıtma,2,Kapalı,Var,Var,Açık Otopark,Hayır,Boş,Hayır,Belirtilmemiş,300,Evet,Kat Mülkiyetli,Emlak Ofisinden,Evet,0.0,4,4,4,1971,1244934712,2025-05-07,300,,318.0,33125.0
5400000,Atakent Mh.,1233259380,07 Mayıs 2025,165,160,3+1,8,Kombi (Doğalgaz),2,Kapalı,Var,Var,Açık Otopark,Hayır,Mülk Sahibi,Evet,Venüs Sitesi,Belirtilmemiş,Evet,Kat Mülkiyetli,Emlak Ofisinden,Evet,13.0,3,4,8,1984,1233259380,2025-05-07,,,318.0,32727.272727272728
5500000,Yenimahalle Mah.,1238386327,07 Mayıs 2025,110,95,3+1,6,Kombi (Doğalgaz),2,Kapalı,Var,Var,Açık Otopark,Hayır,Mülk Sahibi,Hayır,Belirtilmemiş,Belirtilmemiş,Evet,Kat Mülkiyetli,Emlak Ofisinden,Evet,1.0,6,4,6,2018,1238386327,2025-05-07,,,318.0,50000.0
5700000,Yenimahalle Mah.,1244921260,07 Mayıs 2025,170,155,3+1,9,Kombi (Doğalgaz),3,Kapalı,Var,Var,Açık Otopark,Hayır,Mülk Sahibi,Hayır,Belirtilmemiş,Belirtilmemiş,Evet,Kat Mülkiyetli,Emlak Ofisinden,Evet,7.5,2,4,9,2052,1244921260,2025-05-07,,,318.0,33529.41176470588
5995000,Atakent Mh.,1214967385,07 Mayıs 2025,180,150,3+1,8,Kombi (Doğalgaz),3,Kapalı,Var,Var,Açık Otopark,Hayır,Boş,Hayır,Belirtilmemiş,Belirtilmemiş,Evet,Kat İrtifaklı,Emlak Ofisinden,Hayır,0.0,5,4,8,2091,1214967385,2025-05-07,,,318.0,33305.555555555555
6000000,Atakent Mh.,1238449603,07 Mayıs 2025,110,95,2+1,8,Kombi (Doğalgaz),2,Kapalı,Var,Var,Açık Otopark,Hayır,Boş,Hayır,Belirtilmemiş,Belirtilmemiş,Evet,Kat Mülkiyetli,Emlak Ofisinden,Hayır,0.0,5,3,8,2119,1238449603,2025-05-07,,,318.0,54545.454545454544
6150000,Güzelyalı Mh.,1244833452,07 Mayıs 2025,120,110,2+1,9,Kombi (Doğalgaz),1,Kapalı,Var,Var,Açık Otopark,Hayır,Boş,Hayır,Belirtilmemiş,800,Evet,Kat Mülkiyetli,Emlak Ofisinden,Hayır,7.5,3,3,9,2146,1244833452,2025-05-07,800,,318.0,51250.0
6150000,Atakent Mh.,1202951067,07 Mayıs 2025,160,140,3+1,8,Kombi (Doğalgaz),2,Kapalı,Var,Var,Açık Otopark,Hayır,Boş,Hayır,Belirtilmemiş,200,Evet,Kat Mülkiyetli,Emlak Ofisinden,Evet,0.0,5,4,8,2147,1202951067,2025-05-07,200,,318.0,38437.5
6500000,Atakent Mh.,1177775371,07 Mayıs 2025,145,130,3+1,5,Yerden Isıtma,2,Kapalı,Var,Var,Yok,Hayır,Boş,Hayır,Belirtilmemiş,Belirtilmemiş,Evet,Kat Mülkiyetli,Emlak Ofisinden,Evet,0.0,1,4,5,2179,1177775371,2025-05-07,,,318.0,44827.58620689655
6600000,Atakent Mh.,1244944231,07 Mayıs 2025,140,130,3+1,8,Kombi (Doğalgaz),2,Kapalı,Var,Var,Açık Otopark,Hayır,Boş,Evet,Atakum Evleri,1000,Evet,Kat Mülkiyetli,Emlak Ofisinden,Evet,13.0,4,4,8,2190,1244944231,2025-05-07,1000,,318.0,47142.857142857145
6850000,Atakent Mh.,1232000424,07 Mayıs 2025,190,175,4+1,9,Kombi (Doğalgaz),2,Kapalı,Var,Var,Açık Otopark,Evet,Boş,Hayır,Belirtilmemiş,200,Evet,Kat Mülkiyetli,Emlak Ofisinden,Hayır,7.5,3,5,9,2206,1232000424,2025-05-07,200,,318.0,36052.63157894737
7500000,Yenimahalle Mah.,1244823063,07 Mayıs 2025,165,158,3+1,7,Yerden Isıtma,2,Kapalı,Var,Var,Açık Otopark,Hayır,Boş,Hayır,Belirtilmemiş,Belirtilmemiş,Evet,Kat İrtifaklı,Emlak Ofisinden,Hayır,0.0,1,4,7,2255,1244823063,2025-05-07,,,318.0,45454.545454545456
1499000,Çobanözü Mh.,1156112169,08 Mayıs 2025,75,68,1+1,8,Kombi (Doğalgaz),1,Kapalı,Var,Var,Açık Otopark,Hayır,Boş,Evet,Belirtilmemiş,Belirtilmemiş,Evet,Kat Mülkiyetli,Emlak Ofisinden,Evet,0.0,1,2,8,28,1156112169,2025-05-08,,,319.0,19986.666666666668
1625000,Büyükoyumca Mh.,1238595207,08 Mayıs 2025,58,50,1+1,4,Yerden Isıtma,1,Açık (Amerikan),Var,Var,Açık Otopark,Belirtilmemiş,Boş,Hayır,Belirtilmemiş,Belirtilmemiş,Belirtilmemiş,Tapu Kaydı Yok,Emlak Ofisinden,Evet,0.0,1,2,4,59,1238595207,2025-05-08,,,319.0,28017.241379310344
1650000,İncesu Yalı Mh.,1216826377,08 Mayıs 2025,43,34,1+1,4,Yerden Isıtma,1,Açık (Amerikan),Var,Var,Açık Otopark,Hayır,Boş,Hayır,Belirtilmemiş,100,Evet,Kat İrtifaklı,Emlak Ofisinden,Hayır,0.0,1,2,4,69,1216826377,2025-05-08,100,,319.0,38372.09302325582
1680000,Alanlı Mh.,1245033773,08 Mayıs 2025,50,45,1+1,6,Kombi (Doğalgaz),1,Açık (Amerikan),Var,Var,Açık Otopark,Hayır,Boş,Hayır,Belirtilmemiş,1,Evet,Kat İrtifaklı,Emlak Ofisinden,Hayır,0.0,1,2,6,90,1245033773,2025-05-08,1,,319.0,33600.0
1725000,Yeşildere Mh.,1238299088,08 Mayıs 2025,55,50,1+1,5,Kombi (Doğalgaz),1,Açık (Amerikan),Var,Var,Açık Otopark,Hayır,Boş,Hayır,Belirtilmemiş,Belirtilmemiş,Evet,Kat İrtifaklı,Emlak Ofisinden,Hayır,0.0,1,2,5,109,1238299088,2025-05-08,,,319.0,31363.636363636364
1750000,Körfez Mh.,1227475581,08 Mayıs 2025,60,48,1+1,5,Kombi (Doğalgaz),1,Açık (Amerikan),Var,Var,Açık Otopark,Hayır,Boş,Hayır,Belirtilmemiş,Belirtilmemiş,Hayır,Kat İrtifaklı,Emlak Ofisinden,Hayır,0.0,2,2,5,140,1227475581,2025-05-08,,,319.0,29166.666666666668
1799000,Körfez Mh.,1189376865,08 Mayıs 2025,60,55,2+0,4,Kombi (Doğalgaz),1,Açık (Amerikan),Var,Var,Açık Otopark,Hayır,Boş,Hayır,Belirtilmemiş,350,Evet,Kat İrtifaklı,Emlak Ofisinden,Hayır,0.0,1,2,4,163,1189376865,2025-05-08,350,,319.0,29983.333333333332
1800000,Büyükoyumca Mh.,1245143835,08 Mayıs 2025,55,45,1+1,5,Kombi (Doğalgaz),1,Açık (Amerikan),Var,Var,Açık Otopark,Hayır,Boş,Hayır,Belirtilmemiş,300,Evet,Kat İrtifaklı,Emlak Ofisinden,Hayır,0.0,3,2,5,172,1245143835,2025-05-08,300,,319.0,32727.272727272728
1800000,Büyükoyumca Mh.,1245163260,08 Mayıs 2025,60,50,1+1,6,Kombi (Doğalgaz),1,Açık (Amerikan),Var,Var,Açık Otopark,Hayır,Boş,Hayır,Belirtilmemiş,0,Evet,Kat Mülkiyetli,Emlak Ofisinden,Evet,0.0,2,2,6,173,1245163260,2025-05-08,0,,319.0,30000.0
1850000,Büyükoyumca Mh.,1243727772,08 Mayıs 2025,50,44,1+1,5,Kombi (Doğalgaz),1,Açık (Amerikan),Var,Var,Açık Otopark,Hayır,Boş,Hayır,Belirtilmemiş,Belirtilmemiş,Evet,Kat İrtifaklı,Emlak Ofisinden,Hayır,0.0,3,2,5,224,1243727772,2025-05-08,,,319.0,37000.0
1850000,İncesu Mh.,1233340619,08 Mayıs 2025,55,48,1+1,5,Yerden Isıtma,1,Açık (Amerikan),Var,Var,Açık Otopark,Hayır,Boş,Hayır,Belirtilmemiş,Belirtilmemiş,Evet,Kat Mülkiyetli,Emlak Ofisinden,Hayır,0.0,3,2,5,252,1233340619,2025-05-08,,,319.0,33636.36363636364
1875000,Balaç Mh.,1245016344,08 Mayıs 2025,50,45,1+1,4,Yerden Isıtma,1,Açık (Amerikan),Var,Var,Açık Otopark,Hayır,Boş,Hayır,Belirtilmemiş,Belirtilmemiş,Evet,Kat Mülkiyetli,Emlak Ofisinden,Evet,0.0,1,2,4,257,1245016344,2025-05-08,,,319.0,37500.0
1875000,Körfez Mh.,1245032995,08 Mayıs 2025,60,52,1+1,5,Kombi (Doğalgaz),1,Açık (Amerikan),Var,Var,Açık Otopark,Hayır,Boş,Hayır,Belirtilmemiş,450,Evet,Kat İrtifaklı,Emlak Ofisinden,Hayır,0.0,2,2,5,267,1245032995,2025-05-08,450,,319.0,31250.0
1875000,Körfez Mh.,1227669093,08 Mayıs 2025,65,50,1+1,6,Kombi (Doğalgaz),1,Açık (Amerikan),Var,Var,Açık Otopark,Hayır,Boş,Hayır,Belirtilmemiş,1,Evet,Müstakil Tapulu,Emlak Ofisinden,Hayır,0.0,4,2,6,269,1227669093,2025-05-08,1,,319.0,28846.153846153848
1880000,Körfez Mh.,1238881973,08 Mayıs 2025,50,42,1+1,5,Yerden Isıtma,1,Açık (Amerikan),Var,Var,Açık Otopark,Hayır,Boş,Hayır,Belirtilmemiş,Belirtilmemiş,Evet,Kat İrtifaklı,Emlak Ofisinden,Evet,0.0,1,2,5,278,1238881973,2025-05-08,,,319.0,37600.0
1925000,İncesu Yalı Mh.,1218510902,08 Mayıs 2025,50,45,1+1,4,Kombi (Doğalgaz),1,Açık (Amerikan),Var,Var,Açık Otopark,Hayır,Boş,Hayır,Belirtilmemiş,0,Evet,Kat İrtifaklı,Emlak Ofisinden,Evet,0.0,2,2,4,314,1218510902,2025-05-08,0,,319.0,38500.0
1950000,Esenevler Mah.,1222107804,08 Mayıs 2025,55,45,1+1,2,Kombi (Doğalgaz),1,Açık (Amerikan),Var,Var,Açık & Kapalı Otopark,Hayır,Boş,Hayır,Belirtilmemiş,150,Evet,Kat İrtifaklı,Emlak Ofisinden,Hayır,2.0,1,2,2,334,1222107804,2025-05-08,150,,319.0,35454.545454545456
1950000,İncesu Yalı Mh.,1245084636,08 Mayıs 2025,44,39,1+1,5,Kombi (Doğalgaz),1,Açık (Amerikan),Var,Var,Açık Otopark,Hayır,Boş,Hayır,Belirtilmemiş,Belirtilmemiş,Evet,Kat İrtifaklı,Emlak Ofisinden,Evet,0.0,2,2,5,337,1245084636,2025-05-08,,,319.0,44318.181818181816
2000000,Körfez Mh.,1232937329,08 Mayıs 2025,55,50,1+1,4,Yerden Isıtma,1,Açık (Amerikan),Var,Var,Açık Otopark,Hayır,Boş,Hayır,Belirtilmemiş,Belirtilmemiş,Evet,Kat Mülkiyetli,Emlak Ofisinden,Hayır,0.0,1,2,4,428,1232937329,2025-05-08,,,319.0,36363.63636363636
2000000,Körfez Mh.,1233209360,08 Mayıs 2025,50,45,1+1,5,Yerden Isıtma,1,Açık (Amerikan),Var,Var,Açık Otopark,Hayır,Boş,Hayır,Belirtilmemiş,500,Evet,Kat Mülkiyetli,Emlak Ofisinden,Hayır,0.0,4,2,5,429,1233209360,2025-05-08,500,,319.0,40000.0
2050000,İncesu Yalı Mh.,1227657188,08 Mayıs 2025,45,40,1+1,5,Yerden Isıtma,1,Açık (Amerikan),Var,Var,Açık Otopark,Hayır,Boş,Hayır,Belirtilmemiş,500,Evet,Kat Mülkiyetli,Emlak Ofisinden,Hayır,0.0,2,2,5,461,1227657188,2025-05-08,500,,319.0,45555.555555555555
2050000,Yenimahalle Mah.,1245103483,08 Mayıs 2025,50,45,1+1,5,Kombi (Doğalgaz),1,Açık (Amerikan),Var,Var,Açık Otopark,Evet,Boş,Hayır,Belirtilmemiş,Belirtilmemiş,Evet,Kat Mülkiyetli,Emlak Ofisinden,Hayır,2.0,1,2,5,477,1245103483,2025-05-08,,,319.0,41000.0
2090000,Atakent Mh.,1221312192,08 Mayıs 2025,55,47,1+1,3,Kombi (Doğalgaz),1,Açık (Amerikan),Var,Var,Açık & Kapalı Otopark,Evet,Mülk Sahibi,Hayır,Belirtilmemiş,300,Evet,Kat Mülkiyetli,Emlak Ofisinden,Evet,2.0,2,2,3,491,1221312192,2025-05-08,300,,319.0,38000.0
2095000,Alanlı Mh.,1244973703,08 Mayıs 2025,55,50,1+1,5,Kombi (Doğalgaz),1,Açık (Amerikan),Var,Var,Açık Otopark,Hayır,Boş,Hayır,Belirtilmemiş,Belirtilmemiş,Evet,Kat Mülkiyetli,Emlak Ofisinden,Hayır,0.0,3,2,5,494,1244973703,2025-05-08,,,319.0,38090.90909090909
2150000,Büyükoyumca Mh.,1245094713,08 Mayıs 2025,49,44,1+1,6,Yerden Isıtma,1,Açık (Amerikan),Var,Var,Açık Otopark,Hayır,Boş,Hayır,Belirtilmemiş,300,Evet,Kat Mülkiyetli,Emlak Ofisinden,Hayır,1.0,4,2,6,551,1245094713,2025-05-08,300,,319.0,43877.551020408166
2150000,Yenimahalle Mah.,1245054019,08 Mayıs 2025,62,50,1+1,3,Kombi (Doğalgaz),1,Açık (Amerikan),Var,Var,Açık Otopark,Hayır,Boş,Hayır,Belirtilmemiş,300,Evet,Kat Mülkiyetli,Emlak Ofisinden,Evet,0.0,3,2,3,576,1245054019,2025-05-08,300,,319.0,34677.41935483871
2200000,Büyükoyumca Mh.,1206065739,08 Mayıs 2025,52,45,1+1,5,Yerden Isıtma,1,Açık (Amerikan),Var,Var,Açık Otopark,Hayır,Boş,Hayır,Belirtilmemiş,Belirtilmemiş,Evet,Kat Mülkiyetli,Emlak Ofisinden,Hayır,0.0,4,2,5,626,1206065739,2025-05-08,,,319.0,42307.692307692305
2200000,Çobanlı Mh.,1245117400,08 Mayıs 2025,48,38,1+1,4,Kombi (Doğalgaz),1,Kapalı,Var,Var,Açık Otopark,Hayır,Boş,Hayır,Belirtilmemiş,1,Evet,Kat İrtifaklı,Emlak Ofisinden,Hayır,0.0,4,2,4,630,1245117400,2025-05-08,1,,319.0,45833.333333333336
2250000,Körfez Mh.,1244995842,08 Mayıs 2025,52,45,1+1,5,Kombi (Doğalgaz),1,Açık (Amerikan),Yok,Var,Açık Otopark,Hayır,Kiracılı,Hayır,Belirtilmemiş,350,Evet,Kat İrtifaklı,Emlak Ofisinden,Hayır,7.5,0,2,5,692,1244995842,2025-05-08,350,,319.0,43269.230769230766
2250000,Körfez Mh.,1238710980,08 Mayıs 2025,47,37,1+1,6,Kombi (Doğalgaz),1,Açık (Amerikan),Var,Var,Açık Otopark,Hayır,Boş,Hayır,Belirtilmemiş,Belirtilmemiş,Evet,Kat İrtifaklı,Emlak Ofisinden,Hayır,0.0,6,2,6,693,1238710980,2025-05-08,,,319.0,47872.34042553192
2300000,Körfez Mh.,1222869680,08 Mayıs 2025,58,50,1+1,5,Yerden Isıtma,1,Açık (Amerikan),Var,Var,Açık & Kapalı Otopark,Hayır,Boş,Hayır,Belirtilmemiş,Belirtilmemiş,Evet,Müstakil Tapulu,Emlak Ofisinden,Evet,0.0,5,2,5,742,1222869680,2025-05-08,,,319.0,39655.1724137931
2450000,Alanlı Mh.,1223542558,08 Mayıs 2025,55,53,1+1,6,Kombi (Doğalgaz),1,Açık (Amerikan),Var,Var,Açık Otopark,Evet,Boş,Hayır,Belirtilmemiş,Belirtilmemiş,Evet,Kat Mülkiyetli,Emlak Ofisinden,Evet,0.0,6,2,6,843,1223542558,2025-05-08,,,319.0,44545.454545454544
2450000,Yenimahalle Mah.,1238030590,08 Mayıs 2025,48,43,1+1,4,Kombi (Doğalgaz),1,Açık (Amerikan),Var,Var,Açık Otopark,Hayır,Boş,Hayır,Belirtilmemiş,Belirtilmemiş,Evet,Kat Mülkiyetli,Emlak Ofisinden,Hayır,0.0,2,2,4,858,1238030590,2025-05-08,,,319.0,51041.666666666664
2480000,Yenimahalle Mah.,1238191160,08 Mayıs 2025,120,110,2+1,5,Kombi (Doğalgaz),1,Açık (Amerikan),Yok,Var,Açık Otopark,Hayır,Boş,Hayır,Belirtilmemiş,Belirtilmemiş,Evet,Kat İrtifaklı,Emlak Ofisinden,Hayır,7.5,1,3,5,869,1238191160,2025-05-08,,,319.0,20666.666666666668
2500000,Büyükoyumca Mh.,1238867994,08 Mayıs 2025,56,40,1+1,5,Yerden Isıtma,1,Açık (Amerikan),Var,Var,Açık Otopark,Hayır,Boş,Hayır,Belirtilmemiş,200,Evet,Kat Mülkiyetli,Emlak Ofisinden,Hayır,0.0,2,2,5,881,1238867994,2025-05-08,200,,319.0,44642.857142857145
2500000,Esenevler Mah.,1132999657,08 Mayıs 2025,55,50,1+1,5,Kombi (Doğalgaz),1,Açık (Amerikan),Var,Var,Kapalı Otopark,Hayır,Boş,Hayır,Belirtilmemiş,100,Hayır,Kat İrtifaklı,Emlak Ofisinden,Evet,0.0,3,2,5,887,1132999657,2025-05-08,100,,319.0,45454.545454545456
2565000,Körfez Mh.,1227838742,08 Mayıs 2025,70,60,2+1,6,Yerden Isıtma,1,Açık (Amerikan),Yok,Var,Açık Otopark,Hayır,Boş,Hayır,Belirtilmemiş,Belirtilmemiş,Evet,Kat İrtifaklı,Emlak Ofisinden,Hayır,0.0,0,3,6,925,1227838742,2025-05-08,,,319.0,36642.857142857145
2600000,Yenimahalle Mah.,1228059661,08 Mayıs 2025,65,50,1+1,6,Kombi (Doğalgaz),1,Açık (Amerikan),Var,Var,Açık Otopark,Hayır,Boş,Hayır,Belirtilmemiş,250,Evet,Müstakil Tapulu,Emlak Ofisinden,Evet,0.0,1,2,6,947,1228059661,2025-05-08,250,,319.0,40000.0
2650000,Büyükkolpınar Mh.,1227961901,08 Mayıs 2025,110,100,2+1,4,Kombi (Doğalgaz),2,Kapalı,Var,Var,Açık Otopark,Hayır,Boş,Hayır,Belirtilmemiş,Belirtilmemiş,Evet,Kat İrtifaklı,Emlak Ofisinden,Evet,0.0,1,3,4,964,1227961901,2025-05-08,,,319.0,24090.909090909092
2650000,Küçükkolpınar Mh.,1238651459,08 Mayıs 2025,100,80,2+1,4,Yerden Isıtma,2,Kapalı,Yok,Var,Açık Otopark,Hayır,Boş,Hayır,Belirtilmemiş,Belirtilmemiş,Evet,Kat Mülkiyetli,Emlak Ofisinden,Evet,0.0,1,3,4,979,1238651459,2025-05-08,,,319.0,26500.0
2650000,Yenimahalle Mah.,1245155446,08 Mayıs 2025,52,45,1+1,6,Yerden Isıtma,1,Açık (Amerikan),Var,Var,Açık Otopark,Hayır,Boş,Hayır,Belirtilmemiş,Belirtilmemiş,Hayır,Kat İrtifaklı,Emlak Ofisinden,Hayır,0.0,2,2,6,987,1245155446,2025-05-08,,,319.0,50961.53846153846
2650000,Yenimahalle Mah.,1180636699,08 Mayıs 2025,65,60,1+1,5,Kombi (Doğalgaz),1,Açık (Amerikan),Var,Var,Açık Otopark,Hayır,Mülk Sahibi,Hayır,Belirtilmemiş,Belirtilmemiş,Evet,Kat Mülkiyetli,Emlak Ofisinden,Evet,3.0,5,2,5,989,1180636699,2025-05-08,,,319.0,40769.230769230766
2800000,Büyükoyumca Mh.,1245090459,08 Mayıs 2025,110,100,3+1,5,Kombi (Doğalgaz),2,Kapalı,Var,Var,Açık Otopark,Hayır,Boş,Hayır,Belirtilmemiş,Belirtilmemiş,Evet,Kat İrtifaklı,Emlak Ofisinden,Hayır,0.0,3,4,5,1069,1245090459,2025-05-08,,,319.0,25454.545454545456
2835000,Yenimahalle Mah.,1233397604,08 Mayıs 2025,55,50,1+1,5,Yerden Isıtma,1,Açık (Amerikan),Var,Var,Açık Otopark,Hayır,Boş,Hayır,Belirtilmemiş,Belirtilmemiş,Hayır,Kat Mülkiyetli,Emlak Ofisinden,Hayır,0.0,5,2,5,1084,1233397604,2025-05-08,,,319.0,51545.454545454544
2900000,Körfez Mh.,1231190735,08 Mayıs 2025,65,57,1+1,4,Yerden Isıtma,1,Açık (Amerikan),Var,Var,Açık Otopark,Hayır,Boş,Hayır,Belirtilmemiş,Belirtilmemiş,Evet,Kat Mülkiyetli,Emlak Ofisinden,Hayır,0.0,4,2,4,1120,1231190735,2025-05-08,,,319.0,44615.38461538462
2985000,Çakırlar Mh.,1238807085,08 Mayıs 2025,65,60,1+1,4,Yerden Isıtma,1,Açık (Amerikan),Var,Var,Açık & Kapalı Otopark,Hayır,Boş,Evet,Belirtilmemiş,Belirtilmemiş,Evet,Kat Mülkiyetli,Emlak Ofisinden,Hayır,0.0,0,2,4,1154,1238807085,2025-05-08,,,319.0,45923.07692307692
2990000,İstiklal Mh.,1245069437,08 Mayıs 2025,92,85,2+1,5,Yerden Isıtma,1,Kapalı,Var,Var,Açık Otopark,Hayır,Boş,Hayır,Belirtilmemiş,400,Evet,Kat İrtifaklı,Emlak Ofisinden,Hayır,0.0,5,3,5,1156,1245069437,2025-05-08,400,,319.0,32500.0
3000000,Büyükoyumca Mh.,1245066932,08 Mayıs 2025,45,40,1+1,4,Kombi (Doğalgaz),1,Açık (Amerikan),Var,Var,Açık & Kapalı Otopark,Hayır,Boş,Hayır,Belirtilmemiş,Belirtilmemiş,Evet,Kat İrtifaklı,Emlak Ofisinden,Evet,0.0,1,2,4,1165,1245066932,2025-05-08,,,319.0,66666.66666666667
3000000,Esenevler Mah.,1238902169,08 Mayıs 2025,95,83,2+1,6,Kombi (Doğalgaz),1,Açık (Amerikan),Var,Var,Açık Otopark,Hayır,Kiracılı,Hayır,Belirtilmemiş,Belirtilmemiş,Evet,Kat Mülkiyetli,Emlak Ofisinden,Hayır,4.0,2,3,6,1168,1238902169,2025-05-08,,,319.0,31578.947368421053
3100000,Körfez Mh.,1245161102,08 Mayıs 2025,58,49,1+1,5,Yerden Isıtma,1,Açık (Amerikan),Var,Var,Açık Otopark,Belirtilmemiş,Boş,Hayır,Belirtilmemiş,Belirtilmemiş,Evet,Kat Mülkiyetli,Emlak Ofisinden,Evet,0.0,1,2,5,1205,1245161102,2025-05-08,,,319.0,53448.275862068964
3100000,Küçükkolpınar Mh.,1242125907,08 Mayıs 2025,95,85,2+1,3,Kombi (Doğalgaz),2,Kapalı,Var,Var,Açık Otopark,Hayır,Boş,Hayır,Belirtilmemiş,300,Hayır,Kat Mülkiyetli,Emlak Ofisinden,Evet,3.0,2,3,3,1208,1242125907,2025-05-08,300,,319.0,32631.57894736842
3150000,Yeşildere Mh.,1227432018,08 Mayıs 2025,85,80,2+1,4,Kombi (Doğalgaz),1,Açık (Amerikan),Var,Var,Açık Otopark,Hayır,Kiracılı,Hayır,Belirtilmemiş,Belirtilmemiş,Evet,Kat Mülkiyetli,Emlak Ofisinden,Evet,2.0,2,3,4,1232,1227432018,2025-05-08,,,319.0,37058.82352941176
3250000,Atakent Mh.,1238696521,08 Mayıs 2025,120,108,2+1,8,Kombi (Doğalgaz),2,Kapalı,Var,Var,Açık Otopark,Hayır,Mülk Sahibi,Evet,Belirtilmemiş,550,Evet,Kat Mülkiyetli,Emlak Ofisinden,Hayır,4.0,1,3,8,1284,1238696521,2025-05-08,550,,319.0,27083.333333333332
3500000,Çobanözü Mh.,1236095275,08 Mayıs 2025,100,95,2+1,9,Kombi (Doğalgaz),2,Açık (Amerikan),Var,Var,Açık Otopark,Hayır,Boş,Hayır,Belirtilmemiş,Belirtilmemiş,Evet,Kat İrtifaklı,Emlak Ofisinden,Evet,0.0,8,3,9,1356,1236095275,2025-05-08,,,319.0,35000.0
3550000,Atakent Mh.,1238761185,08 Mayıs 2025,145,135,3+1,8,Kombi (Doğalgaz),1,Kapalı,Var,Var,Açık Otopark,Hayır,Mülk Sahibi,Hayır,Belirtilmemiş,Belirtilmemiş,Evet,Kat Mülkiyetli,Emlak Ofisinden,Hayır,7.5,0,4,8,1396,1238761185,2025-05-08,,,319.0,24482.758620689656
3795000,Büyükkolpınar Mh.,1221183155,08 Mayıs 2025,110,100,2+1,4,Kombi (Doğalgaz),2,Kapalı,Var,Var,Açık Otopark,Hayır,Boş,Hayır,Belirtilmemiş,Belirtilmemiş,Evet,Kat Mülkiyetli,Emlak Ofisinden,Evet,0.0,1,3,4,1487,1221183155,2025-05-08,,,319.0,34500.0
3850000,Balaç Mh.,1245130826,08 Mayıs 2025,155,145,3+1,9,Kombi (Doğalgaz),1,Açık (Amerikan),Var,Var,Açık Otopark,Evet,Boş,Evet,Mimar Sinan Evleri,100,Evet,Kat Mülkiyetli,Emlak Ofisinden,Hayır,7.5,8,4,9,1502,1245130826,2025-05-08,100,,319.0,24838.709677419356
4100000,Alanlı Mh.,1245004723,08 Mayıs 2025,100,88,1+1,6,Kombi (Doğalgaz),2,Açık (Amerikan),Var,Var,Açık Otopark,Hayır,Boş,Hayır,Belirtilmemiş,Belirtilmemiş,Evet,Kat Mülkiyetli,Emlak Ofisinden,Evet,0.0,1,2,6,1612,1245004723,2025-05-08,,,319.0,41000.0
4150000,Küçükkolpınar Mh.,1187306760,08 Mayıs 2025,150,135,3+1,6,Kombi (Doğalgaz),2,Kapalı,Var,Var,Açık Otopark,Hayır,Mülk Sahibi,Hayır,Belirtilmemiş,Belirtilmemiş,Evet,Kat Mülkiyetli,Emlak Ofisinden,Hayır,7.5,3,4,6,1639,1187306760,2025-05-08,,,319.0,27666.666666666668
4199000,Balaç Mh.,1245136713,08 Mayıs 2025,145,135,3+1,5,Kombi (Doğalgaz),2,Kapalı,Var,Var,Açık Otopark,Hayır,Boş,Hayır,Belirtilmemiş,Belirtilmemiş,Evet,Kat Mülkiyetli,Emlak Ofisinden,Evet,4.0,5,4,5,1644,1245136713,2025-05-08,,,319.0,28958.620689655174
4200000,İncesu Yalı Mh.,1238802371,08 Mayıs 2025,110,100,2+1,5,Yerden Isıtma,2,Kapalı,Var,Var,Açık Otopark,Hayır,Boş,Hayır,Belirtilmemiş,Belirtilmemiş,Evet,Kat İrtifaklı,Emlak Ofisinden,Evet,0.0,4,3,5,1649,1238802371,2025-05-08,,,319.0,38181.818181818184
4250000,Camii Mh.,1239250054,08 Mayıs 2025,116,90,3+1,5,Yerden Isıtma,2,Kapalı,Var,Var,Açık Otopark,Hayır,Boş,Hayır,Belirtilmemiş,Belirtilmemiş,Evet,Kat İrtifaklı,Sahibinden,Evet,0.0,2,4,5,1660,1239250054,2025-05-08,,,319.0,36637.93103448276
4250000,Çobanlı Mh.,1245095275,08 Mayıs 2025,155,140,3+1,9,Kombi (Doğalgaz),2,Kapalı,Var,Var,Açık Otopark,Hayır,Boş,Hayır,Belirtilmemiş,Belirtilmemiş,Evet,Kat Mülkiyetli,Emlak Ofisinden,Hayır,3.0,4,4,9,1661,1245095275,2025-05-08,,,319.0,27419.354838709678
4325000,Yenimahalle Mah.,1238817306,08 Mayıs 2025,140,125,3+1,5,Kombi (Doğalgaz),1,Kapalı,Var,Var,Açık Otopark,Hayır,Mülk Sahibi,Hayır,Belirtilmemiş,Belirtilmemiş,Evet,Kat Mülkiyetli,Emlak Ofisinden,Hayır,7.5,5,4,5,1694,1238817306,2025-05-08,,,319.0,30892.85714285714
4500000,Alanlı Mh.,1245168586,08 Mayıs 2025,110,90,2+1,6,Kombi (Doğalgaz),2,Kapalı,Var,Var,Açık Otopark,Belirtilmemiş,Boş,Hayır,Belirtilmemiş,Belirtilmemiş,Belirtilmemiş,Kat Mülkiyetli,Emlak Ofisinden,Hayır,1.0,1,3,6,1751,1245168586,2025-05-08,,,319.0,40909.09090909091
4500000,Atakent Mh.,1245135674,08 Mayıs 2025,140,125,3+1,5,Kombi (Doğalgaz),2,Kapalı,Var,Var,Açık Otopark,Hayır,Mülk Sahibi,Hayır,Belirtilmemiş,Belirtilmemiş,Evet,Kat Mülkiyetli,Emlak Ofisinden,Hayır,7.5,1,4,5,1755,1245135674,2025-05-08,,,319.0,32142.85714285714
4750000,Büyükkolpınar Mh.,1245127139,08 Mayıs 2025,155,135,3+1,4,Kombi (Doğalgaz),2,Kapalı,Var,Var,Açık Otopark,Hayır,Boş,Hayır,Belirtilmemiş,Belirtilmemiş,Evet,Kat İrtifaklı,Emlak Ofisinden,Evet,0.0,4,4,4,1827,1245127139,2025-05-08,,,319.0,30645.16129032258
4850000,Körfez Mh.,1245131494,08 Mayıs 2025,57,50,1+1,4,Kombi (Doğalgaz),1,Açık (Amerikan),Var,Var,Açık & Kapalı Otopark,Hayır,Boş,Hayır,Belirtilmemiş,Belirtilmemiş,Hayır,Kat Mülkiyetli,Sahibinden,Hayır,0.0,2,2,4,1850,1245131494,2025-05-08,,,319.0,85087.71929824562
4900000,Güzelyalı Mh.,1224217401,08 Mayıs 2025,60,55,1+1,5,Yerden Isıtma,1,Açık (Amerikan),Var,Var,Açık & Kapalı Otopark,Hayır,Boş,Hayır,Belirtilmemiş,Belirtilmemiş,Hayır,Kat İrtifaklı,Emlak Ofisinden,Evet,0.0,2,2,5,1861,1224217401,2025-05-08,,,319.0,81666.66666666667
5000000,Atakent Mh.,1244984215,08 Mayıs 2025,150,135,3+1,9,Kombi (Doğalgaz),2,Kapalı,Var,Var,Açık Otopark,Hayır,Boş,Hayır,Belirtilmemiş,Belirtilmemiş,Evet,Kat Mülkiyetli,Emlak Ofisinden,Hayır,7.5,3,4,9,1909,1244984215,2025-05-08,,,319.0,33333.333333333336
5250000,Atakent Mh.,1137471347,08 Mayıs 2025,130,120,3+1,5,Kombi (Doğalgaz),2,Kapalı,Var,Var,Açık Otopark,Hayır,Boş,Hayır,Belirtilmemiş,150,Evet,Kat İrtifaklı,Emlak Ofisinden,Hayır,0.0,4,4,5,1955,1137471347,2025-05-08,150,,319.0,40384.61538461538
5499000,Mevlana Mah.,1210858283,08 Mayıs 2025,155,135,3+1,4,Yerden Isıtma,2,Kapalı,Var,Var,Açık Otopark,Hayır,Boş,Hayır,Belirtilmemiş,Belirtilmemiş,Evet,Kat İrtifaklı,Emlak Ofisinden,Evet,0.0,2,4,4,1990,1210858283,2025-05-08,,,319.0,35477.41935483871
5500000,İstiklal Mh.,1238761770,08 Mayıs 2025,220,190,4+1,4,Kombi (Doğalgaz),2,Kapalı,Var,Var,Açık Otopark,Hayır,Mülk Sahibi,Hayır,Belirtilmemiş,Belirtilmemiş,Evet,Kat Mülkiyetli,Emlak Ofisinden,Evet,7.5,2,5,4,2001,1238761770,2025-05-08,,,319.0,25000.0
5500000,Atakent Mh.,1245078076,08 Mayıs 2025,145,130,3+1,7,Yerden Isıtma,2,Kapalı,Var,Var,Açık Otopark,Hayır,Boş,Hayır,Belirtilmemiş,0,Evet,Kat Mülkiyetli,Emlak Ofisinden,Evet,0.0,2,4,7,2014,1245078076,2025-05-08,0,,319.0,37931.03448275862
5500000,Yenimahalle Mah.,1179631742,08 Mayıs 2025,90,78,2+1,6,Kombi (Doğalgaz),1,Açık (Amerikan),Var,Var,Açık Otopark,Hayır,Boş,Evet,Belirtilmemiş,Belirtilmemiş,Evet,Kat Mülkiyetli,Emlak Ofisinden,Evet,0.0,4,3,6,2016,1179631742,2025-05-08,,,319.0,61111.11111111111
5650000,Alanlı Mh.,1245019083,08 Mayıs 2025,175,150,3+1,6,Kombi (Doğalgaz),2,Kapalı,Var,Var,Açık Otopark,Hayır,Boş,Hayır,Belirtilmemiş,Belirtilmemiş,Belirtilmemiş,Kat Mülkiyetli,Emlak Ofisinden,Hayır,2.0,1,4,6,2039,1245019083,2025-05-08,,,319.0,32285.714285714286
5699000,Atakent Mh.,1245085989,08 Mayıs 2025,160,140,3+1,7,Kombi (Doğalgaz),2,Kapalı,Var,Var,Açık Otopark,Belirtilmemiş,Mülk Sahibi,Hayır,Belirtilmemiş,Belirtilmemiş,Evet,Kat Mülkiyetli,Emlak Ofisinden,Evet,13.0,5,4,7,2048,1245085989,2025-05-08,,,319.0,35618.75
5800000,Atakent Mh.,1238175810,08 Mayıs 2025,180,153,4+1,8,Kombi (Doğalgaz),2,Açık (Amerikan),Var,Var,Açık Otopark,Hayır,Boş,Evet,Belirtilmemiş,Belirtilmemiş,Evet,Kat Mülkiyetli,Emlak Ofisinden,Evet,0.0,5,5,8,2070,1238175810,2025-05-08,,,319.0,32222.222222222223
5900000,Küçükkolpınar Mh.,1245073635,08 Mayıs 2025,160,135,3+1,6,Yerden Isıtma,2,Kapalı,Var,Var,Açık Otopark,Hayır,Boş,Hayır,Belirtilmemiş,Belirtilmemiş,Evet,Kat Mülkiyetli,Emlak Ofisinden,Evet,0.0,3,4,6,2081,1245073635,2025-05-08,,,319.0,36875.0
6000000,Camii Mh.,1245070118,08 Mayıs 2025,170,160,3+1,4,Kombi (Doğalgaz),2,Kapalı,Var,Var,Açık Otopark,Hayır,Boş,Hayır,Belirtilmemiş,350,Hayır,Kat İrtifaklı,Emlak Ofisinden,Hayır,4.0,2,4,4,2102,1245070118,2025-05-08,350,,319.0,35294.117647058825
6000000,Sarayköy Mh.,1245106173,08 Mayıs 2025,168,145,3+1,7,Kombi (Doğalgaz),2,Kapalı,Var,Var,Açık Otopark,Hayır,Boş,Hayır,Belirtilmemiş,Belirtilmemiş,Evet,Kat Mülkiyetli,Emlak Ofisinden,Evet,0.0,5,4,7,2112,1245106173,2025-05-08,,,319.0,35714.28571428572
6000000,Atakent Mh.,1220172855,08 Mayıs 2025,155,130,3+1,8,Yerden Isıtma,2,Kapalı,Var,Var,Açık Otopark,Hayır,Boş,Hayır,Belirtilmemiş,Belirtilmemiş,Evet,Kat İrtifaklı,Emlak Ofisinden,Hayır,0.0,4,4,8,2118,1220172855,2025-05-08,,,319.0,38709.67741935484
6000000,Yenimahalle Mah.,1245068240,08 Mayıs 2025,150,135,3+1,6,Kombi (Doğalgaz),2,Kapalı,Var,Var,Açık & Kapalı Otopark,Hayır,Mülk Sahibi,Hayır,Belirtilmemiş,Belirtilmemiş,Evet,Kat Mülkiyetli,Emlak Ofisinden,Hayır,1.0,1,4,6,2120,1245068240,2025-05-08,,,319.0,40000.0
6299999,Atakent Mh.,1232865946,08 Mayıs 2025,131,104,3+1,8,Kombi (Doğalgaz),2,Kapalı,Var,Var,Açık Otopark,Hayır,Boş,Hayır,Belirtilmemiş,250,Evet,Kat İrtifaklı,Emlak Ofisinden,Evet,0.0,7,4,8,2163,1232865946,2025-05-08,250,,319.0,48091.59541984733
6300000,Yenimahalle Mah.,1245153191,08 Mayıs 2025,155,145,3+1,8,Kombi (Doğalgaz),2,Kapalı,Var,Var,Açık Otopark,Hayır,Boş,Hayır,Belirtilmemiş,Belirtilmemiş,Belirtilmemiş,Kat Mülkiyetli,Emlak Ofisinden,Evet,7.5,8,4,8,2166,1245153191,2025-05-08,,,319.0,40645.16129032258
6350000,Yenimahalle Mah.,1238933094,08 Mayıs 2025,120,110,2+1,7,Merkezi (Pay Ölçer),2,Kapalı,Var,Var,Açık & Kapalı Otopark,Hayır,Boş,Evet,İrem Sitesi,Belirtilmemiş,Evet,Kat İrtifaklı,Emlak Ofisinden,Evet,0.0,5,3,7,2170,1238933094,2025-05-08,,,319.0,52916.666666666664
6950000,Güzelyalı Mh.,1213481346,08 Mayıs 2025,95,85,2+1,5,Kombi (Doğalgaz),2,Açık (Amerikan),Var,Var,Açık & Kapalı Otopark,Hayır,Boş,Hayır,Belirtilmemiş,400,Evet,Kat Mülkiyetli,Emlak Ofisinden,Hayır,0.0,3,3,5,2213,1213481346,2025-05-08,400,,319.0,73157.8947368421
6950000,Atakent Mh.,1245063445,08 Mayıs 2025,160,150,3+1,4,Kombi (Doğalgaz),2,Kapalı,Var,Var,Açık & Kapalı Otopark,Hayır,Boş,Hayır,Belirtilmemiş,Belirtilmemiş,Evet,Müstakil Tapulu,Emlak Ofisinden,Evet,2.0,1,4,4,2216,1245063445,2025-05-08,,,319.0,43437.5
8200000,Mimarsinan Mah.,1232001616,08 Mayıs 2025,275,250,4+2,7,Kombi (Doğalgaz),2,Açık (Amerikan),Var,Var,Açık Otopark,Hayır,Boş,Hayır,Belirtilmemiş,400,Evet,Kat Mülkiyetli,Emlak Ofisinden,Hayır,7.5,7,6,7,2275,1232001616,2025-05-08,400,,319.0,29818.18181818182
1500000,Körfez Mh.,1233578755,09 Mayıs 2025,50,40,1+1,5,Kombi (Doğalgaz),1,Açık (Amerikan),Yok,Var,Açık Otopark,Hayır,Boş,Hayır,Belirtilmemiş,300,Evet,Kat İrtifaklı,Emlak Ofisinden,Evet,0.0,1,2,5,35,1233578755,2025-05-09,300,,320.0,30000.0
1550000,Küçükkolpınar Mh.,1245230528,09 Mayıs 2025,75,65,1+1,7,Yerden Isıtma,1,Açık (Amerikan),Yok,Var,Açık Otopark,Hayır,Boş,Hayır,Belirtilmemiş,Belirtilmemiş,Evet,Kat Mülkiyetli,Emlak Ofisinden,Evet,0.0,2,2,7,43,1245230528,2025-05-09,,,320.0,20666.666666666668
1600000,Büyükoyumca Mh.,1242258787,09 Mayıs 2025,54,44,1+1,5,Yerden Isıtma,1,Açık (Amerikan),Var,Var,Açık Otopark,Hayır,Boş,Hayır,Belirtilmemiş,Belirtilmemiş,Evet,Kat Mülkiyetli,Emlak Ofisinden,Evet,0.0,1,2,5,53,1242258787,2025-05-09,,,320.0,29629.62962962963
1650000,Büyükoyumca Mh.,1233255631,09 Mayıs 2025,55,47,1+1,3,Kombi (Doğalgaz),1,Açık (Amerikan),Yok,Var,Açık Otopark,Hayır,Boş,Hayır,Belirtilmemiş,Belirtilmemiş,Evet,Kat Mülkiyetli,Emlak Ofisinden,Evet,0.0,0,2,3,67,1233255631,2025-05-09,,,320.0,30000.0
1655000,Büyükoyumca Mh.,1225452748,09 Mayıs 2025,55,43,1+1,5,Yerden Isıtma,1,Açık (Amerikan),Var,Var,Açık Otopark,Hayır,Boş,Hayır,Belirtilmemiş,Belirtilmemiş,Evet,Kat İrtifaklı,Emlak Ofisinden,Hayır,0.0,1,2,5,76,1225452748,2025-05-09,,,320.0,30090.909090909092
1750000,Küçükkolpınar Mh.,1226066698,09 Mayıs 2025,50,45,1+1,4,Kombi (Doğalgaz),1,Açık (Amerikan),Var,Var,Açık Otopark,Hayır,Mülk Sahibi,Hayır,Belirtilmemiş,Belirtilmemiş,Evet,Kat Mülkiyetli,Emlak Ofisinden,Evet,0.0,0,2,4,141,1226066698,2025-05-09,,,320.0,35000.0
1750000,İncesu Mh.,1232742364,09 Mayıs 2025,65,60,1+1,5,Kombi (Doğalgaz),1,Açık (Amerikan),Var,Var,Açık Otopark,Evet,Kiracılı,Hayır,Belirtilmemiş,200,Evet,Kat Mülkiyetli,Emlak Ofisinden,Hayır,2.0,2,2,5,144,1232742364,2025-05-09,200,,320.0,26923.076923076922
1875000,Büyükoyumca Mh.,1245225954,09 Mayıs 2025,48,42,1+1,6,Yerden Isıtma,1,Açık (Amerikan),Var,Var,Açık Otopark,Hayır,Boş,Hayır,Belirtilmemiş,0,Evet,Kat İrtifaklı,Emlak Ofisinden,Evet,0.0,3,2,6,258,1245225954,2025-05-09,0,,320.0,39062.5
1900000,Büyükoyumca Mh.,1226779921,09 Mayıs 2025,50,42,1+1,5,Yerden Isıtma,1,Açık (Amerikan),Yok,Var,Açık Otopark,Hayır,Boş,Hayır,Belirtilmemiş,0,Evet,Kat İrtifaklı,Emlak Ofisinden,Hayır,0.0,1,2,5,295,1226779921,2025-05-09,0,,320.0,38000.0
1900000,Büyükoyumca Mh.,1225453799,09 Mayıs 2025,55,43,1+1,5,Yerden Isıtma,1,Açık (Amerikan),Var,Var,Yok,Hayır,Boş,Hayır,Belirtilmemiş,Belirtilmemiş,Evet,Kat İrtifaklı,Emlak Ofisinden,Hayır,0.0,5,2,5,298,1225453799,2025-05-09,,,320.0,34545.454545454544
1900000,Yenimahalle Mah.,1245243163,09 Mayıs 2025,55,50,1+1,4,Kombi (Doğalgaz),1,Açık (Amerikan),Var,Var,Açık Otopark,Hayır,Boş,Hayır,Belirtilmemiş,Belirtilmemiş,Evet,Kat Mülkiyetli,Emlak Ofisinden,Hayır,0.0,1,2,4,311,1245243163,2025-05-09,,,320.0,34545.454545454544
1970000,Küçükkolpınar Mh.,1142504666,09 Mayıs 2025,55,42,1+1,4,Kombi (Doğalgaz),1,Açık (Amerikan),Var,Var,Açık Otopark,Hayır,Boş,Hayır,Belirtilmemiş,100,Evet,Kat İrtifaklı,Emlak Ofisinden,Evet,0.0,4,2,4,367,1142504666,2025-05-09,100,,320.0,35818.181818181816
2000000,Atakent Mh.,1245197976,09 Mayıs 2025,57,50,1+1,5,Kombi (Doğalgaz),1,Açık (Amerikan),Var,Var,Açık Otopark,Hayır,Boş,Hayır,Belirtilmemiş,250,Evet,Kat Mülkiyetli,Emlak Ofisinden,Hayır,4.0,5,2,5,433,1245197976,2025-05-09,250,,320.0,35087.71929824561
2040000,Yenimahalle Mah.,1245253161,09 Mayıs 2025,50,45,1+1,5,Kombi (Doğalgaz),1,Açık (Amerikan),Var,Var,Açık Otopark,Evet,Boş,Hayır,Belirtilmemiş,Belirtilmemiş,Evet,Kat Mülkiyetli,Emlak Ofisinden,Hayır,7.5,1,2,5,448,1245253161,2025-05-09,,,320.0,40800.0
2050000,İstiklal Mh.,1227963496,09 Mayıs 2025,55,50,1+1,4,Kombi (Doğalgaz),1,Açık (Amerikan),Var,Var,Açık Otopark,Hayır,Boş,Hayır,Belirtilmemiş,Belirtilmemiş,Evet,Kat Mülkiyetli,Emlak Ofisinden,Evet,0.0,3,2,4,463,1227963496,2025-05-09,,,320.0,37272.72727272727
2100000,Yenimahalle Mah.,1221733112,09 Mayıs 2025,65,55,1+1,2,Kombi (Doğalgaz),1,Açık (Amerikan),Var,Var,Açık Otopark,Hayır,Boş,Hayır,Belirtilmemiş,Belirtilmemiş,Evet,Kat İrtifaklı,Emlak Ofisinden,Evet,0.0,2,2,2,533,1221733112,2025-05-09,,,320.0,32307.69230769231
2190000,Atakent Mh.,1245278208,09 Mayıs 2025,100,85,2+1,5,Kombi (Doğalgaz),1,Açık (Amerikan),Yok,Var,Açık Otopark,Evet,Boş,Hayır,Belirtilmemiş,80,Evet,Kat Mülkiyetli,Emlak Ofisinden,Evet,2.0,0,3,5,601,1245278208,2025-05-09,80,,320.0,21900.0
2200000,İncesu Yalı Mh.,1245169898,09 Mayıs 2025,52,45,1+1,5,Kombi (Doğalgaz),1,Açık (Amerikan),Var,Var,Açık Otopark,Hayır,Boş,Hayır,Belirtilmemiş,Belirtilmemiş,Evet,Kat Mülkiyetli,Emlak Ofisinden,Hayır,0.0,2,2,5,635,1245169898,2025-05-09,,,320.0,42307.692307692305
2250000,Küçükkolpınar Mh.,1227999287,09 Mayıs 2025,55,45,1+1,5,Yerden Isıtma,1,Açık (Amerikan),Var,Var,Açık Otopark,Hayır,Boş,Hayır,Belirtilmemiş,Belirtilmemiş,Evet,Kat Mülkiyetli,Emlak Ofisinden,Evet,0.0,1,2,5,696,1227999287,2025-05-09,,,320.0,40909.09090909091
2250000,Yenimahalle Mah.,1233764975,09 Mayıs 2025,55,50,1+1,9,Merkezi (Pay Ölçer),1,Açık (Amerikan),Yok,Var,Açık & Kapalı Otopark,Evet,Kiracılı,Evet,Ata City,1600,Evet,Kat Mülkiyetli,Emlak Ofisinden,Hayır,7.5,6,2,9,704,1233764975,2025-05-09,1600,,320.0,40909.09090909091
2325000,Atakent Mh.,1245220051,09 Mayıs 2025,55,45,1+1,5,Kombi (Doğalgaz),1,Açık (Amerikan),Var,Var,Açık Otopark,Evet,Boş,Hayır,Belirtilmemiş,Belirtilmemiş,Evet,Kat Mülkiyetli,Emlak Ofisinden,Evet,0.0,2,2,5,765,1245220051,2025-05-09,,,320.0,42272.72727272727
2350000,Yenimahalle Mah.,1224581031,09 Mayıs 2025,60,55,1+1,5,Kombi (Doğalgaz),1,Açık (Amerikan),Var,Var,Yok,Evet,Kiracılı,Hayır,Belirtilmemiş,Belirtilmemiş,Evet,Kat İrtifaklı,Emlak Ofisinden,Hayır,7.5,3,2,5,794,1224581031,2025-05-09,,,320.0,39166.666666666664
2400000,Körfez Mh.,1227972383,09 Mayıs 2025,60,50,1+1,5,Yerden Isıtma,1,Açık (Amerikan),Var,Var,Açık Otopark,Hayır,Boş,Hayır,Belirtilmemiş,Belirtilmemiş,Evet,Kat Mülkiyetli,Emlak Ofisinden,Evet,0.0,3,2,5,827,1227972383,2025-05-09,,,320.0,40000.0
2400000,Atakent Mh.,1245284167,09 Mayıs 2025,65,50,1+1,5,Kombi (Doğalgaz),1,Açık (Amerikan),Var,Var,Açık Otopark,Hayır,Boş,Hayır,Belirtilmemiş,200,Evet,Kat Mülkiyetli,Emlak Ofisinden,Hayır,0.0,5,2,5,830,1245284167,2025-05-09,200,,320.0,36923.07692307692
2500000,Büyükoyumca Mh.,1237597883,09 Mayıs 2025,70,65,2+1,5,Kombi (Doğalgaz),1,Açık (Amerikan),Var,Var,Açık Otopark,Hayır,Boş,Hayır,Belirtilmemiş,1,Evet,Kat İrtifaklı,Emlak Ofisinden,Hayır,0.0,0,3,5,880,1237597883,2025-05-09,1,,320.0,35714.28571428572
2500000,Çobanözü Mh.,1238643172,09 Mayıs 2025,60,50,1+1,6,Kombi (Doğalgaz),1,Açık (Amerikan),Var,Var,Açık Otopark,Hayır,Boş,Hayır,Belirtilmemiş,0,Evet,Kat Mülkiyetli,Emlak Ofisinden,Evet,0.0,2,2,6,884,1238643172,2025-05-09,0,,320.0,41666.666666666664
2600000,Körfez Mh.,1233576744,09 Mayıs 2025,50,40,1+1,5,Kombi (Doğalgaz),1,Açık (Amerikan),Var,Var,Açık Otopark,Hayır,Boş,Hayır,Belirtilmemiş,300,Evet,Kat Mülkiyetli,Emlak Ofisinden,Hayır,1.0,1,2,5,941,1233576744,2025-05-09,300,,320.0,52000.0
2650000,Küçükkolpınar Mh.,1245174284,09 Mayıs 2025,100,90,2+1,5,Kombi (Doğalgaz),2,Kapalı,Var,Var,Açık Otopark,Hayır,Boş,Hayır,Belirtilmemiş,Belirtilmemiş,Evet,Kat Mülkiyetli,Emlak Ofisinden,Evet,0.0,0,3,5,978,1245174284,2025-05-09,,,320.0,26500.0
2650000,Atakent Mh.,1245245543,09 Mayıs 2025,105,95,2+1,6,Kombi (Doğalgaz),2,Kapalı,Var,Var,Açık Otopark,Hayır,Boş,Hayır,Belirtilmemiş,0,Evet,Kat İrtifaklı,Emlak Ofisinden,Evet,0.0,1,3,6,988,1245245543,2025-05-09,0,,320.0,25238.095238095237
2750000,Küçükkolpınar Mh.,1227909709,09 Mayıs 2025,90,80,2+1,6,Yerden Isıtma,1,Açık (Amerikan),Var,Var,Açık Otopark,Hayır,Boş,Hayır,Belirtilmemiş,Belirtilmemiş,Evet,Kat Mülkiyetli,Emlak Ofisinden,Hayır,0.0,1,3,6,1026,1227909709,2025-05-09,,,320.0,30555.555555555555
2750000,Atakent Mh.,1221225887,09 Mayıs 2025,100,90,2+1,5,Kombi (Doğalgaz),1,Açık (Amerikan),Var,Var,Açık Otopark,Hayır,Boş,Hayır,Belirtilmemiş,Belirtilmemiş,Evet,Kat Mülkiyetli,Emlak Ofisinden,Evet,0.0,5,3,5,1048,1221225887,2025-05-09,,,320.0,27500.0
2880000,Cumhuriyet Mah.,1227155662,09 Mayıs 2025,95,85,2+1,6,Kombi (Doğalgaz),1,Kapalı,Var,Var,Açık Otopark,Evet,Boş,Hayır,Belirtilmemiş,Belirtilmemiş,Evet,Kat Mülkiyetli,Emlak Ofisinden,Hayır,7.5,1,3,6,1110,1227155662,2025-05-09,,,320.0,30315.78947368421
2900000,Balaç Mh.,1234673577,09 Mayıs 2025,80,60,2+1,5,Yerden Isıtma,2,Kapalı,Var,Var,Açık Otopark,Hayır,Boş,Hayır,Belirtilmemiş,100,Evet,Kat Mülkiyetli,Emlak Ofisinden,Hayır,0.0,0,3,5,1112,1234673577,2025-05-09,100,,320.0,36250.0
3100000,Yenimahalle Mah.,1245216179,09 Mayıs 2025,90,80,2+1,3,Kombi (Doğalgaz),1,Açık (Amerikan),Var,Var,Açık Otopark,Hayır,Boş,Hayır,Belirtilmemiş,Belirtilmemiş,Evet,Kat Mülkiyetli,Emlak Ofisinden,Evet,3.0,-2,3,3,1219,1245216179,2025-05-09,,,320.0,34444.444444444445
3345000,Balaç Mh.,1220931698,09 Mayıs 2025,145,130,3+1,6,Yerden Isıtma,2,Kapalı,Var,Var,Açık Otopark,Hayır,Boş,Hayır,Belirtilmemiş,Belirtilmemiş,Evet,Kat Mülkiyetli,Emlak Ofisinden,Hayır,0.0,2,4,6,1303,1220931698,2025-05-09,,,320.0,23068.96551724138
3350000,Küçükkolpınar Mh.,1113431379,09 Mayıs 2025,135,125,3+1,6,Kombi (Doğalgaz),1,Kapalı,Var,Var,Yok,Hayır,Boş,Hayır,Belirtilmemiş,100,Evet,Kat İrtifaklı,Emlak Ofisinden,Hayır,18.0,3,4,6,1314,1113431379,2025-05-09,100,,320.0,24814.814814814814
3425000,Yenimahalle Mah.,1218879015,09 Mayıs 2025,110,100,2+1,6,Kombi (Doğalgaz),2,Kapalı,Var,Var,Açık Otopark,Hayır,Mülk Sahibi,Hayır,Belirtilmemiş,300,Hayır,Kat Mülkiyetli,Emlak Ofisinden,Evet,4.0,3,3,6,1334,1218879015,2025-05-09,300,,320.0,31136.363636363636
3625000,Güzelyalı Mh.,1205378075,09 Mayıs 2025,140,130,3+1,5,Kombi (Doğalgaz),1,Kapalı,Var,Var,Açık Otopark,Hayır,Kiracılı,Hayır,Belirtilmemiş,250,Evet,Kat İrtifaklı,Emlak Ofisinden,Hayır,13.0,4,4,5,1418,1205378075,2025-05-09,250,,320.0,25892.85714285714
3750000,Atakent Mh.,1208599052,09 Mayıs 2025,130,120,3+1,5,Kombi (Doğalgaz),1,Kapalı,Var,Var,Açık Otopark,Hayır,Kiracılı,Hayır,Belirtilmemiş,100,Evet,Kat İrtifaklı,Emlak Ofisinden,Hayır,7.5,2,4,5,1472,1208599052,2025-05-09,100,,320.0,28846.153846153848
3890000,Büyükkolpınar Mh.,1205323501,09 Mayıs 2025,140,130,3+1,4,Yerden Isıtma,2,Kapalı,Var,Var,Açık Otopark,Hayır,Boş,Hayır,Belirtilmemiş,200,Evet,Kat Mülkiyetli,Emlak Ofisinden,Hayır,0.0,4,4,4,1522,1205323501,2025-05-09,200,,320.0,27785.714285714286
3950000,Alanlı Mh.,1245242060,09 Mayıs 2025,120,100,3+1,9,Kombi (Doğalgaz),2,Açık (Amerikan),Var,Var,Açık Otopark,Hayır,Boş,Hayır,Belirtilmemiş,500,Evet,Kat İrtifaklı,Emlak Ofisinden,Hayır,0.0,4,4,9,1557,1245242060,2025-05-09,500,,320.0,32916.666666666664
3950000,Atakent Mh.,1245367868,09 Mayıs 2025,130,120,3+1,4,Kombi (Doğalgaz),2,Kapalı,Var,Var,Açık Otopark,Hayır,Kiracılı,Hayır,Belirtilmemiş,250,Evet,Kat Mülkiyetli,Emlak Ofisinden,Hayır,13.0,4,4,4,1563,1245367868,2025-05-09,250,,320.0,30384.615384615383
4050000,Alanlı Mh.,1242283154,09 Mayıs 2025,105,95,2+1,6,Kombi (Doğalgaz),2,Açık (Amerikan),Var,Var,Açık Otopark,Hayır,Boş,Hayır,Belirtilmemiş,300,Evet,Kat Mülkiyetli,Emlak Ofisinden,Hayır,0.0,1,3,6,1598,1242283154,2025-05-09,300,,320.0,38571.42857142857
4100000,Atakent Mh.,1245248882,09 Mayıs 2025,165,140,3+1,9,Kombi (Doğalgaz),1,Kapalı,Var,Var,Açık Otopark,Hayır,Kiracılı,Hayır,Belirtilmemiş,Belirtilmemiş,Evet,Kat Mülkiyetli,Emlak Ofisinden,Hayır,7.5,1,4,9,1626,1245248882,2025-05-09,,,320.0,24848.484848484848
4250000,Yenimahalle Mah.,1245223664,09 Mayıs 2025,117,98,2+1,6,Kombi (Doğalgaz),2,Kapalı,Var,Var,Açık Otopark,Hayır,Boş,Hayır,Belirtilmemiş,200,Evet,Kat Mülkiyetli,Emlak Ofisinden,Evet,1.0,4,3,6,1675,1245223664,2025-05-09,200,,320.0,36324.78632478633
4500000,Büyükkolpınar Mh.,1203466584,09 Mayıs 2025,135,125,3+1,6,Yerden Isıtma,2,Kapalı,Var,Var,Açık Otopark,Hayır,Boş,Hayır,Belirtilmemiş,100,Evet,Kat İrtifaklı,Emlak Ofisinden,Evet,0.0,2,4,6,1758,1203466584,2025-05-09,100,,320.0,33333.333333333336
4600000,Alanlı Mh.,1230495925,09 Mayıs 2025,140,130,3+1,7,Kombi (Doğalgaz),1,Kapalı,Var,Var,Açık Otopark,Hayır,Boş,Hayır,Belirtilmemiş,400,Evet,Kat İrtifaklı,Emlak Ofisinden,Hayır,13.0,2,4,7,1787,1230495925,2025-05-09,400,,320.0,32857.142857142855
4665000,Yenimahalle Mah.,1228079189,09 Mayıs 2025,155,140,3+1,9,Kombi (Doğalgaz),2,Kapalı,Var,Var,Açık Otopark,Hayır,Mülk Sahibi,Hayır,Belirtilmemiş,250,Evet,Kat Mülkiyetli,Emlak Ofisinden,Evet,13.0,3,4,9,1806,1228079189,2025-05-09,250,,320.0,30096.774193548386
4700000,Büyükkolpınar Mh.,1220854423,09 Mayıs 2025,155,138,3+1,4,Kombi (Doğalgaz),2,Kapalı,Var,Var,Açık & Kapalı Otopark,Hayır,Boş,Hayır,Belirtilmemiş,Belirtilmemiş,Evet,Kat Mülkiyetli,Emlak Ofisinden,Evet,0.0,4,4,4,1815,1220854423,2025-05-09,,,320.0,30322.58064516129
4900000,Yenimahalle Mah.,1205904585,09 Mayıs 2025,140,130,3+1,6,Kombi (Doğalgaz),2,Kapalı,Var,Var,Açık Otopark,Hayır,Boş,Hayır,Belirtilmemiş,Belirtilmemiş,Evet,Kat Mülkiyetli,Emlak Ofisinden,Hayır,0.0,6,4,6,1860,1205904585,2025-05-09,,,320.0,35000.0
4950000,Alanlı Mh.,1195365547,09 Mayıs 2025,160,140,3+1,5,Kombi (Doğalgaz),2,Kapalı,Var,Var,Açık Otopark,Hayır,Boş,Hayır,Belirtilmemiş,Belirtilmemiş,Evet,Kat Mülkiyetli,Emlak Ofisinden,Evet,0.0,2,4,5,1867,1195365547,2025-05-09,,,320.0,30937.5
4950000,Küçükkolpınar Mh.,1187758657,09 Mayıs 2025,150,125,3+1,5,Kombi (Doğalgaz),2,Kapalı,Var,Var,Açık Otopark,Hayır,Boş,Hayır,Belirtilmemiş,400,Evet,Kat Mülkiyetli,Emlak Ofisinden,Hayır,4.0,5,4,5,1871,1187758657,2025-05-09,400,,320.0,33000.0
5450000,Büyükoyumca Mh.,1239041623,09 Mayıs 2025,155,135,3+1,5,Yerden Isıtma,2,Kapalı,Var,Var,Açık Otopark,Hayır,Boş,Hayır,Belirtilmemiş,Belirtilmemiş,Evet,Kat Mülkiyetli,Emlak Ofisinden,Evet,0.0,3,4,5,1987,1239041623,2025-05-09,,,320.0,35161.290322580644
5500000,Yenimahalle Mah.,1245287793,09 Mayıs 2025,164,154,4+1,7,Yerden Isıtma,3,Kapalı,Var,Var,Açık Otopark,Hayır,Boş,Hayır,Belirtilmemiş,Belirtilmemiş,Evet,Kat Mülkiyetli,Emlak Ofisinden,Hayır,1.0,2,5,7,2015,1245287793,2025-05-09,,,320.0,33536.58536585366
5550000,Alanlı Mh.,1242320841,09 Mayıs 2025,155,145,3+1,6,Kombi (Doğalgaz),2,Kapalı,Var,Var,Açık Otopark,Hayır,Boş,Hayır,Belirtilmemiş,350,Evet,Kat Mülkiyetli,Emlak Ofisinden,Hayır,0.0,1,4,6,2030,1242320841,2025-05-09,350,,320.0,35806.45161290323
5550000,Atakent Mh.,1228062516,09 Mayıs 2025,170,150,3+1,9,Kombi (Doğalgaz),2,Kapalı,Var,Var,Açık Otopark,Hayır,Boş,Hayır,Belirtilmemiş,Belirtilmemiş,Evet,Kat Mülkiyetli,Emlak Ofisinden,Hayır,7.5,5,4,9,2032,1228062516,2025-05-09,,,320.0,32647.058823529413
5550000,Atakent Mh.,1221511966,09 Mayıs 2025,175,150,3+1,4,Kombi (Doğalgaz),2,Açık (Amerikan),Var,Var,Açık Otopark,Hayır,Mülk Sahibi,Hayır,Belirtilmemiş,Belirtilmemiş,Evet,Kat Mülkiyetli,Emlak Ofisinden,Evet,13.0,4,4,4,2033,1221511966,2025-05-09,,,320.0,31714.285714285714
6700000,Büyükkolpınar Mh.,1227997989,09 Mayıs 2025,170,150,4+1,8,Yerden Isıtma,2,Açık (Amerikan),Var,Var,Açık Otopark,Hayır,Boş,Hayır,Belirtilmemiş,750,Evet,Kat Mülkiyetli,Emlak Ofisinden,Hayır,0.0,8,5,8,2194,1227997989,2025-05-09,750,,320.0,39411.76470588235
1490000,Büyükoyumca Mh.,1222183216,10 Mayıs 2025,39,30,1+1,5,Kombi (Doğalgaz),1,Açık (Amerikan),Var,Var,Açık & Kapalı Otopark,Hayır,Boş,Hayır,Belirtilmemiş,150,Evet,Kat İrtifaklı,Emlak Ofisinden,Hayır,0.0,2,2,5,25,1222183216,2025-05-10,150,,321.0,38205.1282051282
1625000,Büyükoyumca Mh.,1208230577,10 Mayıs 2025,50,45,1+1,5,Kombi (Doğalgaz),1,Açık (Amerikan),Var,Var,Açık Otopark,Belirtilmemiş,Boş,Hayır,Belirtilmemiş,,Belirtilmemiş,Kat Mülkiyetli,Emlak Ofisinden,Hayır,0.0,2,2,5,58,1208230577,2025-05-10,,,321.0,32500.0
1775000,Küçükkolpınar Mh.,1242528079,10 Mayıs 2025,50,45,1+1,4,Kombi (Doğalgaz),1,Açık (Amerikan),Yok,Var,Açık Otopark,Evet,Mülk Sahibi,Hayır,Belirtilmemiş,,Evet,Kat Mülkiyetli,Emlak Ofisinden,Hayır,1.0,0,2,4,152,1242528079,2025-05-10,,,321.0,35500.0
1795000,Yenimahalle Mah.,1233331734,10 Mayıs 2025,60,55,1+1,4,Kombi (Doğalgaz),1,Açık (Amerikan),Var,Var,Açık Otopark,Hayır,Kiracılı,Hayır,Belirtilmemiş,Belirtilmemiş,Evet,Kat Mülkiyetli,Emlak Ofisinden,Evet,0.0,1,2,4,161,1233331734,2025-05-10,,,321.0,29916.666666666668
1895000,Büyükoyumca Mh.,1214117488,10 Mayıs 2025,50,44,1+1,6,Kombi (Doğalgaz),1,Açık (Amerikan),Var,Var,Açık Otopark,Hayır,Boş,Hayır,Belirtilmemiş,100,Evet,Kat Mülkiyetli,Emlak Ofisinden,Evet,0.0,4,2,6,285,1214117488,2025-05-10,100,,321.0,37900.0
1899000,Küçükkolpınar Mh.,1239299204,10 Mayıs 2025,100,85,2+1,4,Kombi (Doğalgaz),1,Açık (Amerikan),Var,Var,Açık Otopark,Belirtilmemiş,Boş,Hayır,Belirtilmemiş,,Evet,Kat Mülkiyetli,Emlak Ofisinden,Evet,4.0,-3,3,4,288,1239299204,2025-05-10,,,321.0,18990.0
2000000,Alanlı Mh.,1233683438,10 Mayıs 2025,60,50,1+1,3,Kombi (Doğalgaz),1,Açık (Amerikan),Var,Var,Açık Otopark,Hayır,Boş,Hayır,Belirtilmemiş,0,Evet,Kat Mülkiyetli,Emlak Ofisinden,Hayır,0.0,2,2,3,403,1233683438,2025-05-10,0,,321.0,33333.333333333336
2000000,Büyükoyumca Mh.,1245398194,10 Mayıs 2025,45,40,1+1,3,Yerden Isıtma,1,Açık (Amerikan),Var,Var,Açık Otopark,Hayır,Boş,Hayır,Belirtilmemiş,Belirtilmemiş,Evet,Kat Mülkiyetli,Emlak Ofisinden,Hayır,0.0,3,2,3,411,1245398194,2025-05-10,,,321.0,44444.444444444445
2000000,İncesu Mh.,1239354838,10 Mayıs 2025,55,45,1+1,4,Kombi (Doğalgaz),1,Açık (Amerikan),Var,Var,Açık Otopark,Hayır,Boş,Hayır,Belirtilmemiş,Belirtilmemiş,Evet,Kat Mülkiyetli,Emlak Ofisinden,Hayır,0.0,2,2,4,438,1239354838,2025-05-10,,,321.0,36363.63636363636
2000000,İncesu Mh.,1233834355,10 Mayıs 2025,50,45,1+1,5,Kombi (Doğalgaz),1,Açık (Amerikan),Var,Var,Açık Otopark,Hayır,Boş,Hayır,Belirtilmemiş,Belirtilmemiş,Evet,Kat İrtifaklı,Emlak Ofisinden,Evet,0.0,2,2,5,439,1233834355,2025-05-10,,,321.0,40000.0
2050000,Büyükoyumca Mh.,1245398512,10 Mayıs 2025,45,40,1+1,3,Yerden Isıtma,1,Açık (Amerikan),Var,Var,Açık Otopark,Evet,Boş,Hayır,Belirtilmemiş,,Evet,Kat Mülkiyetli,Emlak Ofisinden,Hayır,0.0,2,2,3,456,1245398512,2025-05-10,,,321.0,45555.555555555555
2150000,Büyükoyumca Mh.,1233403465,10 Mayıs 2025,55,45,1+1,5,Kombi (Doğalgaz),1,Açık (Amerikan),Var,Var,Açık Otopark,Hayır,Boş,Hayır,Belirtilmemiş,Belirtilmemiş,Evet,Kat İrtifaklı,Emlak Ofisinden,Hayır,0.0,4,2,5,550,1233403465,2025-05-10,,,321.0,39090.90909090909
2165000,Yenimahalle Mah.,1245400259,10 Mayıs 2025,50,45,1+1,6,Kombi (Doğalgaz),1,Açık (Amerikan),Var,Var,Açık Otopark,Evet,Boş,Hayır,Belirtilmemiş,Belirtilmemiş,Evet,Kat Mülkiyetli,Emlak Ofisinden,Evet,4.0,5,2,6,582,1245400259,2025-05-10,,,321.0,43300.0
2200000,Alanlı Mh.,1233679516,10 Mayıs 2025,60,50,1+1,3,Kombi (Doğalgaz),1,Açık (Amerikan),Var,Var,Açık Otopark,Hayır,Boş,Hayır,Belirtilmemiş,0,Evet,Kat Mülkiyetli,Emlak Ofisinden,Hayır,0.0,3,2,3,612,1233679516,2025-05-10,0,,321.0,36666.666666666664
2200000,Küçükkolpınar Mh.,1232019934,10 Mayıs 2025,55,45,1+1,5,Kombi (Doğalgaz),1,Açık (Amerikan),Var,Var,Açık Otopark,Hayır,Boş,Hayır,Belirtilmemiş,250,Evet,Kat Mülkiyetli,Emlak Ofisinden,Evet,1.0,3,2,5,648,1232019934,2025-05-10,250,,321.0,40000.0
2285000,Yenimahalle Mah.,1239364732,10 Mayıs 2025,60,50,1+1,5,Kombi (Doğalgaz),1,Açık (Amerikan),Var,Var,Açık Otopark,Evet,Boş,Hayır,Belirtilmemiş,Belirtilmemiş,Evet,Kat Mülkiyetli,Emlak Ofisinden,Evet,7.5,4,2,5,722,1239364732,2025-05-10,,,321.0,38083.333333333336
2325000,Büyükoyumca Mh.,1238706453,10 Mayıs 2025,55,44,1+1,6,Yerden Isıtma,1,Açık (Amerikan),Var,Var,Açık Otopark,Hayır,Boş,Hayır,Belirtilmemiş,Belirtilmemiş,Belirtilmemiş,Kat İrtifaklı,Emlak Ofisinden,Evet,0.0,2,2,6,760,1238706453,2025-05-10,,,321.0,42272.72727272727
2335000,Yenimahalle Mah.,1225271376,10 Mayıs 2025,55,50,1+1,5,Kombi (Doğalgaz),1,Açık (Amerikan),Var,Var,Açık Otopark,Evet,Boş,Hayır,Belirtilmemiş,Belirtilmemiş,Evet,Kat İrtifaklı,Emlak Ofisinden,Hayır,0.0,5,2,5,769,1225271376,2025-05-10,,,321.0,42454.545454545456
2350000,Yenimahalle Mah.,1245399575,10 Mayıs 2025,120,105,3+1,4,Kombi (Doğalgaz),1,Açık (Amerikan),Var,Yok,Açık Otopark,Hayır,Boş,Hayır,Belirtilmemiş,Belirtilmemiş,Evet,Kat Mülkiyetli,Emlak Ofisinden,Evet,18.0,1,4,4,795,1245399575,2025-05-10,,,321.0,19583.333333333332
2390000,Cumhuriyet Mah.,1226585942,10 Mayıs 2025,80,70,2+1,6,Kombi (Doğalgaz),1,Açık (Amerikan),Yok,Var,Kapalı Otopark,Hayır,Kiracılı,Evet,Belirtilmemiş,Belirtilmemiş,Evet,Kat Mülkiyetli,Emlak Ofisinden,Hayır,2.0,1,3,6,815,1226585942,2025-05-10,,,321.0,29875.0
2435000,Balaç Mh.,1233108326,10 Mayıs 2025,65,60,1+1,3,Kombi (Doğalgaz),1,Açık (Amerikan),Var,Var,Açık Otopark,Hayır,Boş,Hayır,Belirtilmemiş,,Evet,Kat Mülkiyetli,Emlak Ofisinden,Hayır,0.0,1,2,3,839,1233108326,2025-05-10,,,321.0,37461.53846153846
2500000,Alanlı Mh.,1233681530,10 Mayıs 2025,70,60,1+1,3,Kombi (Doğalgaz),1,Açık (Amerikan),Var,Var,Açık Otopark,Hayır,Boş,Hayır,Belirtilmemiş,0,Evet,Kat Mülkiyetli,Emlak Ofisinden,Hayır,0.0,2,2,3,875,1233681530,2025-05-10,0,,321.0,35714.28571428572
2500000,Büyükoyumca Mh.,1233389240,10 Mayıs 2025,70,60,1+1,5,Kombi (Doğalgaz),1,Açık (Amerikan),Var,Var,Açık Otopark,Hayır,Boş,Hayır,Belirtilmemiş,,Hayır,Kat Mülkiyetli,Emlak Ofisinden,Evet,0.0,5,2,5,879,1233389240,2025-05-10,,,321.0,35714.28571428572
2500000,Yenimahalle Mah.,1245393771,10 Mayıs 2025,55,48,1+1,5,Kombi (Doğalgaz),1,Açık (Amerikan),Var,Var,Açık & Kapalı Otopark,Evet,Boş,Hayır,Belirtilmemiş,Belirtilmemiş,Evet,Kat Mülkiyetli,Emlak Ofisinden,Hayır,3.0,5,2,5,901,1245393771,2025-05-10,,,321.0,45454.545454545456
2525000,Çobanözü Mh.,1236711222,10 Mayıs 2025,48,38,1+1,6,Yerden Isıtma,1,Açık (Amerikan),Var,Var,Açık Otopark,Hayır,Boş,Hayır,Belirtilmemiş,,Evet,Kat İrtifaklı,Emlak Ofisinden,Evet,0.0,5,2,6,906,1236711222,2025-05-10,,,321.0,52604.166666666664
2550000,Küçükkolpınar Mh.,1198890523,10 Mayıs 2025,60,48,1+1,5,Yerden Isıtma,1,Açık (Amerikan),Var,Var,Açık Otopark,Hayır,Boş,Hayır,Belirtilmemiş,,Evet,Kat Mülkiyetli,Emlak Ofisinden,Hayır,0.0,2,2,5,917,1198890523,2025-05-10,,,321.0,42500.0
2650000,Atakent Mh.,1245485408,10 Mayıs 2025,105,95,2+1,6,Kombi (Doğalgaz),2,Kapalı,Var,Var,Açık Otopark,Hayır,Boş,Hayır,Belirtilmemiş,0,Evet,Kat Mülkiyetli,Emlak Ofisinden,Evet,0.0,2,3,6,986,1245485408,2025-05-10,0,,321.0,25238.095238095237
2650000,İncesu Mh.,1245463279,10 Mayıs 2025,55,45,1+1,5,Yerden Isıtma,1,Açık (Amerikan),Var,Var,Açık Otopark,Hayır,Boş,Hayır,Belirtilmemiş,100,Belirtilmemiş,Kat Mülkiyetli,Emlak Ofisinden,Hayır,0.0,5,2,5,991,1245463279,2025-05-10,100,,321.0,48181.818181818184
2700000,Küçükkolpınar Mh.,1233895731,10 Mayıs 2025,61,55,2+1,5,Yerden Isıtma,1,Açık (Amerikan),Var,Var,Açık Otopark,Hayır,Boş,Hayır,Belirtilmemiş,300,Evet,Kat İrtifaklı,Emlak Ofisinden,Evet,0.0,1,3,5,1001,1233895731,2025-05-10,300,,321.0,44262.29508196721
2800000,Yenimahalle Mah.,1221514674,10 Mayıs 2025,60,45,1+1,3,Kombi (Doğalgaz),1,Açık (Amerikan),Var,Var,Açık Otopark,Hayır,Boş,Hayır,Belirtilmemiş,0,Evet,Kat Mülkiyetli,Emlak Ofisinden,Hayır,0.0,2,2,3,1081,1221514674,2025-05-10,0,,321.0,46666.666666666664
2850000,Atakent Mh.,1245424526,10 Mayıs 2025,55,45,1+1,5,Kombi (Doğalgaz),1,Açık (Amerikan),Var,Var,Açık Otopark,Hayır,Kiracılı,Hayır,Belirtilmemiş,250,Evet,Kat Mülkiyetli,Emlak Ofisinden,Hayır,4.0,3,2,5,1102,1245424526,2025-05-10,250,,321.0,51818.181818181816
2850000,İncesu Mh.,1233834527,10 Mayıs 2025,60,55,2+0,5,Kombi (Doğalgaz),1,Açık (Amerikan),Var,Var,Açık Otopark,Hayır,Boş,Hayır,Belirtilmemiş,Belirtilmemiş,Evet,Kat İrtifaklı,Emlak Ofisinden,Evet,0.0,1,2,5,1107,1233834527,2025-05-10,,,321.0,47500.0
2950000,Büyükoyumca Mh.,1239341465,10 Mayıs 2025,115,105,2+1,4,Kombi (Doğalgaz),2,Kapalı,Var,Var,Açık Otopark,Hayır,Boş,Hayır,Belirtilmemiş,,Evet,Kat Mülkiyetli,Emlak Ofisinden,Evet,0.0,1,3,4,1132,1239341465,2025-05-10,,,321.0,25652.17391304348
3100000,Yenimahalle Mah.,1190120441,10 Mayıs 2025,140,120,3+1,5,Kombi (Doğalgaz),1,Kapalı,Var,Var,Açık Otopark,Hayır,Boş,Hayır,Belirtilmemiş,200,Hayır,Kat Mülkiyetli,Emlak Ofisinden,Hayır,4.0,1,4,5,1218,1190120441,2025-05-10,200,,321.0,22142.85714285714
3200000,Büyükoyumca Mh.,1228289233,10 Mayıs 2025,110,100,2+1,3,Kombi (Doğalgaz),2,Açık (Amerikan),Var,Var,Açık Otopark,Hayır,Boş,Hayır,Belirtilmemiş,,Belirtilmemiş,Kat İrtifaklı,Emlak Ofisinden,Evet,0.0,3,3,3,1248,1228289233,2025-05-10,,,321.0,29090.909090909092
3395000,Küçükkolpınar Mh.,1222101661,10 Mayıs 2025,135,130,3+1,5,Kombi (Doğalgaz),2,Kapalı,Var,Var,Açık & Kapalı Otopark,Hayır,Boş,Hayır,Belirtilmemiş,,Evet,Kat Mülkiyetli,Emlak Ofisinden,Evet,0.0,1,4,5,1321,1222101661,2025-05-10,,,321.0,25148.14814814815
3490000,Akalan Mh.,1228900823,10 Mayıs 2025,100,90,2+0,1,Soba,1,Kapalı,Var,Yok,Açık Otopark,Evet,Boş,Hayır,Belirtilmemiş,,Evet,Arsa Tapulu,Emlak Ofisinden,Evet,0.0,0,2,1,1345,1228900823,2025-05-10,,,321.0,34900.0
3600000,Atakent Mh.,1216912857,10 Mayıs 2025,140,125,3+1,9,Kombi (Doğalgaz),1,Kapalı,Var,Var,Açık Otopark,Hayır,Mülk Sahibi,Hayır,Belirtilmemiş,Belirtilmemiş,Hayır,Kat Mülkiyetli,Emlak Ofisinden,Hayır,4.0,0,4,9,1413,1216912857,2025-05-10,,,321.0,25714.285714285714
3650000,Büyükoyumca Mh.,1239378191,10 Mayıs 2025,95,80,2+1,6,Kombi (Doğalgaz),2,Açık (Amerikan),Var,Var,Açık & Kapalı Otopark,Hayır,Boş,Hayır,Belirtilmemiş,,Evet,Kat İrtifaklı,Emlak Ofisinden,Hayır,0.0,1,3,6,1422,1239378191,2025-05-10,,,321.0,38421.05263157895
3650000,Cumhuriyet Mah.,1239474124,10 Mayıs 2025,125,110,3+1,4,Kombi (Doğalgaz),1,Kapalı,Var,Var,Yok,Hayır,Boş,Hayır,Belirtilmemiş,400,Evet,Kat İrtifaklı,Emlak Ofisinden,Evet,7.5,3,4,4,1435,1239474124,2025-05-10,400,,321.0,29200.0
3750000,Balaç Mh.,1116613292,10 Mayıs 2025,130,110,3+0,7,Kombi (Doğalgaz),2,Açık (Amerikan),Var,Var,Açık Otopark,Hayır,Boş,Hayır,Belirtilmemiş,Belirtilmemiş,Evet,Kat Mülkiyetli,Emlak Ofisinden,Evet,0.0,3,3,7,1457,1116613292,2025-05-10,,,321.0,28846.153846153848
3850000,Atakent Mh.,1245455888,10 Mayıs 2025,160,145,3+1,5,Kombi (Doğalgaz),2,Kapalı,Var,Var,Açık Otopark,Hayır,Boş,Hayır,Belirtilmemiş,300,Evet,Kat Mülkiyetli,Emlak Ofisinden,Evet,7.5,2,4,5,1510,1245455888,2025-05-10,300,,321.0,24062.5
3850000,Atakent Mh.,1245436161,10 Mayıs 2025,125,105,3+1,6,Kombi (Doğalgaz),2,Kapalı,Var,Var,Açık Otopark,Hayır,Boş,Hayır,Belirtilmemiş,Belirtilmemiş,Evet,Kat Mülkiyetli,Emlak Ofisinden,Hayır,7.5,1,4,6,1511,1245436161,2025-05-10,,,321.0,30800.0
3900000,Yenimahalle Mah.,1245442856,10 Mayıs 2025,145,125,3+1,7,Kombi (Doğalgaz),1,Kapalı,Var,Var,Açık Otopark,Belirtilmemiş,Boş,Evet,Bulvar Kent Sitesi,450,Evet,Kat Mülkiyetli,Emlak Ofisinden,Hayır,13.0,6,4,7,1541,1245442856,2025-05-10,450,,321.0,26896.55172413793
3950000,Atakent Mh.,1221834416,10 Mayıs 2025,145,130,3+1,5,Kombi (Doğalgaz),2,Kapalı,Var,Var,Açık Otopark,Hayır,Boş,Hayır,Belirtilmemiş,Belirtilmemiş,Evet,Kat Mülkiyetli,Emlak Ofisinden,Evet,0.0,1,4,5,1562,1221834416,2025-05-10,,,321.0,27241.379310344826
3950000,Yenimahalle Mah.,1237935768,10 Mayıs 2025,160,135,3+1,9,Kombi (Doğalgaz),2,Kapalı,Var,Var,Açık Otopark,Hayır,Boş,Hayır,Belirtilmemiş,Belirtilmemiş,Evet,Kat Mülkiyetli,Emlak Ofisinden,Hayır,4.0,2,4,9,1564,1237935768,2025-05-10,,,321.0,24687.5
4150000,Atakent Mh.,1219112978,10 Mayıs 2025,135,125,3+1,5,Kombi (Doğalgaz),2,Kapalı,Var,Var,Açık Otopark,Hayır,Kiracılı,Hayır,Belirtilmemiş,Belirtilmemiş,Belirtilmemiş,Kat Mülkiyetli,Emlak Ofisinden,Evet,13.0,4,4,5,1641,1219112978,2025-05-10,,,321.0,30740.74074074074
4250000,Yenimahalle Mah.,1210654033,10 Mayıs 2025,110,90,2+1,5,Kombi (Doğalgaz),2,Kapalı,Var,Var,Açık Otopark,Hayır,Kiracılı,Hayır,Belirtilmemiş,Belirtilmemiş,Evet,Kat Mülkiyetli,Emlak Ofisinden,Hayır,4.0,5,3,5,1674,1210654033,2025-05-10,,,321.0,38636.36363636364
4300000,Yenimahalle Mah.,1245460946,10 Mayıs 2025,130,110,3+1,5,Yerden Isıtma,2,Açık (Amerikan),Var,Var,Açık & Kapalı Otopark,Hayır,Boş,Hayır,Belirtilmemiş,250,Evet,Kat İrtifaklı,Emlak Ofisinden,Hayır,0.0,2,4,5,1690,1245460946,2025-05-10,250,,321.0,33076.92307692308
4300000,Yenimahalle Mah.,1239362291,10 Mayıs 2025,140,130,3+1,6,Yerden Isıtma,2,Kapalı,Var,Var,Açık Otopark,Hayır,Boş,Hayır,Belirtilmemiş,200,Evet,Kat Mülkiyetli,Emlak Ofisinden,Evet,0.0,1,4,6,1691,1239362291,2025-05-10,200,,321.0,30714.285714285714
4400000,Büyükkolpınar Mh.,1236768562,10 Mayıs 2025,145,133,3+1,5,Yerden Isıtma,2,Kapalı,Var,Var,Açık Otopark,Hayır,Boş,Evet,Belirtilmemiş,Belirtilmemiş,Hayır,Kat İrtifaklı,Emlak Ofisinden,Evet,0.0,4,4,5,1725,1236768562,2025-05-10,,,321.0,30344.827586206895
4450000,Güzelyalı Mh.,1245449305,10 Mayıs 2025,130,120,3+1,6,Kombi (Doğalgaz),1,Açık (Amerikan),Var,Var,Açık Otopark,Hayır,Boş,Hayır,Belirtilmemiş,Belirtilmemiş,Evet,Kat Mülkiyetli,Emlak Ofisinden,Hayır,18.0,6,4,6,1741,1245449305,2025-05-10,,,321.0,34230.769230769234
4550000,Yenimahalle Mah.,1245541349,10 Mayıs 2025,135,130,3+1,6,Kombi (Doğalgaz),1,Kapalı,Var,Var,Açık Otopark,Hayır,Boş,Hayır,Belirtilmemiş,200,Evet,Kat Mülkiyetli,Emlak Ofisinden,Hayır,13.0,4,4,6,1781,1245541349,2025-05-10,200,,321.0,33703.7037037037
4700000,Balaç Mh.,1123069283,10 Mayıs 2025,160,148,3+1,7,Kombi (Doğalgaz),2,Kapalı,Var,Var,Kapalı Otopark,Hayır,Boş,Hayır,Belirtilmemiş,0,Evet,Kat Mülkiyetli,Emlak Ofisinden,Evet,0.0,6,4,7,1813,1123069283,2025-05-10,0,,321.0,29375.0
4795000,Balaç Mh.,1227868971,10 Mayıs 2025,145,137,3+1,6,Kombi (Doğalgaz),2,Kapalı,Var,Var,Açık Otopark,Hayır,Boş,Hayır,Belirtilmemiş,Belirtilmemiş,Evet,Kat Mülkiyetli,Emlak Ofisinden,Evet,1.0,5,4,6,1838,1227868971,2025-05-10,,,321.0,33068.96551724138
4950000,Güzelyalı Mh.,1234010919,10 Mayıs 2025,125,110,2+1,6,Kombi (Doğalgaz),1,Kapalı,Var,Var,Açık Otopark,Hayır,Boş,Hayır,Belirtilmemiş,Belirtilmemiş,Belirtilmemiş,Kat Mülkiyetli,Emlak Ofisinden,Hayır,13.0,5,3,6,1880,1234010919,2025-05-10,,,321.0,39600.0
4990000,Atakent Mh.,1207423245,10 Mayıs 2025,140,130,3+1,6,Kombi (Doğalgaz),1,Açık (Amerikan),Var,Var,Açık Otopark,Evet,Mülk Sahibi,Hayır,Belirtilmemiş,250,Evet,Kat Mülkiyetli,Emlak Ofisinden,Hayır,13.0,1,4,6,1890,1207423245,2025-05-10,250,,321.0,35642.857142857145
5200000,Büyükoyumca Mh.,1233938727,10 Mayıs 2025,165,140,3+1,4,Kombi (Doğalgaz),2,Kapalı,Var,Var,Açık Otopark,Hayır,Boş,Hayır,Belirtilmemiş,Belirtilmemiş,Evet,Kat Mülkiyetli,Emlak Ofisinden,Evet,0.0,1,4,4,1935,1233938727,2025-05-10,,,321.0,31515.151515151516
5300000,Yenimahalle Mah.,1245445376,10 Mayıs 2025,150,140,3+1,5,Yerden Isıtma,2,Açık (Amerikan),Var,Var,Açık & Kapalı Otopark,Hayır,Boş,Hayır,Belirtilmemiş,250,Evet,Kat İrtifaklı,Emlak Ofisinden,Hayır,0.0,5,4,5,1967,1245445376,2025-05-10,250,,321.0,35333.333333333336
5499000,Büyükkolpınar Mh.,1195884612,10 Mayıs 2025,155,145,3+1,4,Yerden Isıtma,2,Kapalı,Var,Var,Açık Otopark,Hayır,Boş,Hayır,Belirtilmemiş,Belirtilmemiş,Evet,Kat Mülkiyetli,Emlak Ofisinden,Evet,0.0,2,4,4,1988,1195884612,2025-05-10,,,321.0,35477.41935483871
5500000,Balaç Mh.,1239324862,10 Mayıs 2025,160,135,3+1,5,Yerden Isıtma,2,Kapalı,Var,Var,Açık Otopark,Hayır,Boş,Hayır,Belirtilmemiş,100,Evet,Kat Mülkiyetli,Emlak Ofisinden,Hayır,0.0,4,4,5,1994,1239324862,2025-05-10,100,,321.0,34375.0
5500000,Küçükkolpınar Mh.,1239330332,10 Mayıs 2025,60,45,1+1,4,Kombi (Elektrik),1,Açık (Amerikan),Var,Var,Açık & Kapalı Otopark,Hayır,Boş,Hayır,Belirtilmemiş,,Evet,Kat İrtifaklı,Emlak Ofisinden,Evet,0.0,1,2,4,2002,1239330332,2025-05-10,,,321.0,91666.66666666667
5500000,Küçükkolpınar Mh.,1245443172,10 Mayıs 2025,150,140,3+1,8,Kombi (Doğalgaz),2,Kapalı,Var,Var,Açık Otopark,Hayır,Boş,Hayır,Belirtilmemiş,200,Evet,Kat Mülkiyetli,Emlak Ofisinden,Hayır,0.0,4,4,8,2003,1245443172,2025-05-10,200,,321.0,36666.666666666664
5550000,Alanlı Mh.,1242481309,10 Mayıs 2025,145,135,3+1,9,Kombi (Doğalgaz),2,Kapalı,Var,Var,Açık Otopark,Hayır,Boş,Hayır,Belirtilmemiş,350,Evet,Kat Mülkiyetli,Emlak Ofisinden,Hayır,3.0,2,4,9,2029,1242481309,2025-05-10,350,,321.0,38275.862068965514
6000000,Balaç Mh.,1245489944,10 Mayıs 2025,175,152,3+1,8,Kombi (Doğalgaz),2,Açık (Amerikan),Var,Var,Açık Otopark,Hayır,Boş,Hayır,Belirtilmemiş,,Evet,Kat Mülkiyetli,Emlak Ofisinden,Evet,4.0,4,4,8,2098,1245489944,2025-05-10,,,321.0,34285.71428571428
6350000,Küçükkolpınar Mh.,1245419835,10 Mayıs 2025,155,135,3+1,4,Kombi (Doğalgaz),2,Kapalı,Var,Var,Açık Otopark,Hayır,Boş,Hayır,Belirtilmemiş,500,Hayır,Kat Mülkiyetli,Emlak Ofisinden,Evet,0.0,1,4,4,2168,1245419835,2025-05-10,500,,321.0,40967.74193548387
6350000,Atakent Mh.,1194790845,10 Mayıs 2025,175,158,3+1,5,Kombi (Doğalgaz),2,Kapalı,Var,Var,Açık Otopark,Hayır,Mülk Sahibi,Hayır,Belirtilmemiş,250,Hayır,Kat Mülkiyetli,Emlak Ofisinden,Hayır,4.0,2,4,5,2169,1194790845,2025-05-10,250,,321.0,36285.71428571428
6500000,Atakent Mh.,1215077737,10 Mayıs 2025,170,145,3+1,7,Yerden Isıtma,2,Kapalı,Var,Var,Açık & Kapalı Otopark,Hayır,Boş,Hayır,Belirtilmemiş,Belirtilmemiş,Evet,Kat Mülkiyetli,Emlak Ofisinden,Hayır,0.0,1,4,7,2178,1215077737,2025-05-10,,,321.0,38235.294117647056
6500000,Cumhuriyet Mah.,1239363739,10 Mayıs 2025,114,100,2+1,4,Yerden Isıtma,2,Açık (Amerikan),Var,Var,Açık Otopark,Evet,Boş,Hayır,Belirtilmemiş,Belirtilmemiş,Evet,Kat İrtifaklı,Emlak Ofisinden,Evet,0.0,4,3,4,2185,1239363739,2025-05-10,,,321.0,57017.54385964912
1750000,Yenimahalle Mah.,1227896401,11 Mayıs 2025,52,50,1+1,6,Yerden Isıtma,1,Açık (Amerikan),Var,Var,Açık Otopark,Hayır,Boş,Hayır,Belirtilmemiş,Belirtilmemiş,Evet,Kat Mülkiyetli,Emlak Ofisinden,Evet,0.0,1,2,6,143,1227896401,2025-05-11,,,322.0,33653.846153846156
1800000,Alanlı Mh.,1240595982,11 Mayıs 2025,50,40,1+1,5,Kombi (Doğalgaz),1,Açık (Amerikan),Var,Var,Açık Otopark,Hayır,Boş,Hayır,Belirtilmemiş,Belirtilmemiş,Evet,Kat İrtifaklı,Emlak Ofisinden,Hayır,0.0,2,2,5,165,1240595982,2025-05-11,,,322.0,36000.0
1820000,Büyükoyumca Mh.,1228410512,11 Mayıs 2025,55,40,1+1,5,Kombi (Doğalgaz),1,Açık (Amerikan),Var,Var,Açık Otopark,Hayır,Boş,Hayır,Belirtilmemiş,120,Evet,Kat İrtifaklı,Emlak Ofisinden,Hayır,0.0,1,2,5,191,1228410512,2025-05-11,120,,322.0,33090.90909090909
1825000,Büyükoyumca Mh.,1233987071,11 Mayıs 2025,50,45,1+1,5,Kombi (Doğalgaz),1,Açık (Amerikan),Var,Var,Açık Otopark,Hayır,Boş,Hayır,Belirtilmemiş,300,Evet,Kat Mülkiyetli,Emlak Ofisinden,Evet,0.0,5,2,5,196,1233987071,2025-05-11,300,,322.0,36500.0
1990000,Büyükoyumca Mh.,1238521662,11 Mayıs 2025,55,50,1+1,4,Kombi (Doğalgaz),1,Açık (Amerikan),Var,Var,Açık Otopark,Hayır,Boş,Hayır,Belirtilmemiş,1,Hayır,Kat İrtifaklı,Emlak Ofisinden,Hayır,0.0,4,2,4,393,1238521662,2025-05-11,1,,322.0,36181.818181818184
2000000,Büyükoyumca Mh.,1203447497,11 Mayıs 2025,55,50,1+1,5,Yerden Isıtma,1,Açık (Amerikan),Var,Var,Açık Otopark,Hayır,Boş,Evet,Belirtilmemiş,100,Evet,Kat Mülkiyetli,Emlak Ofisinden,Evet,0.0,5,2,5,410,1203447497,2025-05-11,100,,322.0,36363.63636363636
2200000,Büyükoyumca Mh.,1228347100,11 Mayıs 2025,57,50,1+1,5,Yerden Isıtma,1,Açık (Amerikan),Var,Var,Açık Otopark,Evet,Boş,Hayır,Belirtilmemiş,100,Evet,Kat Mülkiyetli,Emlak Ofisinden,Hayır,0.0,2,2,5,624,1228347100,2025-05-11,100,,322.0,38596.491228070176
2200000,Büyükoyumca Mh.,1245566394,11 Mayıs 2025,55,50,1+1,4,Yerden Isıtma,1,Açık (Amerikan),Var,Var,Açık Otopark,Hayır,Boş,Hayır,Belirtilmemiş,,Evet,Kat İrtifaklı,Emlak Ofisinden,Hayır,0.0,4,2,4,625,1245566394,2025-05-11,,,322.0,40000.0
2250000,İncesu Mh.,1245643490,11 Mayıs 2025,60,50,1+1,7,Kombi (Doğalgaz),1,Açık (Amerikan),Var,Var,Açık Otopark,Hayır,Boş,Hayır,Belirtilmemiş,0,Evet,Kat İrtifaklı,Emlak Ofisinden,Hayır,0.0,5,2,7,710,1245643490,2025-05-11,0,,322.0,37500.0
2300000,Yenimahalle Mah.,1242579710,11 Mayıs 2025,55,45,1+1,5,Yerden Isıtma,1,Açık (Amerikan),Var,Var,Açık Otopark,Hayır,Boş,Hayır,Belirtilmemiş,Belirtilmemiş,Evet,Kat Mülkiyetli,Emlak Ofisinden,Hayır,0.0,1,2,5,751,1242579710,2025-05-11,,,322.0,41818.181818181816
2450000,Balaç Mh.,1222172671,11 Mayıs 2025,50,44,1+1,4,Yerden Isıtma,1,Açık (Amerikan),Var,Var,Açık Otopark,Evet,Boş,Hayır,Belirtilmemiş,200,Evet,Kat Mülkiyetli,Emlak Ofisinden,Hayır,0.0,4,2,4,847,1222172671,2025-05-11,200,,322.0,49000.0
2630000,Alanlı Mh.,1239521642,11 Mayıs 2025,55,45,1+1,7,Kombi (Doğalgaz),1,Açık (Amerikan),Var,Var,Açık Otopark,Hayır,Boş,Hayır,Belirtilmemiş,Belirtilmemiş,Evet,Kat Mülkiyetli,Emlak Ofisinden,Hayır,0.0,2,2,7,956,1239521642,2025-05-11,,,322.0,47818.181818181816
2700000,Atakent Mh.,1228215976,11 Mayıs 2025,85,75,2+1,5,Kombi (Doğalgaz),1,Açık (Amerikan),Var,Var,Açık Otopark,Hayır,Boş,Hayır,Belirtilmemiş,225,Evet,Kat Mülkiyetli,Emlak Ofisinden,Hayır,2.0,5,3,5,1002,1228215976,2025-05-11,225,,322.0,31764.70588235294
2950000,Yenimahalle Mah.,1238021063,11 Mayıs 2025,90,80,2+1,5,Kombi (Doğalgaz),1,Açık (Amerikan),Var,Var,Açık Otopark,Hayır,Boş,Hayır,Belirtilmemiş,350,Evet,Kat Mülkiyetli,Emlak Ofisinden,Evet,4.0,3,3,5,1145,1238021063,2025-05-11,350,,322.0,32777.77777777778
2950000,Yenimahalle Mah.,1239376238,11 Mayıs 2025,90,80,2+1,2,Yerden Isıtma,1,Kapalı,Var,Var,Açık Otopark,Hayır,Boş,Hayır,Belirtilmemiş,300,Evet,Kat Mülkiyetli,Emlak Ofisinden,Hayır,0.0,0,3,2,1146,1239376238,2025-05-11,300,,322.0,32777.77777777778
3000000,Küçükkolpınar Mh.,1216487014,11 Mayıs 2025,95,85,2+1,5,Kombi (Doğalgaz),2,Kapalı,Var,Var,Açık Otopark,Hayır,Boş,Hayır,Belirtilmemiş,,Evet,Kat Mülkiyetli,Emlak Ofisinden,Hayır,0.0,1,3,5,1175,1216487014,2025-05-11,,,322.0,31578.947368421053
3100000,Atakent Mh.,1197438551,11 Mayıs 2025,50,40,1+1,3,Kombi (Doğalgaz),1,Açık (Amerikan),Var,Var,Açık Otopark,Hayır,Boş,Hayır,Belirtilmemiş,Belirtilmemiş,Evet,Kat Mülkiyetli,Emlak Ofisinden,Hayır,1.0,2,2,3,1217,1197438551,2025-05-11,,,322.0,62000.0
3150000,Balaç Mh.,1239623183,11 Mayıs 2025,95,94,2+1,4,Kombi (Doğalgaz),1,Açık (Amerikan),Yok,Var,Açık Otopark,Hayır,Boş,Hayır,Belirtilmemiş,,Evet,Kat Mülkiyetli,Emlak Ofisinden,Hayır,0.0,0,3,4,1229,1239623183,2025-05-11,,,322.0,33157.89473684211
3250000,Atakent Mh.,1228351260,11 Mayıs 2025,110,100,2+1,5,Yerden Isıtma,2,Kapalı,Var,Var,Açık Otopark,Hayır,Boş,Hayır,Belirtilmemiş,100,Evet,Kat Mülkiyetli,Emlak Ofisinden,Evet,0.0,5,3,5,1283,1228351260,2025-05-11,100,,322.0,29545.454545454544
3450000,Küçükkolpınar Mh.,1216458848,11 Mayıs 2025,95,85,2+1,5,Kombi (Doğalgaz),2,Kapalı,Var,Var,Açık Otopark,Hayır,Boş,Hayır,Belirtilmemiş,0,Evet,Kat Mülkiyetli,Emlak Ofisinden,Hayır,0.0,1,3,5,1339,1216458848,2025-05-11,0,,322.0,36315.78947368421
3750000,Balaç Mh.,1233123640,11 Mayıs 2025,137,130,3+1,5,Kombi (Doğalgaz),2,Açık (Amerikan),Var,Var,Açık Otopark,Hayır,Boş,Hayır,Belirtilmemiş,,Evet,Kat Mülkiyetli,Emlak Ofisinden,Evet,0.0,1,4,5,1456,1233123640,2025-05-11,,,322.0,27372.26277372263
4100000,Alanlı Mh.,1239384629,11 Mayıs 2025,110,90,2+1,6,Kombi (Doğalgaz),2,Kapalı,Var,Var,Açık Otopark,Hayır,Boş,Hayır,Belirtilmemiş,Belirtilmemiş,Evet,Kat İrtifaklı,Emlak Ofisinden,Evet,0.0,1,3,6,1611,1239384629,2025-05-11,,,322.0,37272.72727272727
4150000,Büyükoyumca Mh.,1222287901,11 Mayıs 2025,120,100,2+1,4,Yerden Isıtma,2,Kapalı,Var,Var,Açık Otopark,Hayır,Boş,Hayır,Belirtilmemiş,,Evet,Kat Mülkiyetli,Emlak Ofisinden,Evet,0.0,4,3,4,1634,1222287901,2025-05-11,,,322.0,34583.333333333336
4250000,Yenimahalle Mah.,1245645934,11 Mayıs 2025,100,90,2+1,5,Kombi (Doğalgaz),2,Kapalı,Var,Var,Açık Otopark,Hayır,Boş,Hayır,Belirtilmemiş,0,Evet,Kat Mülkiyetli,Emlak Ofisinden,Hayır,0.0,2,3,5,1678,1245645934,2025-05-11,0,,322.0,42500.0
4300000,Küçükkolpınar Mh.,1239390685,11 Mayıs 2025,155,135,3+1,5,Kombi (Doğalgaz),2,Kapalı,Var,Var,Açık Otopark,Hayır,Kiracılı,Hayır,Belirtilmemiş,500,Evet,Kat Mülkiyetli,Emlak Ofisinden,Evet,4.0,2,4,5,1686,1239390685,2025-05-11,500,,322.0,27741.935483870966
4350000,Atakent Mh.,1228238212,11 Mayıs 2025,170,140,3+1,6,Kombi (Doğalgaz),1,Kapalı,Var,Var,Açık Otopark,Hayır,Mülk Sahibi,Hayır,Belirtilmemiş,200,Evet,Kat İrtifaklı,Emlak Ofisinden,Hayır,7.5,1,4,6,1709,1228238212,2025-05-11,200,,322.0,25588.235294117647
4400000,Balaç Mh.,1239628552,11 Mayıs 2025,115,106,2+1,4,Kombi (Doğalgaz),1,Açık (Amerikan),Var,Var,Açık Otopark,Hayır,Boş,Hayır,Belirtilmemiş,,Hayır,Kat Mülkiyetli,Emlak Ofisinden,Hayır,0.0,0,3,4,1722,1239628552,2025-05-11,,,322.0,38260.86956521739
4450000,Balaç Mh.,1234197442,11 Mayıs 2025,115,100,2+1,4,Yerden Isıtma,2,Kapalı,Var,Var,Açık Otopark,Hayır,Boş,Hayır,Belirtilmemiş,,Evet,Kat Mülkiyetli,Emlak Ofisinden,Hayır,0.0,2,3,4,1736,1234197442,2025-05-11,,,322.0,38695.65217391304
4500000,Balaç Mh.,1234040937,11 Mayıs 2025,165,155,3+1,5,Yerden Isıtma,2,Kapalı,Var,Var,Açık Otopark,Hayır,Boş,Hayır,Belirtilmemiş,250,Evet,Kat Mülkiyetli,Emlak Ofisinden,Hayır,0.0,4,4,5,1757,1234040937,2025-05-11,250,,322.0,27272.727272727272
4600000,Balaç Mh.,1234198526,11 Mayıs 2025,115,100,2+1,4,Yerden Isıtma,2,Kapalı,Var,Var,Açık Otopark,Hayır,Boş,Evet,Belirtilmemiş,,Evet,Kat Mülkiyetli,Emlak Ofisinden,Hayır,0.0,4,3,4,1789,1234198526,2025-05-11,,,322.0,40000.0
4940000,Küçükkolpınar Mh.,1239532858,11 Mayıs 2025,160,145,3+1,8,Yerden Isıtma,2,Açık (Amerikan),Var,Var,Açık Otopark,Hayır,Boş,Hayır,Belirtilmemiş,,Hayır,Kat Mülkiyetli,Emlak Ofisinden,Evet,0.0,4,4,8,1866,1239532858,2025-05-11,,,322.0,30875.0
5150000,Yenimahalle Mah.,1234098973,11 Mayıs 2025,150,140,3+1,6,Yerden Isıtma,2,Kapalı,Var,Var,Açık Otopark,Hayır,Boş,Hayır,Belirtilmemiş,Belirtilmemiş,Evet,Kat Mülkiyetli,Emlak Ofisinden,Hayır,1.0,4,4,6,1927,1234098973,2025-05-11,,,322.0,34333.333333333336
5675000,Küçükkolpınar Mh.,1245513185,11 Mayıs 2025,240,230,5+2,7,Kombi (Doğalgaz),2,Kapalı,Var,Var,Açık Otopark,Hayır,Mülk Sahibi,Hayır,Belirtilmemiş,170,Evet,Kat Mülkiyetli,Emlak Ofisinden,Hayır,13.0,6,7,7,2046,1245513185,2025-05-11,170,,322.0,23645.833333333332
1675000,Büyükoyumca Mh.,1222592350,12 Mayıs 2025,40,35,1+1,2,Kombi (Doğalgaz),1,Açık (Amerikan),Var,Yok,Açık Otopark,Hayır,Boş,Hayır,Belirtilmemiş,200,Evet,Kat İrtifaklı,Emlak Ofisinden,Hayır,0.0,1,2,2,79,1222592350,2025-05-12,200,,323.0,41875.0
1675000,Atakent Mh.,1239645412,12 Mayıs 2025,50,42,1+1,5,Kombi (Doğalgaz),1,Açık (Amerikan),Var,Var,Açık Otopark,Hayır,Boş,Hayır,Belirtilmemiş,0,Evet,Kat Mülkiyetli,Emlak Ofisinden,Evet,0.0,1,2,5,86,1239645412,2025-05-12,0,,323.0,33500.0
1750000,Alanlı Mh.,1239060926,12 Mayıs 2025,55,50,1+1,4,Kombi (Doğalgaz),1,Açık (Amerikan),Var,Var,Açık Otopark,Hayır,Boş,Hayır,Belirtilmemiş,Belirtilmemiş,Evet,Kat Mülkiyetli,Emlak Ofisinden,Hayır,0.0,4,2,4,115,1239060926,2025-05-12,,,323.0,31818.18181818182
1775000,Büyükoyumca Mh.,1232658513,12 Mayıs 2025,45,34,1+1,4,Kombi (Doğalgaz),1,Açık (Amerikan),Var,Var,Açık Otopark,Hayır,Boş,Hayır,Belirtilmemiş,,Evet,Kat İrtifaklı,Emlak Ofisinden,Hayır,0.0,2,2,4,150,1232658513,2025-05-12,,,323.0,39444.444444444445
1800000,Yenimahalle Mah.,1221543502,12 Mayıs 2025,60,55,1+1,6,Kombi (Doğalgaz),1,Açık (Amerikan),Var,Var,Açık Otopark,Belirtilmemiş,Boş,Hayır,Belirtilmemiş,Belirtilmemiş,Evet,Tapu Kaydı Yok,Emlak Ofisinden,Hayır,0.0,1,2,6,184,1221543502,2025-05-12,,,323.0,30000.0
1850000,Alanlı Mh.,1245837276,12 Mayıs 2025,55,50,1+1,5,Kombi (Doğalgaz),1,Açık (Amerikan),Var,Var,Açık Otopark,Hayır,Boş,Hayır,Belirtilmemiş,Belirtilmemiş,Evet,Kat İrtifaklı,Emlak Ofisinden,Hayır,0.0,2,2,5,212,1245837276,2025-05-12,,,323.0,33636.36363636364
1850000,Büyükoyumca Mh.,1245804277,12 Mayıs 2025,38,34,1+1,5,Kombi (Doğalgaz),1,Açık (Amerikan),Yok,Var,Açık Otopark,Hayır,Boş,Hayır,Belirtilmemiş,,Evet,Kat İrtifaklı,Emlak Ofisinden,Hayır,0.0,0,2,5,222,1245804277,2025-05-12,,,323.0,48684.21052631579
1850000,Küçükkolpınar Mh.,1233036111,12 Mayıs 2025,55,45,1+1,4,Kombi (Doğalgaz),1,Açık (Amerikan),Var,Var,Açık Otopark,Hayır,Boş,Hayır,Belirtilmemiş,,Evet,Kat Mülkiyetli,Emlak Ofisinden,Hayır,0.0,1,2,4,246,1233036111,2025-05-12,,,323.0,33636.36363636364
1900000,Küçükkolpınar Mh.,1239402319,12 Mayıs 2025,60,55,1+1,5,Yerden Isıtma,1,Açık (Amerikan),Var,Yok,Açık Otopark,Hayır,Boş,Hayır,Belirtilmemiş,,Evet,Kat Mülkiyetli,Emlak Ofisinden,Hayır,0.0,2,2,5,309,1239402319,2025-05-12,,,323.0,31666.666666666668
1950000,Küçükkolpınar Mh.,1169103540,12 Mayıs 2025,125,100,2+1,5,Kombi (Doğalgaz),1,Kapalı,Var,Var,Açık Otopark,Hayır,Boş,Hayır,Belirtilmemiş,,Hayır,Kat İrtifaklı,Emlak Ofisinden,Hayır,4.0,-2,3,5,358,1169103540,2025-05-12,,,323.0,15600.0
1975000,Atakent Mh.,1245849061,12 Mayıs 2025,55,50,1+1,5,Yerden Isıtma,1,Açık (Amerikan),Var,Var,Açık Otopark,Hayır,Boş,Hayır,Belirtilmemiş,Belirtilmemiş,Hayır,Kat Mülkiyetli,Emlak Ofisinden,Hayır,0.0,1,2,5,375,1245849061,2025-05-12,,,323.0,35909.09090909091
1990000,Büyükoyumca Mh.,1233706919,12 Mayıs 2025,47,42,1+1,3,Kombi (Doğalgaz),1,Açık (Amerikan),Var,Var,Açık Otopark,Belirtilmemiş,Boş,Hayır,Belirtilmemiş,,Evet,Kat Mülkiyetli,Emlak Ofisinden,Hayır,0.0,2,2,3,392,1233706919,2025-05-12,,,323.0,42340.425531914894
1999000,Küçükkolpınar Mh.,1245900521,12 Mayıs 2025,45,34,1+1,7,Kombi (Doğalgaz),1,Açık (Amerikan),Var,Var,Açık Otopark,Evet,Kiracılı,Hayır,Belirtilmemiş,200,Evet,Kat İrtifaklı,Emlak Ofisinden,Evet,0.0,3,2,7,399,1245900521,2025-05-12,200,,323.0,44422.22222222222
2100000,Alanlı Mh.,1222059432,12 Mayıs 2025,60,45,1+1,6,Yerden Isıtma,1,Açık (Amerikan),Var,Var,Açık Otopark,Hayır,Boş,Hayır,Belirtilmemiş,0,Evet,Kat Mülkiyetli,İnşaat Firmasından,Evet,0.0,5,2,6,497,1222059432,2025-05-12,0,,323.0,35000.0
2150000,Çobanlı Mh.,1227520103,12 Mayıs 2025,48,42,1+1,4,Yerden Isıtma,1,Açık (Amerikan),Var,Var,Açık Otopark,Hayır,Boş,Hayır,Belirtilmemiş,,Hayır,Kat Mülkiyetli,Emlak Ofisinden,Evet,0.0,3,2,4,555,1227520103,2025-05-12,,,323.0,44791.666666666664
2150000,İncesu Mh.,1224891748,12 Mayıs 2025,60,45,1+1,5,Kombi (Doğalgaz),1,Açık (Amerikan),Var,Var,Açık Otopark,Evet,Boş,Hayır,Belirtilmemiş,0,Evet,Kat Mülkiyetli,Emlak Ofisinden,Evet,0.0,5,2,5,580,1224891748,2025-05-12,0,,323.0,35833.333333333336
2200000,Büyükoyumca Mh.,1239673417,12 Mayıs 2025,60,50,1+1,5,Kombi (Doğalgaz),1,Açık (Amerikan),Var,Var,Açık & Kapalı Otopark,Hayır,Boş,Hayır,Belirtilmemiş,0,Hayır,Kat Mülkiyetli,Emlak Ofisinden,Evet,0.0,3,2,5,619,1239673417,2025-05-12,0,,323.0,36666.666666666664
2250000,Küçükkolpınar Mh.,1239557386,12 Mayıs 2025,120,100,3+1,6,Kombi (Doğalgaz),1,Açık (Amerikan),Yok,Var,Açık Otopark,Evet,Kiracılı,Hayır,Belirtilmemiş,350,Evet,Kat Mülkiyetli,Emlak Ofisinden,Evet,1.0,0,4,6,695,1239557386,2025-05-12,350,,323.0,18750.0
2300000,Çakırlar Mh.,1224835535,12 Mayıs 2025,55,45,1+1,6,Yerden Isıtma,1,Açık (Amerikan),Var,Var,Açık Otopark,Hayır,Boş,Hayır,Belirtilmemiş,,Evet,Kat İrtifaklı,Emlak Ofisinden,Hayır,0.0,3,2,6,730,1224835535,2025-05-12,,,323.0,41818.181818181816
2300000,Çobanlı Mh.,1227362749,12 Mayıs 2025,60,50,1+1,5,Yerden Isıtma,1,Açık (Amerikan),Var,Var,Açık Otopark,Hayır,Boş,Hayır,Belirtilmemiş,,Evet,Kat İrtifaklı,Emlak Ofisinden,Hayır,0.0,4,2,5,734,1227362749,2025-05-12,,,323.0,38333.333333333336
2375000,Atakent Mh.,1245800490,12 Mayıs 2025,55,45,1+1,5,Kombi (Doğalgaz),1,Açık (Amerikan),Var,Var,Açık Otopark,Hayır,Boş,Hayır,Belirtilmemiş,200,Evet,Kat Mülkiyetli,Emlak Ofisinden,Hayır,0.0,2,2,5,803,1245800490,2025-05-12,200,,323.0,43181.818181818184
2375000,Atakent Mh.,1245844404,12 Mayıs 2025,55,50,1+1,5,Yerden Isıtma,1,Açık (Amerikan),Var,Var,Açık Otopark,Evet,Boş,Hayır,Belirtilmemiş,Belirtilmemiş,Hayır,Kat Mülkiyetli,Emlak Ofisinden,Hayır,0.0,3,2,5,804,1245844404,2025-05-12,,,323.0,43181.818181818184
2400000,Çobanlı Mh.,1238676213,12 Mayıs 2025,55,45,1+1,9,Kombi (Doğalgaz),1,Açık (Amerikan),Var,Var,Açık & Kapalı Otopark,Hayır,Boş,Evet,Belirtilmemiş,,Hayır,Kat İrtifaklı,Emlak Ofisinden,Hayır,0.0,3,2,9,823,1238676213,2025-05-12,,,323.0,43636.36363636364
2750000,Büyükkolpınar Mh.,1236997822,12 Mayıs 2025,85,80,2+1,7,Kombi (Doğalgaz),2,Açık (Amerikan),Yok,Var,Açık Otopark,Hayır,Boş,Hayır,Belirtilmemiş,,Evet,Kat Mülkiyetli,Emlak Ofisinden,Hayır,3.0,0,3,7,1015,1236997822,2025-05-12,,,323.0,32352.941176470587
2800000,Yenimahalle Mah.,1220513841,12 Mayıs 2025,50,41,1+1,6,Kombi (Doğalgaz),1,Açık (Amerikan),Var,Var,Açık Otopark,Evet,Mülk Sahibi,Hayır,Belirtilmemiş,Belirtilmemiş,Hayır,Kat Mülkiyetli,Emlak Ofisinden,Hayır,2.0,2,2,6,1082,1220513841,2025-05-12,,,323.0,56000.0
2850000,Büyükoyumca Mh.,1214816170,12 Mayıs 2025,110,100,2+1,4,Kombi (Doğalgaz),2,Kapalı,Var,Var,Açık Otopark,Hayır,Boş,Hayır,Belirtilmemiş,,Hayır,Kat Mülkiyetli,Emlak Ofisinden,Hayır,0.0,1,3,4,1086,1214816170,2025-05-12,,,323.0,25909.090909090908
2850000,Yenimahalle Mah.,1239399217,12 Mayıs 2025,90,75,2+1,7,Kombi (Doğalgaz),1,Açık (Amerikan),Var,Var,Açık Otopark,Hayır,Boş,Hayır,Belirtilmemiş,200,Evet,Kat İrtifaklı,Emlak Ofisinden,Hayır,7.5,0,3,7,1101,1239399217,2025-05-12,200,,323.0,31666.666666666668
3050000,Atakent Mh.,1232302815,12 Mayıs 2025,140,125,3+1,5,Kombi (Doğalgaz),2,Kapalı,Var,Var,Açık Otopark,Hayır,Kiracılı,Hayır,Belirtilmemiş,300,Evet,Kat Mülkiyetli,Emlak Ofisinden,Evet,18.0,2,4,5,1192,1232302815,2025-05-12,300,,323.0,21785.714285714286
3075000,Büyükkolpınar Mh.,1234228380,12 Mayıs 2025,110,100,2+1,4,Kombi (Doğalgaz),2,Kapalı,Var,Var,Açık Otopark,Hayır,Boş,Hayır,Belirtilmemiş,,Evet,Kat Mülkiyetli,Emlak Ofisinden,Hayır,0.0,1,3,4,1196,1234228380,2025-05-12,,,323.0,27954.545454545456
3100000,Büyükoyumca Mh.,1238587065,12 Mayıs 2025,96,86,2+1,4,Yerden Isıtma,2,Açık (Amerikan),Var,Var,Açık & Kapalı Otopark,Evet,Boş,Hayır,Belirtilmemiş,,Evet,Kat İrtifaklı,Emlak Ofisinden,Evet,0.0,-2,3,4,1198,1238587065,2025-05-12,,,323.0,32291.666666666668
3100000,Küçükkolpınar Mh.,1239735840,12 Mayıs 2025,140,125,3+1,6,Kombi (Doğalgaz),1,Kapalı,Var,Var,Açık Otopark,Hayır,Kiracılı,Hayır,Belirtilmemiş,250,Evet,Kat İrtifaklı,Emlak Ofisinden,Hayır,18.0,4,4,6,1207,1239735840,2025-05-12,250,,323.0,22142.85714285714
3100000,Atatepe,1238666546,12 Mayıs 2025,100,85,2+1,6,Kombi (Doğalgaz),2,Kapalı,Var,Var,Açık Otopark,Hayır,Boş,Hayır,Belirtilmemiş,Belirtilmemiş,Evet,Kat İrtifaklı,Emlak Ofisinden,Evet,0.0,5,3,6,1216,1238666546,2025-05-12,,,323.0,31000.0
3300000,Büyükoyumca Mh.,1203520856,12 Mayıs 2025,55,45,1+1,4,Kombi (Doğalgaz),1,Açık (Amerikan),Var,Var,Açık & Kapalı Otopark,Hayır,Boş,Hayır,Belirtilmemiş,,Hayır,Kat İrtifaklı,Emlak Ofisinden,Evet,0.0,2,2,4,1288,1203520856,2025-05-12,,,323.0,60000.0
3400000,Çobanlı Mh.,1234093821,12 Mayıs 2025,80,75,2+1,7,Kombi (Doğalgaz),1,Açık (Amerikan),Var,Var,Açık Otopark,Hayır,Boş,Evet,Belirtilmemiş,,Evet,Kat İrtifaklı,Emlak Ofisinden,Evet,0.0,7,3,7,1325,1234093821,2025-05-12,,,323.0,42500.0
3450000,Atakent Mh.,1239759603,12 Mayıs 2025,125,120,3+1,4,Kombi (Doğalgaz),1,Kapalı,Var,Var,Açık Otopark,Hayır,Kiracılı,Hayır,Belirtilmemiş,Belirtilmemiş,Hayır,Kat İrtifaklı,Emlak Ofisinden,Hayır,13.0,1,4,4,1342,1239759603,2025-05-12,,,323.0,27600.0
3460000,Yenimahalle Mah.,1239820629,12 Mayıs 2025,130,120,3+1,4,Kombi (Doğalgaz),1,Kapalı,Var,Var,Açık Otopark,Hayır,Boş,Hayır,Belirtilmemiş,Belirtilmemiş,Evet,Kat İrtifaklı,Emlak Ofisinden,Hayır,18.0,1,4,4,1343,1239820629,2025-05-12,,,323.0,26615.384615384617
3500000,Balaç Mh.,1213836112,12 Mayıs 2025,100,85,2+1,5,Kombi (Doğalgaz),2,Açık (Amerikan),Var,Var,Açık Otopark,Hayır,Boş,Hayır,Belirtilmemiş,,Evet,Kat İrtifaklı,Emlak Ofisinden,Evet,0.0,5,3,5,1352,1213836112,2025-05-12,,,323.0,35000.0
3500000,Balaç Mh.,1245865658,12 Mayıs 2025,110,100,2+1,6,Kombi (Doğalgaz),2,Açık (Amerikan),Var,Var,Açık Otopark,Hayır,Boş,Hayır,Belirtilmemiş,,Evet,Kat Mülkiyetli,Emlak Ofisinden,Hayır,0.0,-2,3,6,1353,1245865658,2025-05-12,,,323.0,31818.18181818182
3550000,Atakent Mh.,1239859551,12 Mayıs 2025,120,110,2+1,6,Kombi (Doğalgaz),1,Açık (Amerikan),Var,Var,Açık Otopark,Hayır,Boş,Hayır,Belirtilmemiş,350,Evet,Kat Mülkiyetli,Emlak Ofisinden,Hayır,7.5,2,3,6,1395,1239859551,2025-05-12,350,,323.0,29583.333333333332
3575000,Büyükoyumca Mh.,1245803334,12 Mayıs 2025,85,80,2+1,4,Kombi (Doğalgaz),2,Açık (Amerikan),Var,Var,Açık Otopark,Hayır,Boş,Hayır,Belirtilmemiş,200,Hayır,Kat Mülkiyetli,Emlak Ofisinden,Evet,0.0,1,3,4,1401,1245803334,2025-05-12,200,,323.0,42058.82352941176
3590000,Atakent Mh.,1239764903,12 Mayıs 2025,150,140,3+1,5,Kombi (Doğalgaz),1,Kapalı,Var,Var,Açık Otopark,Hayır,Boş,Hayır,Belirtilmemiş,250,Evet,Kat Mülkiyetli,Emlak Ofisinden,Hayır,13.0,4,4,5,1403,1239764903,2025-05-12,250,,323.0,23933.333333333332
3625000,Atakent Mh.,1245941617,12 Mayıs 2025,150,120,3+1,3,Yerden Isıtma,2,Açık (Amerikan),Var,Var,Açık Otopark,Evet,Kiracılı,Hayır,Belirtilmemiş,300,Hayır,Kat Mülkiyetli,Emlak Ofisinden,Hayır,0.0,1,4,3,1417,1245941617,2025-05-12,300,,323.0,24166.666666666668
3650000,Küçükkolpınar Mh.,1199177719,12 Mayıs 2025,115,100,2+1,5,Kombi (Doğalgaz),2,Kapalı,Var,Var,Açık Otopark,Hayır,Boş,Hayır,Belirtilmemiş,,Evet,Kat Mülkiyetli,Emlak Ofisinden,Hayır,0.0,2,3,5,1428,1199177719,2025-05-12,,,323.0,31739.130434782608
3700000,Küçükkolpınar Mh.,1234383125,12 Mayıs 2025,110,90,2+1,5,Kombi (Doğalgaz),2,Kapalı,Var,Var,Yok,Hayır,Boş,Hayır,Belirtilmemiş,,Evet,Kat Mülkiyetli,Emlak Ofisinden,Hayır,0.0,2,3,5,1439,1234383125,2025-05-12,,,323.0,33636.36363636364
3750000,Alanlı Mh.,1228144564,12 Mayıs 2025,160,140,3+2,6,Kombi (Doğalgaz),3,Kapalı,Var,Var,Açık Otopark,Hayır,Boş,Hayır,Belirtilmemiş,300,Evet,Kat Mülkiyetli,Emlak Ofisinden,Evet,0.0,1,5,6,1449,1228144564,2025-05-12,300,,323.0,23437.5
3750000,Büyükkolpınar Mh.,1207552908,12 Mayıs 2025,142,133,3+1,5,Kombi (Doğalgaz),2,Kapalı,Var,Var,Açık & Kapalı Otopark,Hayır,Boş,Evet,Belirtilmemiş,,Evet,Kat Mülkiyetli,Emlak Ofisinden,Hayır,0.0,1,4,5,1459,1207552908,2025-05-12,,,323.0,26408.450704225354
3785000,Yenimahalle Mah.,1239750890,12 Mayıs 2025,100,90,2+1,6,Kombi (Doğalgaz),1,Açık (Amerikan),Var,Var,Açık Otopark,Hayır,Boş,Hayır,Belirtilmemiş,Belirtilmemiş,Evet,Kat Mülkiyetli,Emlak Ofisinden,Hayır,7.5,6,3,6,1485,1239750890,2025-05-12,,,323.0,37850.0
3795000,Yenimahalle Mah.,1234300022,12 Mayıs 2025,135,125,3+1,6,Kombi (Doğalgaz),2,Kapalı,Var,Var,Açık Otopark,Hayır,Boş,Hayır,Belirtilmemiş,200,Evet,Kat İrtifaklı,Emlak Ofisinden,Hayır,7.5,3,4,6,1488,1234300022,2025-05-12,200,,323.0,28111.11111111111
3850000,Küçükkolpınar Mh.,1234104284,12 Mayıs 2025,120,110,2+1,4,Kombi (Doğalgaz),2,Kapalı,Var,Var,Açık Otopark,Hayır,Boş,Hayır,Belirtilmemiş,,Evet,Kat Mülkiyetli,Emlak Ofisinden,Hayır,0.0,4,3,4,1507,1234104284,2025-05-12,,,323.0,32083.333333333332
3900000,Küçükkolpınar Mh.,1245869435,12 Mayıs 2025,110,100,2+1,4,Yerden Isıtma,1,Kapalı,Var,Var,Açık Otopark,Hayır,Boş,Hayır,Belirtilmemiş,,Evet,Kat Mülkiyetli,Emlak Ofisinden,Evet,0.0,3,3,4,1528,1245869435,2025-05-12,,,323.0,35454.545454545456
3900000,Atakent Mh.,1238730135,12 Mayıs 2025,160,135,4+2,5,Kombi (Doğalgaz),3,Kapalı,Var,Var,Açık Otopark,Hayır,Boş,Hayır,Belirtilmemiş,Belirtilmemiş,Evet,Kat Mülkiyetli,Emlak Ofisinden,Hayır,0.0,1,6,5,1540,1238730135,2025-05-12,,,323.0,24375.0
3999000,Atakent Mh.,1245827366,12 Mayıs 2025,135,120,3+1,5,Kombi (Doğalgaz),1,Açık (Amerikan),Var,Var,Açık Otopark,Hayır,Boş,Hayır,Belirtilmemiş,250,Evet,Kat Mülkiyetli,Emlak Ofisinden,Hayır,18.0,2,4,5,1572,1245827366,2025-05-12,250,,323.0,29622.222222222223
4000000,Atatepe,1239433552,12 Mayıs 2025,135,125,3+1,7,Yerden Isıtma,3,Kapalı,Var,Var,Açık Otopark,Hayır,Boş,Hayır,Belirtilmemiş,100,Evet,Kat Mülkiyetli,Emlak Ofisinden,Evet,0.0,2,4,7,1587,1239433552,2025-05-12,100,,323.0,29629.62962962963
4075000,Yenimahalle Mah.,1239060824,12 Mayıs 2025,110,95,2+1,6,Yerden Isıtma,2,Kapalı,Var,Var,Açık Otopark,Hayır,Boş,Hayır,Belirtilmemiş,0,Evet,Kat Mülkiyetli,Emlak Ofisinden,Evet,0.0,2,3,6,1607,1239060824,2025-05-12,0,,323.0,37045.454545454544
4250000,Balaç Mh.,1245841156,12 Mayıs 2025,110,100,2+1,4,Kombi (Doğalgaz),2,Kapalı,Var,Var,Açık Otopark,Hayır,Boş,Hayır,Belirtilmemiş,,Evet,Kat Mülkiyetli,Emlak Ofisinden,Hayır,0.0,1,3,4,1658,1245841156,2025-05-12,,,323.0,38636.36363636364
4300000,Atakent Mh.,1239813017,12 Mayıs 2025,130,120,3+1,6,Kombi (Doğalgaz),2,Kapalı,Var,Var,Açık Otopark,Hayır,Kiracılı,Hayır,Belirtilmemiş,300,Evet,Kat Mülkiyetli,Emlak Ofisinden,Hayır,7.5,3,4,6,1689,1239813017,2025-05-12,300,,323.0,33076.92307692308
4500000,Çobanözü Mh.,1227230350,12 Mayıs 2025,120,100,2+1,9,Kombi (Doğalgaz),2,Kapalı,Var,Var,Açık & Kapalı Otopark,Hayır,Boş,Evet,Belirtilmemiş,,Evet,Kat Mülkiyetli,Emlak Ofisinden,Evet,0.0,2,3,9,1763,1227230350,2025-05-12,,,323.0,37500.0
4500000,Çobanözü Mh.,1245830470,12 Mayıs 2025,165,145,4+1,8,Kombi (Doğalgaz),2,Kapalı,Var,Var,Açık Otopark,Hayır,Boş,Hayır,Belirtilmemiş,,Evet,Kat Mülkiyetli,Emlak Ofisinden,Hayır,0.0,0,5,8,1764,1245830470,2025-05-12,,,323.0,27272.727272727272
4750000,Atakent Mh.,1245852739,12 Mayıs 2025,150,140,3+1,5,Kombi (Doğalgaz),2,Kapalı,Var,Var,Açık & Kapalı Otopark,Hayır,Mülk Sahibi,Hayır,Belirtilmemiş,Belirtilmemiş,Evet,Kat Mülkiyetli,Emlak Ofisinden,Evet,4.0,4,4,5,1832,1245852739,2025-05-12,,,323.0,31666.666666666668
4900000,Yenimahalle Mah.,1189809787,12 Mayıs 2025,140,120,3+1,6,Kombi (Doğalgaz),2,Kapalı,Var,Var,Açık Otopark,Hayır,Boş,Hayır,Belirtilmemiş,Belirtilmemiş,Hayır,Kat Mülkiyetli,Emlak Ofisinden,Evet,0.0,6,4,6,1859,1189809787,2025-05-12,,,323.0,35000.0
4950000,Yenimahalle Mah.,1245817649,12 Mayıs 2025,145,135,3+1,6,Kombi (Doğalgaz),2,Kapalı,Var,Var,Açık Otopark,Hayır,Boş,Hayır,Belirtilmemiş,Belirtilmemiş,Hayır,Kat Mülkiyetli,Emlak Ofisinden,Hayır,0.0,6,4,6,1879,1245817649,2025-05-12,,,323.0,34137.93103448276
5250000,Atakent Mh.,1198371298,12 Mayıs 2025,155,140,3+1,5,Kombi (Doğalgaz),2,Kapalı,Var,Var,Açık Otopark,Hayır,Boş,Hayır,Belirtilmemiş,Belirtilmemiş,Evet,Kat Mülkiyetli,Emlak Ofisinden,Hayır,0.0,3,4,5,1954,1198371298,2025-05-12,,,323.0,33870.967741935485
5400000,Balaç Mh.,1206296224,12 Mayıs 2025,160,140,3+1,4,Kombi (Doğalgaz),2,Kapalı,Var,Var,Açık Otopark,Hayır,Boş,Hayır,Belirtilmemiş,,Hayır,Kat Mülkiyetli,Emlak Ofisinden,Hayır,0.0,1,4,4,1976,1206296224,2025-05-12,,,323.0,33750.0
5700000,Atakent Mh.,1245733850,12 Mayıs 2025,175,147,3+1,9,Kombi (Doğalgaz),2,Kapalı,Var,Var,Açık Otopark,Hayır,Kiracılı,Hayır,Belirtilmemiş,Belirtilmemiş,Evet,Kat Mülkiyetli,Emlak Ofisinden,Evet,7.5,7,4,9,2051,1245733850,2025-05-12,,,323.0,32571.428571428572
6000000,Büyükkolpınar Mh.,1239688547,12 Mayıs 2025,60,55,1+1,4,Kombi (Doğalgaz),1,Açık (Amerikan),Var,Var,Açık Otopark,Hayır,Boş,Hayır,Belirtilmemiş,,Evet,Kat Mülkiyetli,Emlak Ofisinden,Evet,0.0,3,2,4,2100,1239688547,2025-05-12,,,323.0,100000.0
6000000,Çobanözü Mh.,1227210240,12 Mayıs 2025,135,117,2+1,7,Kombi (Doğalgaz),2,Kapalı,Var,Var,Açık & Kapalı Otopark,Hayır,Boş,Evet,Belirtilmemiş,,Evet,Kat Mülkiyetli,Emlak Ofisinden,Evet,0.0,2,3,7,2104,1227210240,2025-05-12,,,323.0,44444.444444444445
6000000,Yenimahalle Mah.,1238859622,12 Mayıs 2025,150,130,3+1,6,Yerden Isıtma,1,Kapalı,Var,Var,Açık Otopark,Hayır,Boş,Hayır,Belirtilmemiş,Belirtilmemiş,Hayır,Kat İrtifaklı,Emlak Ofisinden,Evet,0.0,6,4,6,2116,1238859622,2025-05-12,,,323.0,40000.0
6000000,Güzelyalı Mh.,1202847929,12 Mayıs 2025,90,80,2+1,6,Kombi (Doğalgaz),1,Açık (Amerikan),Var,Var,Açık Otopark,Hayır,Boş,Hayır,Belirtilmemiş,Belirtilmemiş,Evet,Kat İrtifaklı,Emlak Ofisinden,Evet,0.0,5,3,6,2117,1202847929,2025-05-12,,,323.0,66666.66666666667
6100000,Yenimahalle Mah.,1239097407,12 Mayıs 2025,170,150,3+1,8,Kombi (Doğalgaz),2,Açık (Amerikan),Var,Var,Açık Otopark,Hayır,Boş,Hayır,Belirtilmemiş,Belirtilmemiş,Evet,Kat Mülkiyetli,Emlak Ofisinden,Hayır,4.0,3,4,8,2139,1239097407,2025-05-12,,,323.0,35882.35294117647
6250000,Camii Mh.,1195142880,12 Mayıs 2025,135,115,3+1,4,Kombi (Doğalgaz),1,Kapalı,Var,Var,Açık & Kapalı Otopark,Hayır,Boş,Hayır,Belirtilmemiş,Belirtilmemiş,Evet,Kat Mülkiyetli,Emlak Ofisinden,Hayır,0.0,2,4,4,2152,1195142880,2025-05-12,,,323.0,46296.2962962963
6780000,Atakent Mh.,1245769762,12 Mayıs 2025,178,138,3+1,6,Kombi (Doğalgaz),2,Kapalı,Var,Var,Açık Otopark,Hayır,Boş,Hayır,Belirtilmemiş,200,Evet,Kat Mülkiyetli,Emlak Ofisinden,Hayır,0.0,1,4,6,2200,1245769762,2025-05-12,200,,323.0,38089.88764044944
6850000,Balaç Mh.,1239585023,12 Mayıs 2025,185,160,4+1,7,Yerden Isıtma,2,Kapalı,Var,Var,Açık Otopark,Hayır,Boş,Hayır,Belirtilmemiş,,Evet,Kat Mülkiyetli,Emlak Ofisinden,Evet,0.0,7,5,7,2205,1239585023,2025-05-12,,,323.0,37027.02702702703
7750000,Yenimahalle Mah.,1236160598,12 Mayıs 2025,160,145,3+1,7,Kombi (Doğalgaz),2,Kapalı,Var,Var,Açık Otopark,Hayır,Mülk Sahibi,Hayır,Belirtilmemiş,Belirtilmemiş,Evet,Kat Mülkiyetli,Emlak Ofisinden,Hayır,4.0,6,4,7,2267,1236160598,2025-05-12,,,323.0,48437.5
1875000,Yenimahalle Mah.,1246023743,13 Mayıs 2025,60,50,1+1,5,Yerden Isıtma,1,Açık (Amerikan),Var,Var,Açık Otopark,Evet,Boş,Hayır,Belirtilmemiş,Belirtilmemiş,Evet,Kat Mülkiyetli,Emlak Ofisinden,Hayır,0.0,-2,2,5,271,1246023743,2025-05-13,,,324.0,31250.0
1875000,Yenimahalle Mah.,1246093268,13 Mayıs 2025,50,45,1+1,5,Kombi (Doğalgaz),1,Açık (Amerikan),Var,Var,Açık Otopark,Evet,Boş,Hayır,Belirtilmemiş,Belirtilmemiş,Evet,Kat Mülkiyetli,Emlak Ofisinden,Hayır,0.0,-2,2,5,272,1246093268,2025-05-13,,,324.0,37500.0
1950000,Atakent Mh.,1246089691,13 Mayıs 2025,65,50,1+1,5,Kombi (Doğalgaz),1,Açık (Amerikan),Var,Var,Açık Otopark,Hayır,Boş,Hayır,Belirtilmemiş,Belirtilmemiş,Evet,Kat İrtifaklı,Emlak Ofisinden,Evet,0.0,1,2,5,359,1246089691,2025-05-13,,,324.0,30000.0
1950000,İncesu Mh.,1233688145,13 Mayıs 2025,55,49,1+1,4,Kombi (Doğalgaz),1,Açık (Amerikan),Var,Var,Açık Otopark,Belirtilmemiş,Boş,Hayır,Belirtilmemiş,Belirtilmemiş,Evet,Kat İrtifaklı,Emlak Ofisinden,Evet,0.0,3,2,4,364,1233688145,2025-05-13,,,324.0,35454.545454545456
1985000,Yenimahalle Mah.,1246146318,13 Mayıs 2025,54,50,1+1,5,Kombi (Doğalgaz),1,Açık (Amerikan),Var,Var,Açık Otopark,Evet,Boş,Hayır,Belirtilmemiş,Belirtilmemiş,Evet,Kat Mülkiyetli,Emlak Ofisinden,Hayır,3.0,1,2,5,386,1246146318,2025-05-13,,,324.0,36759.25925925926
2100000,Atatepe,1245987745,13 Mayıs 2025,60,50,1+1,5,Kombi (Doğalgaz),1,Açık (Amerikan),Var,Var,Açık Otopark,Hayır,Boş,Hayır,Belirtilmemiş,250,Evet,Kat Mülkiyetli,Emlak Ofisinden,Evet,0.0,5,2,5,532,1245987745,2025-05-13,250,,324.0,35000.0
2275000,Atatepe,1242992532,13 Mayıs 2025,46,40,1+1,5,Yerden Isıtma,1,Açık (Amerikan),Var,Var,Açık Otopark,Evet,Boş,Hayır,Belirtilmemiş,Belirtilmemiş,Evet,Kat Mülkiyetli,Emlak Ofisinden,Hayır,0.0,1,2,5,719,1242992532,2025-05-13,,,324.0,49456.52173913043
2500000,Yenimahalle Mah.,1221843457,13 Mayıs 2025,100,90,2+1,5,Kombi (Doğalgaz),2,Açık (Amerikan),Var,Var,Açık Otopark,Hayır,Boş,Hayır,Belirtilmemiş,Belirtilmemiş,Evet,Kat Mülkiyetli,Emlak Ofisinden,Evet,3.0,1,3,5,900,1221843457,2025-05-13,,,324.0,25000.0
2750000,Yenimahalle Mah.,1197501008,13 Mayıs 2025,60,50,1+1,5,Kombi (Doğalgaz),1,Açık (Amerikan),Var,Var,Açık Otopark,Evet,Boş,Hayır,Belirtilmemiş,150,Evet,Kat Mülkiyetli,Emlak Ofisinden,Evet,0.0,2,2,5,1042,1197501008,2025-05-13,150,,324.0,45833.333333333336
2750000,Yenimahalle Mah.,1238883400,13 Mayıs 2025,55,45,1+1,5,Yerden Isıtma,1,Açık (Amerikan),Var,Var,Yok,Hayır,Boş,Hayır,Belirtilmemiş,Belirtilmemiş,Evet,Kat Mülkiyetli,Emlak Ofisinden,Evet,0.0,4,2,5,1046,1238883400,2025-05-13,,,324.0,50000.0
3000000,Atakent Mh.,1245967467,13 Mayıs 2025,105,90,2+1,5,Kombi (Doğalgaz),2,Kapalı,Var,Var,Açık Otopark,Hayır,Boş,Hayır,Belirtilmemiş,1,Evet,Kat İrtifaklı,Emlak Ofisinden,Hayır,0.0,1,3,5,1181,1245967467,2025-05-13,1,,324.0,28571.428571428572
3100000,Atakent Mh.,1246078829,13 Mayıs 2025,105,95,2+1,5,Kombi (Doğalgaz),2,Kapalı,Var,Var,Açık Otopark,Hayır,Boş,Hayır,Belirtilmemiş,Belirtilmemiş,Evet,Kat İrtifaklı,Emlak Ofisinden,Evet,0.0,2,3,5,1215,1246078829,2025-05-13,,,324.0,29523.809523809523
3150000,Yenimahalle Mah.,1246098904,13 Mayıs 2025,55,50,1+1,5,Kombi (Doğalgaz),1,Açık (Amerikan),Var,Var,Açık Otopark,Evet,Boş,Hayır,Belirtilmemiş,Belirtilmemiş,Evet,Kat Mülkiyetli,Emlak Ofisinden,Hayır,0.0,2,2,5,1235,1246098904,2025-05-13,,,324.0,57272.72727272727
3325000,Atakent Mh.,1245962490,13 Mayıs 2025,105,95,2+1,6,Kombi (Doğalgaz),2,Kapalı,Var,Var,Açık Otopark,Hayır,Boş,Hayır,Belirtilmemiş,1,Evet,Kat İrtifaklı,Emlak Ofisinden,Hayır,0.0,4,3,6,1302,1245962490,2025-05-13,1,,324.0,31666.666666666668
3400000,Yenimahalle Mah.,1246072627,13 Mayıs 2025,105,100,1+1,2,Yerden Isıtma,1,Açık (Amerikan),Var,Yok,Açık Otopark,Hayır,Boş,Hayır,Belirtilmemiş,Belirtilmemiş,Evet,Kat Mülkiyetli,Emlak Ofisinden,Evet,0.0,0,2,2,1330,1246072627,2025-05-13,,,324.0,32380.95238095238
3450000,Yenimahalle Mah.,1246090690,13 Mayıs 2025,65,60,1+1,5,Yerden Isıtma,1,Açık (Amerikan),Var,Var,Açık Otopark,Hayır,Boş,Hayır,Belirtilmemiş,Belirtilmemiş,Evet,Kat Mülkiyetli,Emlak Ofisinden,Evet,0.0,3,2,5,1341,1246090690,2025-05-13,,,324.0,53076.92307692308
3650000,Atakent Mh.,1239923522,13 Mayıs 2025,110,98,2+1,4,Kombi (Doğalgaz),2,Kapalı,Var,Var,Açık Otopark,Hayır,Boş,Hayır,Belirtilmemiş,0,Evet,Kat Mülkiyetli,Emlak Ofisinden,Hayır,0.0,4,3,4,1432,1239923522,2025-05-13,0,,324.0,33181.818181818184
3750000,Atakent Mh.,1239804616,13 Mayıs 2025,110,100,2+1,6,Kombi (Doğalgaz),1,Kapalı,Var,Var,Açık Otopark,Hayır,Boş,Hayır,Belirtilmemiş,Belirtilmemiş,Evet,Kat Mülkiyetli,Emlak Ofisinden,Hayır,0.0,6,3,6,1471,1239804616,2025-05-13,,,324.0,34090.90909090909
3825000,Yenimahalle Mah.,1239147980,13 Mayıs 2025,150,140,3+1,7,Kombi (Doğalgaz),2,Kapalı,Var,Var,Açık Otopark,Hayır,Boş,Hayır,Belirtilmemiş,Belirtilmemiş,Evet,Kat Mülkiyetli,Emlak Ofisinden,Hayır,13.0,7,4,7,1498,1239147980,2025-05-13,,,324.0,25500.0
4050000,Yenimahalle Mah.,1234509230,13 Mayıs 2025,160,140,3+1,8,Kombi (Doğalgaz),2,Kapalı,Var,Var,Açık Otopark,Hayır,Kiracılı,Hayır,Belirtilmemiş,Belirtilmemiş,Evet,Kat İrtifaklı,Emlak Ofisinden,Hayır,7.5,3,4,8,1601,1234509230,2025-05-13,,,324.0,25312.5
4350000,Yenimahalle Mah.,1246046157,13 Mayıs 2025,145,130,3+1,5,Kombi (Doğalgaz),2,Kapalı,Var,Var,Açık Otopark,Hayır,Kiracılı,Hayır,Belirtilmemiş,Belirtilmemiş,Hayır,Kat Mülkiyetli,Emlak Ofisinden,Evet,7.5,5,4,5,1710,1246046157,2025-05-13,,,324.0,30000.0
4900000,Yenimahalle Mah.,1246100624,13 Mayıs 2025,140,125,3+1,6,Kombi (Doğalgaz),2,Kapalı,Var,Var,Açık Otopark,Hayır,Boş,Hayır,Belirtilmemiş,Belirtilmemiş,Evet,Kat Mülkiyetli,Emlak Ofisinden,Evet,0.0,6,4,6,1858,1246100624,2025-05-13,,,324.0,35000.0
5000000,Yenimahalle Mah.,1246041050,13 Mayıs 2025,125,115,2+1,6,Kombi (Doğalgaz),2,Kapalı,Var,Var,Açık & Kapalı Otopark,Hayır,Mülk Sahibi,Hayır,Belirtilmemiş,300,Evet,Kat Mülkiyetli,Emlak Ofisinden,Hayır,7.5,6,3,6,1908,1246041050,2025-05-13,300,,324.0,40000.0
5050000,Cumhuriyet Mah.,1239888127,13 Mayıs 2025,110,90,2+1,4,Kombi (Doğalgaz),2,Kapalı,Var,Var,Açık Otopark,Evet,Boş,Hayır,Belirtilmemiş,Belirtilmemiş,Evet,Kat Mülkiyetli,Emlak Ofisinden,Hayır,13.0,1,3,4,1920,1239888127,2025-05-13,,,324.0,45909.09090909091
5500000,Atakent Mh.,1243016503,13 Mayıs 2025,160,135,3+1,6,Yerden Isıtma,2,Kapalı,Var,Var,Açık Otopark,Hayır,Boş,Hayır,Belirtilmemiş,300,Evet,Kat Mülkiyetli,Emlak Ofisinden,Hayır,0.0,1,4,6,2012,1243016503,2025-05-13,300,,324.0,34375.0
6100000,Güzelyalı Mh.,1228792311,13 Mayıs 2025,110,100,2+1,3,Kombi (Doğalgaz),1,Açık (Amerikan),Var,Var,Açık & Kapalı Otopark,Hayır,Boş,Hayır,Belirtilmemiş,150,Evet,Kat Mülkiyetli,Emlak Ofisinden,Hayır,3.0,0,3,3,2138,1228792311,2025-05-13,150,,324.0,55454.545454545456
6500000,Atakent Mh.,1246015876,13 Mayıs 2025,175,151,3+1,8,Kombi (Doğalgaz),2,Kapalı,Var,Var,Açık Otopark,Hayır,Boş,Hayır,Belirtilmemiş,500,Evet,Kat Mülkiyetli,Emlak Ofisinden,Hayır,7.5,8,4,8,2175,1246015876,2025-05-13,500,,324.0,37142.857142857145
6750000,Yenimahalle Mah.,1246008352,13 Mayıs 2025,175,155,3+1,6,Kombi (Doğalgaz),2,Kapalı,Var,Var,Açık Otopark,Hayır,Boş,Hayır,Belirtilmemiş,Belirtilmemiş,Evet,Kat Mülkiyetli,Emlak Ofisinden,Evet,0.0,4,4,6,2198,1246008352,2025-05-13,,,324.0,38571.42857142857
1830000,Yenimahalle Mah.,1246255393,14 Mayıs 2025,55,50,1+1,5,Yerden Isıtma,1,Açık (Amerikan),Var,Var,Açık Otopark,Hayır,Boş,Hayır,Belirtilmemiş,Belirtilmemiş,Evet,Kat Mülkiyetli,Emlak Ofisinden,Hayır,0.0,1,2,5,205,1246255393,2025-05-14,,,325.0,33272.72727272727
1985000,Yenimahalle Mah.,1246212369,14 Mayıs 2025,55,50,1+1,5,Kombi (Doğalgaz),1,Açık (Amerikan),Var,Var,Açık Otopark,Evet,Boş,Hayır,Belirtilmemiş,Belirtilmemiş,Evet,Kat Mülkiyetli,Emlak Ofisinden,Hayır,0.0,1,2,5,384,1246212369,2025-05-14,,,325.0,36090.90909090909
1985000,Yenimahalle Mah.,1246250104,14 Mayıs 2025,57,50,1+1,5,Kombi (Doğalgaz),1,Açık (Amerikan),Var,Var,Açık Otopark,Evet,Boş,Hayır,Belirtilmemiş,550,Evet,Kat Mülkiyetli,Emlak Ofisinden,Hayır,0.0,1,2,5,385,1246250104,2025-05-14,550,,325.0,34824.56140350877
2065000,Yenimahalle Mah.,1246368606,14 Mayıs 2025,52,45,1+1,2,Kombi (Doğalgaz),1,Açık (Amerikan),Var,Var,Açık Otopark,Evet,Boş,Hayır,Belirtilmemiş,150,Evet,Kat Mülkiyetli,Emlak Ofisinden,Hayır,0.0,1,2,2,482,1246368606,2025-05-14,150,,325.0,39711.53846153846
2075000,Yenimahalle Mah.,1246353662,14 Mayıs 2025,53,45,1+1,5,Kombi (Doğalgaz),1,Açık (Amerikan),Var,Var,Açık Otopark,Hayır,Boş,Hayır,Belirtilmemiş,1,Evet,Kat Mülkiyetli,Emlak Ofisinden,Hayır,4.0,1,2,5,485,1246353662,2025-05-14,1,,325.0,39150.943396226416
2150000,Yenimahalle Mah.,1246221899,14 Mayıs 2025,58,53,1+1,3,Yerden Isıtma,1,Açık (Amerikan),Var,Var,Açık Otopark,Hayır,Boş,Hayır,Belirtilmemiş,Belirtilmemiş,Evet,Kat Mülkiyetli,Emlak Ofisinden,Hayır,0.0,3,2,3,575,1246221899,2025-05-14,,,325.0,37068.96551724138
2190000,Yenimahalle Mah.,1197899618,14 Mayıs 2025,100,85,2+1,5,Kombi (Doğalgaz),2,Açık (Amerikan),Var,Var,Açık Otopark,Hayır,Mülk Sahibi,Hayır,Belirtilmemiş,150,Evet,Kat Mülkiyetli,Emlak Ofisinden,Evet,7.5,0,3,5,599,1197899618,2025-05-14,150,,325.0,21900.0
2250000,Atakent Mh.,1246216948,14 Mayıs 2025,58,53,1+1,5,Yerden Isıtma,1,Açık (Amerikan),Var,Var,Açık Otopark,Evet,Boş,Hayır,Belirtilmemiş,Belirtilmemiş,Evet,Kat Mülkiyetli,Emlak Ofisinden,Hayır,0.0,2,2,5,703,1246216948,2025-05-14,,,325.0,38793.10344827586
2275000,Atakent Mh.,1238490357,14 Mayıs 2025,55,50,1+1,5,Kombi (Doğalgaz),1,Açık (Amerikan),Var,Var,Açık Otopark,Hayır,Boş,Hayır,Belirtilmemiş,Belirtilmemiş,Evet,Kat Mülkiyetli,Emlak Ofisinden,Evet,0.0,4,2,5,720,1238490357,2025-05-14,,,325.0,41363.63636363636
2350000,Yenimahalle Mah.,1239815463,14 Mayıs 2025,65,60,1+1,6,Kombi (Doğalgaz),1,Açık (Amerikan),Var,Var,Açık Otopark,Evet,Mülk Sahibi,Hayır,Belirtilmemiş,Belirtilmemiş,Hayır,Kat Mülkiyetli,Emlak Ofisinden,Hayır,13.0,1,2,6,792,1239815463,2025-05-14,,,325.0,36153.846153846156
2350000,Cumhuriyet Mah.,1220841065,14 Mayıs 2025,135,120,3+1,3,Kombi (Doğalgaz),1,Kapalı,Var,Yok,Yok,Hayır,Boş,Hayır,Belirtilmemiş,Belirtilmemiş,Evet,Kat Mülkiyetli,Emlak Ofisinden,Hayır,18.0,2,4,3,798,1220841065,2025-05-14,,,325.0,17407.40740740741
2580000,Yenimahalle Mah.,1246261515,14 Mayıs 2025,58,55,1+1,5,Kombi (Doğalgaz),1,Açık (Amerikan),Var,Var,Açık Otopark,Evet,Kiracılı,Hayır,Belirtilmemiş,Belirtilmemiş,Evet,Kat Mülkiyetli,Emlak Ofisinden,Hayır,0.0,4,2,5,928,1246261515,2025-05-14,,,325.0,44482.75862068965
2650000,Cumhuriyet Mah.,1240280480,14 Mayıs 2025,65,60,1+1,5,Yerden Isıtma,1,Açık (Amerikan),Var,Var,Açık Otopark,Hayır,Boş,Hayır,Belirtilmemiş,Belirtilmemiş,Evet,Kat Mülkiyetli,Emlak Ofisinden,Hayır,0.0,3,2,5,990,1240280480,2025-05-14,,,325.0,40769.230769230766
2750000,Yenimahalle Mah.,1233272809,14 Mayıs 2025,90,75,2+1,5,Kombi (Doğalgaz),1,Açık (Amerikan),Var,Var,Açık Otopark,Hayır,Boş,Hayır,Belirtilmemiş,Belirtilmemiş,Evet,Kat İrtifaklı,Emlak Ofisinden,Evet,4.0,3,3,5,1041,1233272809,2025-05-14,,,325.0,30555.555555555555
2750000,Yenimahalle Mah.,1239315682,14 Mayıs 2025,55,45,1+1,5,Kombi (Doğalgaz),2,Açık (Amerikan),Var,Var,Açık Otopark,Hayır,Boş,Hayır,Belirtilmemiş,1,Hayır,Kat Mülkiyetli,Emlak Ofisinden,Hayır,0.0,3,2,5,1045,1239315682,2025-05-14,1,,325.0,50000.0
2875000,Yenimahalle Mah.,1239572234,14 Mayıs 2025,70,65,1+1,7,Kombi (Doğalgaz),1,Açık (Amerikan),Var,Var,Açık & Kapalı Otopark,Evet,Kiracılı,Evet,Belirtilmemiş,400,Evet,Kat Mülkiyetli,Emlak Ofisinden,Hayır,4.0,7,2,7,1109,1239572234,2025-05-14,400,,325.0,41071.42857142857
2900000,Yenimahalle Mah.,1246326720,14 Mayıs 2025,55,45,1+1,5,Yerden Isıtma,1,Açık (Amerikan),Var,Var,Açık Otopark,Hayır,Boş,Hayır,Belirtilmemiş,250,Evet,Kat Mülkiyetli,Emlak Ofisinden,Hayır,1.0,5,2,5,1123,1246326720,2025-05-14,250,,325.0,52727.27272727273
2990000,Yenimahalle Mah.,1234558049,14 Mayıs 2025,120,110,2+1,4,Kombi (Doğalgaz),1,Kapalı,Var,Var,Açık Otopark,Hayır,Boş,Hayır,Belirtilmemiş,250,Evet,Kat Mülkiyetli,Emlak Ofisinden,Hayır,7.5,1,3,4,1157,1234558049,2025-05-14,250,,325.0,24916.666666666668
3150000,Atatepe,1240184121,14 Mayıs 2025,130,125,3+1,9,Merkezi (Pay Ölçer),1,Kapalı,Var,Var,Açık Otopark,Hayır,Boş,Evet,TOKİ Atakent Toplu Konutları,450,Evet,Kat Mülkiyetli,Emlak Ofisinden,Hayır,18.0,8,4,9,1234,1240184121,2025-05-14,450,,325.0,24230.76923076923
3500000,Yenimahalle Mah.,1225866073,14 Mayıs 2025,112,95,3+1,5,Kombi (Doğalgaz),2,Kapalı,Var,Var,Açık Otopark,Hayır,Mülk Sahibi,Hayır,Belirtilmemiş,300,Evet,Kat Mülkiyetli,Emlak Ofisinden,Hayır,13.0,3,4,5,1369,1225866073,2025-05-14,300,,325.0,31250.0
3850000,Güzelyalı Mh.,1246311351,14 Mayıs 2025,50,45,1+1,5,Kombi (Doğalgaz),1,Açık (Amerikan),Var,Var,Açık & Kapalı Otopark,Hayır,Boş,Hayır,Belirtilmemiş,Belirtilmemiş,Evet,Kat İrtifaklı,Emlak Ofisinden,Hayır,0.0,2,2,5,1509,1246311351,2025-05-14,,,325.0,77000.0
3875000,Atatepe,1239828705,14 Mayıs 2025,150,130,3+1,7,Kombi (Doğalgaz),2,Kapalı,Var,Var,Açık Otopark,Hayır,Boş,Evet,Atatepe Sitesi,Belirtilmemiş,Evet,Kat Mülkiyetli,Emlak Ofisinden,Hayır,13.0,4,4,7,1519,1239828705,2025-05-14,,,325.0,25833.333333333332
3900000,Atakent Mh.,1240191945,14 Mayıs 2025,140,135,3+1,4,Kombi (Doğalgaz),1,Kapalı,Var,Var,Açık Otopark,Hayır,Boş,Hayır,Belirtilmemiş,200,Evet,Kat Mülkiyetli,Emlak Ofisinden,Hayır,13.0,4,4,4,1538,1240191945,2025-05-14,200,,325.0,27857.14285714286
4500000,Yenimahalle Mah.,1173106075,14 Mayıs 2025,100,85,2+1,4,Yerden Isıtma,1,Açık (Amerikan),Var,Var,Açık Otopark,Hayır,Boş,Hayır,Belirtilmemiş,100,Evet,Kat Mülkiyetli,Emlak Ofisinden,Hayır,0.0,1,3,4,1770,1173106075,2025-05-14,100,,325.0,45000.0
4700000,Atakent Mh.,1211118673,14 Mayıs 2025,200,190,6+1,6,Kombi (Doğalgaz),2,Kapalı,Var,Var,Açık Otopark,Hayır,Kiracılı,Hayır,Belirtilmemiş,300,Hayır,Kat Mülkiyetli,Emlak Ofisinden,Hayır,7.5,6,7,6,1820,1211118673,2025-05-14,300,,325.0,23500.0
4750000,Atakent Mh.,1240144319,14 Mayıs 2025,185,160,3+1,8,Kombi (Doğalgaz),2,Kapalı,Var,Var,Açık Otopark,Hayır,Mülk Sahibi,Hayır,Belirtilmemiş,Belirtilmemiş,Evet,Kat Mülkiyetli,Emlak Ofisinden,Hayır,7.5,7,4,8,1831,1240144319,2025-05-14,,,325.0,25675.675675675677
4850000,Atakent Mh.,1246401180,14 Mayıs 2025,145,130,3+1,8,Kombi (Doğalgaz),2,Kapalı,Var,Var,Açık Otopark,Hayır,Boş,Hayır,Belirtilmemiş,250,Evet,Kat Mülkiyetli,Emlak Ofisinden,Hayır,0.0,6,4,8,1852,1246401180,2025-05-14,250,,325.0,33448.275862068964
4900000,Yenimahalle Mah.,1246256902,14 Mayıs 2025,140,130,3+1,6,Kombi (Doğalgaz),2,Kapalı,Var,Var,Açık Otopark,Hayır,Boş,Hayır,Belirtilmemiş,Belirtilmemiş,Evet,Kat Mülkiyetli,Emlak Ofisinden,Evet,0.0,6,4,6,1857,1246256902,2025-05-14,,,325.0,35000.0
4950000,Yenimahalle Mah.,1246238330,14 Mayıs 2025,145,135,3+1,6,Yerden Isıtma,2,Kapalı,Var,Var,Açık Otopark,Hayır,Boş,Hayır,Belirtilmemiş,Belirtilmemiş,Evet,Kat Mülkiyetli,Emlak Ofisinden,Hayır,2.0,3,4,6,1878,1246238330,2025-05-14,,,325.0,34137.93103448276
5000000,Atakent Mh.,1240151275,14 Mayıs 2025,140,130,3+1,6,Kombi (Doğalgaz),2,Kapalı,Var,Var,Açık Otopark,Hayır,Kiracılı,Hayır,Belirtilmemiş,0,Hayır,Kat Mülkiyetli,Emlak Ofisinden,Hayır,13.0,6,4,6,1907,1240151275,2025-05-14,0,,325.0,35714.28571428572
5400000,Atakent Mh.,1246261380,14 Mayıs 2025,145,135,3+1,6,Kombi (Doğalgaz),2,Açık (Amerikan),Var,Var,Açık Otopark,Hayır,Boş,Hayır,Belirtilmemiş,Belirtilmemiş,Evet,Kat Mülkiyetli,Emlak Ofisinden,Evet,0.0,4,4,6,1980,1246261380,2025-05-14,,,325.0,37241.379310344826
5500000,Atakent Mh.,1246302144,14 Mayıs 2025,175,170,3+1,8,Kombi (Doğalgaz),2,Kapalı,Var,Var,Açık & Kapalı Otopark,Hayır,Boş,Evet,Glory Rose Evleri,Belirtilmemiş,Evet,Kat Mülkiyetli,Emlak Ofisinden,Evet,7.5,1,4,8,2011,1246302144,2025-05-14,,,325.0,31428.571428571428
5950000,Atakent Mh.,1246214294,14 Mayıs 2025,150,140,3+1,8,Yerden Isıtma,2,Kapalı,Var,Var,Açık Otopark,Hayır,Boş,Hayır,Belirtilmemiş,Belirtilmemiş,Evet,Kat Mülkiyetli,Emlak Ofisinden,Hayır,0.0,4,4,8,2086,1246214294,2025-05-14,,,325.0,39666.666666666664
6100000,Atakent Mh.,1233925335,14 Mayıs 2025,215,180,4+1,8,Kombi (Doğalgaz),3,Kapalı,Var,Var,Kapalı Otopark,Evet,Mülk Sahibi,Evet,Lilyum Konutları,3000,Evet,Kat Mülkiyetli,Emlak Ofisinden,Hayır,7.5,1,5,8,2137,1233925335,2025-05-14,3000,,325.0,28372.093023255813
6199999,Atakent Mh.,1233255958,14 Mayıs 2025,170,155,3+1,8,Kombi (Doğalgaz),2,Kapalı,Var,Var,Açık Otopark,Hayır,Boş,Hayır,Belirtilmemiş,Belirtilmemiş,Belirtilmemiş,Kat Mülkiyetli,Emlak Ofisinden,Evet,7.5,8,4,8,2148,1233255958,2025-05-14,,,325.0,36470.58235294118
6250000,Yenimahalle Mah.,1231468443,14 Mayıs 2025,130,120,3+1,7,Kombi (Doğalgaz),2,Kapalı,Var,Var,Açık Otopark,Hayır,Boş,Hayır,Belirtilmemiş,300,Evet,Kat Mülkiyetli,Emlak Ofisinden,Evet,0.0,7,4,7,2156,1231468443,2025-05-14,300,,325.0,48076.92307692308
6950000,Atakent Mh.,1246233077,14 Mayıs 2025,155,140,3+1,6,Yerden Isıtma,2,Kapalı,Var,Var,Açık Otopark,Hayır,Boş,Hayır,Belirtilmemiş,Belirtilmemiş,Evet,Kat Mülkiyetli,Emlak Ofisinden,Hayır,0.0,5,4,6,2215,1246233077,2025-05-14,,,325.0,44838.709677419356
7250000,Güzelyalı Mh.,1237272587,14 Mayıs 2025,160,145,3+1,7,Kombi (Doğalgaz),2,Kapalı,Var,Var,Açık Otopark,Hayır,Boş,Hayır,Belirtilmemiş,Belirtilmemiş,Evet,Kat Mülkiyetli,Emlak Ofisinden,Hayır,4.0,2,4,7,2242,1237272587,2025-05-14,,,325.0,45312.5
1875000,Yenimahalle Mah.,1246424414,15 Mayıs 2025,60,50,1+1,4,Kombi (Doğalgaz),1,Açık (Amerikan),Var,Var,Açık Otopark,Hayır,Boş,Hayır,Belirtilmemiş,Belirtilmemiş,Evet,Kat Mülkiyetli,Emlak Ofisinden,Hayır,1.0,3,2,4,270,1246424414,2025-05-15,,,326.0,31250.0
1975000,Yenimahalle Mah.,1246423594,15 Mayıs 2025,60,50,1+1,4,Kombi (Doğalgaz),1,Açık (Amerikan),Var,Var,Açık Otopark,Hayır,Boş,Hayır,Belirtilmemiş,Belirtilmemiş,Evet,Kat Mülkiyetli,Emlak Ofisinden,Hayır,1.0,3,2,4,374,1246423594,2025-05-15,,,326.0,32916.666666666664
1985000,Yenimahalle Mah.,1246532068,15 Mayıs 2025,53,48,1+1,5,Yerden Isıtma,1,Açık (Amerikan),Var,Var,Açık Otopark,Evet,Boş,Hayır,Belirtilmemiş,Belirtilmemiş,Evet,Kat Mülkiyetli,Emlak Ofisinden,Hayır,0.0,1,2,5,383,1246532068,2025-05-15,,,326.0,37452.83018867925
2150000,Yenimahalle Mah.,1246423784,15 Mayıs 2025,60,50,1+1,4,Kombi (Doğalgaz),1,Açık (Amerikan),Var,Var,Açık Otopark,Evet,Boş,Hayır,Belirtilmemiş,Belirtilmemiş,Evet,Kat Mülkiyetli,Emlak Ofisinden,Evet,1.0,3,2,4,574,1246423784,2025-05-15,,,326.0,35833.333333333336
2350000,Yenimahalle Mah.,1243423995,15 Mayıs 2025,50,45,1+1,3,Kombi (Doğalgaz),1,Açık (Amerikan),Var,Var,Açık Otopark,Hayır,Boş,Evet,Belirtilmemiş,200,Evet,Kat İrtifaklı,Emlak Ofisinden,Hayır,0.0,2,2,3,793,1243423995,2025-05-15,200,,326.0,47000.0
2470000,Yenimahalle Mah.,1246456016,15 Mayıs 2025,70,60,1+1,6,Kombi (Doğalgaz),1,Açık (Amerikan),Var,Var,Açık Otopark,Hayır,Kiracılı,Hayır,Belirtilmemiş,400,Evet,Kat Mülkiyetli,Emlak Ofisinden,Hayır,7.5,4,2,6,862,1246456016,2025-05-15,400,,326.0,35285.71428571428
2550000,Atatepe,1240410573,15 Mayıs 2025,85,70,2+1,4,Yerden Isıtma,1,Açık (Amerikan),Var,Var,Açık Otopark,Hayır,Boş,Hayır,Belirtilmemiş,Belirtilmemiş,Evet,Kat İrtifaklı,Emlak Ofisinden,Hayır,0.0,4,3,4,921,1240410573,2025-05-15,,,326.0,30000.0
2750000,Yenimahalle Mah.,1226239152,15 Mayıs 2025,130,110,3+1,5,Kombi (Doğalgaz),1,Kapalı,Var,Yok,Yok,Hayır,Mülk Sahibi,Hayır,Belirtilmemiş,100,Evet,Kat Mülkiyetli,Emlak Ofisinden,Hayır,18.0,3,4,5,1038,1226239152,2025-05-15,100,,326.0,21153.846153846152
2750000,Yenimahalle Mah.,1246533469,15 Mayıs 2025,56,50,1+1,6,Kombi (Doğalgaz),1,Açık (Amerikan),Var,Var,Açık Otopark,Evet,Kiracılı,Hayır,Belirtilmemiş,300,Evet,Kat Mülkiyetli,Emlak Ofisinden,Hayır,0.0,6,2,6,1043,1246533469,2025-05-15,300,,326.0,49107.142857142855
2750000,Yenimahalle Mah.,1240299794,15 Mayıs 2025,70,60,1+1,8,Kombi (Doğalgaz),1,Açık (Amerikan),Var,Var,Açık Otopark,Hayır,Kiracılı,Hayır,Belirtilmemiş,300,Evet,Kat Mülkiyetli,Emlak Ofisinden,Evet,4.0,4,2,8,1047,1240299794,2025-05-15,300,,326.0,39285.71428571428
2850000,Atatepe,1176882876,15 Mayıs 2025,120,100,2+1,8,Kombi (Doğalgaz),1,Kapalı,Var,Var,Açık Otopark,Hayır,Boş,Hayır,Belirtilmemiş,200,Evet,Kat Mülkiyetli,Emlak Ofisinden,Hayır,4.0,1,3,8,1100,1176882876,2025-05-15,200,,326.0,23750.0
2925000,Yenimahalle Mah.,1246490622,15 Mayıs 2025,55,50,1+1,5,Yerden Isıtma,1,Açık (Amerikan),Var,Var,Açık Otopark,Hayır,Boş,Hayır,Belirtilmemiş,Belirtilmemiş,Evet,Kat Mülkiyetli,Emlak Ofisinden,Hayır,0.0,2,2,5,1125,1246490622,2025-05-15,,,326.0,53181.818181818184
2925000,Yenimahalle Mah.,1246458179,15 Mayıs 2025,55,50,1+1,5,Yerden Isıtma,1,Açık (Amerikan),Var,Var,Açık Otopark,Hayır,Boş,Hayır,Belirtilmemiş,Belirtilmemiş,Evet,Kat Mülkiyetli,Emlak Ofisinden,Hayır,0.0,3,2,5,1126,1246458179,2025-05-15,,,326.0,53181.818181818184
3000000,Atakent Mh.,1243428449,15 Mayıs 2025,90,80,2+1,5,Kombi (Doğalgaz),1,Açık (Amerikan),Var,Var,Açık Otopark,Hayır,Boş,Hayır,Belirtilmemiş,200,Evet,Kat Mülkiyetli,Emlak Ofisinden,Hayır,4.0,1,3,5,1180,1243428449,2025-05-15,200,,326.0,33333.333333333336
3150000,Yenimahalle Mah.,1193903212,15 Mayıs 2025,100,90,2+1,5,Kombi (Doğalgaz),1,Açık (Amerikan),Var,Var,Açık Otopark,Hayır,Boş,Hayır,Belirtilmemiş,200,Evet,Kat Mülkiyetli,Emlak Ofisinden,Hayır,7.5,1,3,5,1233,1193903212,2025-05-15,200,,326.0,31500.0
3200000,Yenimahalle Mah.,1243391279,15 Mayıs 2025,150,135,3+1,8,Kombi (Doğalgaz),1,Kapalı,Var,Var,Açık Otopark,Hayır,Kiracılı,Evet,Bulvar Kent Sitesi,Belirtilmemiş,Evet,Kat Mülkiyetli,Emlak Ofisinden,Hayır,7.5,0,4,8,1261,1243391279,2025-05-15,,,326.0,21333.333333333332
3290000,Atakent Mh.,1246506065,15 Mayıs 2025,105,90,2+1,8,Yerden Isıtma,2,Kapalı,Var,Var,Açık Otopark,Hayır,Boş,Evet,Belirtilmemiş,400,Evet,Kat Mülkiyetli,Emlak Ofisinden,Hayır,0.0,1,3,8,1286,1246506065,2025-05-15,400,,326.0,31333.333333333332
3750000,Cumhuriyet Mah.,1229244940,15 Mayıs 2025,173,109,2+1,5,Kombi (Doğalgaz),1,Açık (Amerikan),Var,Var,Yok,Evet,Boş,Hayır,Belirtilmemiş,Belirtilmemiş,Evet,Kat Mülkiyetli,Emlak Ofisinden,Evet,13.0,5,3,5,1480,1229244940,2025-05-15,,,326.0,21676.300578034683
3900000,Yenimahalle Mah.,1243381505,15 Mayıs 2025,145,125,3+1,8,Kombi (Doğalgaz),2,Kapalı,Var,Var,Açık Otopark,Hayır,Boş,Hayır,Belirtilmemiş,Belirtilmemiş,Evet,Kat Mülkiyetli,Emlak Ofisinden,Hayır,7.5,2,4,8,1537,1243381505,2025-05-15,,,326.0,26896.55172413793
3900000,Yenimahalle Mah.,1234164532,15 Mayıs 2025,140,120,3+1,9,Kombi (Doğalgaz),2,Kapalı,Var,Var,Açık Otopark,Hayır,Boş,Hayır,Belirtilmemiş,Belirtilmemiş,Evet,Kat Mülkiyetli,Emlak Ofisinden,Hayır,4.0,2,4,9,1539,1234164532,2025-05-15,,,326.0,27857.14285714286
3999999,Yenimahalle Mah.,1240350610,15 Mayıs 2025,160,140,3+1,5,Kombi (Doğalgaz),1,Kapalı,Var,Var,Açık Otopark,Hayır,Boş,Hayır,Belirtilmemiş,Belirtilmemiş,Evet,Kat Mülkiyetli,Emlak Ofisinden,Evet,7.5,5,4,5,1575,1240350610,2025-05-15,,,326.0,24999.99375
4090000,Yenimahalle Mah.,1246621540,15 Mayıs 2025,115,95,2+1,6,Yerden Isıtma,2,Kapalı,Var,Var,Açık Otopark,Hayır,Boş,Hayır,Belirtilmemiş,Belirtilmemiş,Evet,Kat Mülkiyetli,Emlak Ofisinden,Evet,0.0,1,3,6,1608,1246621540,2025-05-15,,,326.0,35565.217391304344
4250000,Atakent Mh.,1246575513,15 Mayıs 2025,117,98,2+1,6,Yerden Isıtma,2,Kapalı,Var,Var,Açık Otopark,Hayır,Boş,Hayır,Belirtilmemiş,0,Evet,Kat Mülkiyetli,Emlak Ofisinden,Evet,1.0,4,3,6,1673,1246575513,2025-05-15,0,,326.0,36324.78632478633
4600000,Atakent Mh.,1240479639,15 Mayıs 2025,125,110,2+1,7,Kombi (Doğalgaz),2,Kapalı,Var,Var,Açık Otopark,Evet,Mülk Sahibi,Hayır,Belirtilmemiş,Belirtilmemiş,Evet,Kat Mülkiyetli,Emlak Ofisinden,Hayır,3.0,6,3,7,1791,1240479639,2025-05-15,,,326.0,36800.0
5125000,Yenimahalle Mah.,1246555091,15 Mayıs 2025,130,125,3+1,6,Kombi (Doğalgaz),1,Kapalı,Var,Var,Açık Otopark,Hayır,Mülk Sahibi,Hayır,Belirtilmemiş,300,Evet,Kat Mülkiyetli,Emlak Ofisinden,Hayır,7.5,3,4,6,1924,1246555091,2025-05-15,300,,326.0,39423.07692307692
5500000,Atakent Mh.,1246465503,15 Mayıs 2025,145,135,3+1,5,Kombi (Doğalgaz),2,Kapalı,Var,Var,Açık Otopark,Hayır,Boş,Hayır,Belirtilmemiş,Belirtilmemiş,Evet,Kat Mülkiyetli,Emlak Ofisinden,Evet,0.0,1,4,5,2013,1246465503,2025-05-15,,,326.0,37931.03448275862
8250000,Atakent Mh.,1246471613,15 Mayıs 2025,180,150,3+1,9,Merkezi (Pay Ölçer),2,Kapalı,Var,Var,Açık Otopark,Hayır,Boş,Hayır,Belirtilmemiş,Belirtilmemiş,Belirtilmemiş,Kat Mülkiyetli,Emlak Ofisinden,Hayır,7.5,5,4,9,2280,1246471613,2025-05-15,,,326.0,45833.333333333336
1730000,Cumhuriyet Mah.,1237222205,16 Mayıs 2025,110,100,2+1,5,Kombi (Doğalgaz),2,Kapalı,Yok,Var,Açık Otopark,Hayır,Boş,Hayır,Belirtilmemiş,100,Evet,Kat Mülkiyetli,Emlak Ofisinden,Hayır,13.0,0,3,5,110,1237222205,2025-05-16,100,,327.0,15727.272727272728
1750000,Yenimahalle Mah.,1240405519,16 Mayıs 2025,43,33,1+1,5,Kombi (Doğalgaz),1,Açık (Amerikan),Var,Var,Açık Otopark,Hayır,Boş,Hayır,Belirtilmemiş,,Evet,Kat İrtifaklı,Emlak Ofisinden,Hayır,0.0,4,2,5,142,1240405519,2025-05-16,,,327.0,40697.67441860465
1935000,Yenimahalle Mah.,1246738453,16 Mayıs 2025,48,42,1+1,3,Kombi (Doğalgaz),1,Açık (Amerikan),Yok,Var,Açık Otopark,Evet,Boş,Hayır,Belirtilmemiş,,Evet,Kat İrtifaklı,Emlak Ofisinden,Hayır,0.0,1,2,3,320,1246738453,2025-05-16,,,327.0,40312.5
1985000,Yenimahalle Mah.,1246691203,16 Mayıs 2025,55,45,1+1,5,Kombi (Doğalgaz),1,Açık (Amerikan),Var,Var,Açık Otopark,Evet,Boş,Evet,Belirtilmemiş,46,Evet,Kat Mülkiyetli,Emlak Ofisinden,Hayır,0.0,1,2,5,381,1246691203,2025-05-16,46,,327.0,36090.90909090909
1985000,Yenimahalle Mah.,1246735626,16 Mayıs 2025,48,42,1+1,4,Kombi (Doğalgaz),1,Açık (Amerikan),Var,Var,Açık Otopark,Evet,Boş,Hayır,Belirtilmemiş,Belirtilmemiş,Evet,Kat Mülkiyetli,Emlak Ofisinden,Hayır,2.0,1,2,4,382,1246735626,2025-05-16,,,327.0,41354.166666666664
2000000,İncesu Mh.,1246655348,16 Mayıs 2025,75,57,1+1,7,Yerden Isıtma,1,Açık (Amerikan),Var,Var,Açık Otopark,Hayır,Boş,Hayır,Belirtilmemiş,Belirtilmemiş,Evet,Kat İrtifaklı,Emlak Ofisinden,Hayır,0.0,2,2,7,437,1246655348,2025-05-16,,,327.0,26666.666666666668
2100000,İncesu Mh.,1229421945,16 Mayıs 2025,50,45,1+1,5,Yerden Isıtma,2,Açık (Amerikan),Var,Var,Açık Otopark,Hayır,Boş,Hayır,Belirtilmemiş,100,Evet,Kat Mülkiyetli,Emlak Ofisinden,Hayır,0.0,2,2,5,537,1229421945,2025-05-16,100,,327.0,42000.0
2145000,Yenimahalle Mah.,1246722491,16 Mayıs 2025,45,38,1+1,2,Kombi (Doğalgaz),1,Açık (Amerikan),Var,Yok,Açık Otopark,Evet,Boş,Hayır,Belirtilmemiş,,Evet,Kat Mülkiyetli,Emlak Ofisinden,Hayır,0.0,1,2,2,545,1246722491,2025-05-16,,,327.0,47666.666666666664
2145000,Yenimahalle Mah.,1246710389,16 Mayıs 2025,50,45,1+1,3,Yerden Isıtma,1,Açık (Amerikan),Var,Var,Açık Otopark,Evet,Boş,Hayır,Belirtilmemiş,Belirtilmemiş,Evet,Kat Mülkiyetli,Emlak Ofisinden,Hayır,0.0,1,2,3,546,1246710389,2025-05-16,,,327.0,42900.0
2250000,Yenimahalle Mah.,1210389474,16 Mayıs 2025,48,42,1+1,3,Kombi (Doğalgaz),1,Açık (Amerikan),Var,Var,Açık Otopark,Hayır,Boş,Hayır,Belirtilmemiş,Belirtilmemiş,Evet,Kat İrtifaklı,Emlak Ofisinden,Hayır,0.0,3,2,3,702,1210389474,2025-05-16,,,327.0,46875.0
2600000,Cumhuriyet Mah.,1240368153,16 Mayıs 2025,80,75,2+1,4,Kombi (Doğalgaz),1,Kapalı,Var,Var,Açık Otopark,Hayır,Kiracılı,Hayır,Belirtilmemiş,200,Evet,Kat Mülkiyetli,Emlak Ofisinden,Hayır,13.0,1,3,4,951,1240368153,2025-05-16,200,,327.0,32500.0
2650000,Yenimahalle Mah.,1240619251,16 Mayıs 2025,60,49,1+1,5,Yerden Isıtma,1,Kapalı,Var,Var,Açık Otopark,Hayır,Boş,Hayır,Belirtilmemiş,Belirtilmemiş,Evet,Kat İrtifaklı,Emlak Ofisinden,Evet,0.0,1,2,5,985,1240619251,2025-05-16,,,327.0,44166.666666666664
2750000,Yenimahalle Mah.,1225063458,16 Mayıs 2025,50,45,1+1,5,Yerden Isıtma,1,Açık (Amerikan),Var,Var,Açık & Kapalı Otopark,Hayır,Boş,Hayır,Belirtilmemiş,,Evet,Kat Mülkiyetli,Emlak Ofisinden,Hayır,0.0,2,2,5,1035,1225063458,2025-05-16,,,327.0,55000.0
2750000,Yenimahalle Mah.,1240653449,16 Mayıs 2025,55,45,1+1,5,Kombi (Doğalgaz),1,Açık (Amerikan),Var,Var,Açık Otopark,Hayır,Boş,Hayır,Belirtilmemiş,Belirtilmemiş,Evet,Kat Mülkiyetli,Emlak Ofisinden,Hayır,0.0,3,2,5,1044,1240653449,2025-05-16,,,327.0,50000.0
3150000,Yenimahalle Mah.,1240623227,16 Mayıs 2025,70,57,2+1,5,Yerden Isıtma,2,Açık (Amerikan),Var,Var,Açık Otopark,Hayır,Boş,Hayır,Belirtilmemiş,Belirtilmemiş,Evet,Kat İrtifaklı,Emlak Ofisinden,Evet,0.0,4,3,5,1236,1240623227,2025-05-16,,,327.0,45000.0
3300000,Atakent Mh.,1246675378,16 Mayıs 2025,60,50,1+1,5,Yerden Isıtma,1,Açık (Amerikan),Var,Var,Açık & Kapalı Otopark,Hayır,Boş,Hayır,Belirtilmemiş,200,Evet,Kat Mülkiyetli,Emlak Ofisinden,Hayır,0.0,2,2,5,1299,1246675378,2025-05-16,200,,327.0,55000.0
3700000,Atakent Mh.,1197453781,16 Mayıs 2025,110,90,2+1,6,Kombi (Doğalgaz),1,Kapalı,Var,Var,Açık Otopark,Hayır,Boş,Hayır,Belirtilmemiş,150,Evet,Kat İrtifaklı,Emlak Ofisinden,Hayır,0.0,6,3,6,1441,1197453781,2025-05-16,150,,327.0,33636.36363636364
3900000,Güzelyalı Mh.,1240427936,16 Mayıs 2025,55,50,1+1,5,Yerden Isıtma,1,Açık (Amerikan),Var,Var,Açık Otopark,Hayır,Boş,Hayır,Belirtilmemiş,,Evet,Kat Mülkiyetli,Emlak Ofisinden,Evet,0.0,1,2,5,1535,1240427936,2025-05-16,,,327.0,70909.09090909091
4100000,Yenimahalle Mah.,1240610748,16 Mayıs 2025,105,95,2+1,5,Yerden Isıtma,2,Açık (Amerikan),Var,Var,Açık Otopark,Hayır,Boş,Hayır,Belirtilmemiş,Belirtilmemiş,Evet,Kat İrtifaklı,Emlak Ofisinden,Evet,0.0,-2,3,5,1625,1240610748,2025-05-16,,,327.0,39047.619047619046
4300000,Atakent Mh.,1246763588,16 Mayıs 2025,150,130,3+1,9,Kombi (Doğalgaz),2,Kapalı,Var,Var,Açık Otopark,Hayır,Boş,Hayır,Belirtilmemiş,300,Evet,Kat Mülkiyetli,Emlak Ofisinden,Hayır,13.0,6,4,9,1688,1246763588,2025-05-16,300,,327.0,28666.666666666668
4400000,Yenimahalle Mah.,1240589328,16 Mayıs 2025,115,100,2+1,5,Yerden Isıtma,2,Kapalı,Var,Var,Açık Otopark,Hayır,Boş,Hayır,Belirtilmemiş,,Evet,Kat İrtifaklı,Emlak Ofisinden,Hayır,0.0,2,3,5,1726,1240589328,2025-05-16,,,327.0,38260.86956521739
4700000,Güzelyalı Mh.,1205073198,16 Mayıs 2025,105,95,2+1,4,Kombi (Doğalgaz),1,Açık (Amerikan),Var,Var,Açık Otopark,Hayır,Boş,Hayır,Belirtilmemiş,,Evet,Kat Mülkiyetli,Emlak Ofisinden,Hayır,4.0,1,3,4,1819,1205073198,2025-05-16,,,327.0,44761.90476190476
4850000,Yenimahalle Mah.,1225342117,16 Mayıs 2025,160,140,3+1,5,Kombi (Doğalgaz),2,Kapalı,Var,Var,Açık & Kapalı Otopark,Hayır,Mülk Sahibi,Hayır,Belirtilmemiş,300,Evet,Kat Mülkiyetli,Emlak Ofisinden,Evet,7.5,2,4,5,1851,1225342117,2025-05-16,300,,327.0,30312.5
4900000,Yenimahalle Mah.,1240416663,16 Mayıs 2025,135,125,3+1,6,Kombi (Doğalgaz),2,Kapalı,Var,Var,Açık Otopark,Hayır,Boş,Hayır,Belirtilmemiş,0,Evet,Kat Mülkiyetli,Emlak Ofisinden,Evet,0.0,6,4,6,1856,1240416663,2025-05-16,0,,327.0,36296.2962962963
4950000,Güzelyalı Mh.,1246764208,16 Mayıs 2025,95,86,1+1,7,Kombi (Doğalgaz),1,Açık (Amerikan),Var,Var,Açık & Kapalı Otopark,Hayır,Boş,Hayır,Belirtilmemiş,,Evet,Kat Mülkiyetli,Emlak Ofisinden,Hayır,0.0,2,2,7,1877,1246764208,2025-05-16,,,327.0,52105.26315789474
5700000,Atakent Mh.,1240452147,16 Mayıs 2025,165,145,3+1,5,Yerden Isıtma,2,Kapalı,Var,Var,Açık Otopark,Hayır,Boş,Hayır,Belirtilmemiş,555,Evet,Kat Mülkiyetli,Emlak Ofisinden,Evet,0.0,3,4,5,2050,1240452147,2025-05-16,555,,327.0,34545.454545454544
5800000,Güzelyalı Mh.,1246794101,16 Mayıs 2025,95,85,2+1,4,Kombi (Elektrik),2,Açık (Amerikan),Var,Var,Açık Otopark,Hayır,Boş,Hayır,Belirtilmemiş,,Evet,Kat Mülkiyetli,Emlak Ofisinden,Hayır,0.0,1,3,4,2068,1246794101,2025-05-16,,,327.0,61052.63157894737
5800000,Güzelyalı Mh.,1240438564,16 Mayıs 2025,75,70,2+1,5,Yerden Isıtma,1,Açık (Amerikan),Var,Var,Açık Otopark,Hayır,Boş,Hayır,Belirtilmemiş,Belirtilmemiş,Evet,Kat Mülkiyetli,Emlak Ofisinden,Evet,0.0,2,3,5,2069,1240438564,2025-05-16,,,327.0,77333.33333333333
6900000,Güzelyalı Mh.,1235113014,16 Mayıs 2025,160,145,3+1,5,Kombi (Doğalgaz),2,Açık (Amerikan),Var,Var,Açık Otopark,Hayır,Kiracılı,Hayır,Belirtilmemiş,250,Evet,Kat Mülkiyetli,Emlak Ofisinden,Hayır,13.0,4,4,5,2208,1235113014,2025-05-16,250,,327.0,43125.0
7000000,Atakent Mh.,1246727023,16 Mayıs 2025,155,140,3+1,8,Yerden Isıtma,2,Kapalı,Var,Var,Açık & Kapalı Otopark,Hayır,Boş,Evet,Belirtilmemiş,,Evet,Kat İrtifaklı,Emlak Ofisinden,Evet,0.0,1,4,8,2225,1246727023,2025-05-16,,,327.0,45161.290322580644
1800000,Yenimahalle Mah.,1228588692,17 Mayıs 2025,60,55,1+1,4,Yerden Isıtma,2,Açık (Amerikan),Yok,Var,Açık Otopark,Hayır,Boş,Hayır,Belirtilmemiş,,Evet,Kat Mülkiyetli,Emlak Ofisinden,Hayır,0.0,1,2,4,183,1228588692,2025-05-17,,,328.0,30000.0
1850000,Yenimahalle Mah.,1246958826,17 Mayıs 2025,50,45,1+1,6,Yerden Isıtma,1,Açık (Amerikan),Var,Var,Açık Otopark,Evet,Boş,Hayır,Belirtilmemiş,,Evet,Kat Mülkiyetli,Emlak Ofisinden,Evet,0.0,2,2,6,247,1246958826,2025-05-17,,,328.0,37000.0
1850000,Yenimahalle Mah.,1237376913,17 Mayıs 2025,50,45,1+1,3,Kombi (Doğalgaz),1,Açık (Amerikan),Var,Var,Açık Otopark,Hayır,Boş,Hayır,Belirtilmemiş,,Evet,Kat Mülkiyetli,Emlak Ofisinden,Evet,0.0,1,2,3,248,1237376913,2025-05-17,,,328.0,37000.0
1850000,Yenimahalle Mah.,1247014365,17 Mayıs 2025,50,45,1+1,7,Yerden Isıtma,1,Açık (Amerikan),Var,Var,Açık Otopark,Hayır,Boş,Hayır,Belirtilmemiş,,Evet,Kat İrtifaklı,Emlak Ofisinden,Evet,0.0,1,2,7,249,1247014365,2025-05-17,,,328.0,37000.0
2100000,Yenimahalle Mah.,1246943528,17 Mayıs 2025,53,47,1+1,7,Kombi (Doğalgaz),1,Açık (Amerikan),Var,Var,Açık Otopark,Hayır,Boş,Hayır,Belirtilmemiş,,Evet,Kat Mülkiyetli,Emlak Ofisinden,Hayır,0.0,1,2,7,531,1246943528,2025-05-17,,,328.0,39622.64150943396
2190000,Yenimahalle Mah.,1240798291,17 Mayıs 2025,45,35,1+1,4,Kombi (Doğalgaz),1,Açık (Amerikan),Yok,Var,Açık Otopark,Evet,Boş,Hayır,Belirtilmemiş,Belirtilmemiş,Evet,Kat Mülkiyetli,Emlak Ofisinden,Hayır,0.0,1,2,4,600,1240798291,2025-05-17,,,328.0,48666.666666666664
2200000,Yenimahalle Mah.,1247027258,17 Mayıs 2025,50,45,1+1,7,Yerden Isıtma,1,Açık (Amerikan),Var,Var,Açık Otopark,Hayır,Boş,Hayır,Belirtilmemiş,,Evet,Kat İrtifaklı,Emlak Ofisinden,Evet,0.0,7,2,7,650,1247027258,2025-05-17,,,328.0,44000.0
2400000,İncesu Mh.,1240854251,17 Mayıs 2025,50,40,1+1,4,Kombi (Doğalgaz),1,Açık (Amerikan),Var,Var,Açık Otopark,Hayır,Boş,Hayır,Belirtilmemiş,Belirtilmemiş,Evet,Kat Mülkiyetli,Emlak Ofisinden,Hayır,0.0,4,2,4,837,1240854251,2025-05-17,,,328.0,48000.0
2500000,Yenimahalle Mah.,1247007933,17 Mayıs 2025,50,45,1+1,3,Kombi (Doğalgaz),1,Açık (Amerikan),Var,Var,Açık Otopark,Hayır,Boş,Hayır,Belirtilmemiş,200,Evet,Kat Mülkiyetli,Emlak Ofisinden,Hayır,0.0,1,2,3,899,1247007933,2025-05-17,200,,328.0,50000.0
2750000,Yenimahalle Mah.,1227994347,17 Mayıs 2025,59,57,1+1,6,Kombi (Doğalgaz),1,Açık (Amerikan),Var,Var,Açık Otopark,Evet,Kiracılı,Hayır,Belirtilmemiş,,Evet,Kat Mülkiyetli,Emlak Ofisinden,Evet,3.0,1,2,6,1036,1227994347,2025-05-17,,,328.0,46610.16949152543
2750000,Yenimahalle Mah.,1246846184,17 Mayıs 2025,65,60,1+1,8,Kombi (Doğalgaz),1,Açık (Amerikan),Var,Var,Açık & Kapalı Otopark,Hayır,Boş,Hayır,Belirtilmemiş,350,Evet,Kat Mülkiyetli,Emlak Ofisinden,Hayır,7.5,3,2,8,1037,1246846184,2025-05-17,350,,328.0,42307.692307692305
2750000,Yenimahalle Mah.,1240787617,17 Mayıs 2025,55,45,1+1,5,Kombi (Doğalgaz),1,Açık (Amerikan),Var,Var,Açık Otopark,Hayır,Boş,Hayır,Belirtilmemiş,Belirtilmemiş,Evet,Kat Mülkiyetli,Emlak Ofisinden,Evet,0.0,4,2,5,1040,1240787617,2025-05-17,,,328.0,50000.0
2750000,İncesu Mh.,1240859361,17 Mayıs 2025,55,45,1+1,4,Kombi (Doğalgaz),1,Açık (Amerikan),Var,Var,Açık Otopark,Hayır,Boş,Hayır,Belirtilmemiş,Belirtilmemiş,Evet,Kat Mülkiyetli,Emlak Ofisinden,Hayır,0.0,2,2,4,1060,1240859361,2025-05-17,,,328.0,50000.0
2800000,Yenimahalle Mah.,1246969873,17 Mayıs 2025,55,45,1+1,5,Kombi (Doğalgaz),1,Açık (Amerikan),Var,Var,Açık Otopark,Hayır,Boş,Hayır,Belirtilmemiş,200,Evet,Kat Mülkiyetli,Emlak Ofisinden,Hayır,0.0,3,2,5,1080,1246969873,2025-05-17,200,,328.0,50909.09090909091
2850000,Atatepe,1234356706,17 Mayıs 2025,140,125,3+1,9,Kombi (Doğalgaz),2,Kapalı,Yok,Var,Açık Otopark,Hayır,Mülk Sahibi,Evet,Elmaskent Sitesi,750,Evet,Kat Mülkiyetli,Emlak Ofisinden,Hayır,13.0,1,4,9,1099,1234356706,2025-05-17,750,,328.0,20357.14285714286
2980000,Atakent Mh.,1246882002,17 Mayıs 2025,65,60,1+1,4,Kombi (Doğalgaz),1,Açık (Amerikan),Var,Var,Açık Otopark,Evet,Kiracılı,Hayır,Belirtilmemiş,500,Evet,Kat Mülkiyetli,Emlak Ofisinden,Hayır,7.5,2,2,4,1152,1246882002,2025-05-17,500,,328.0,45846.153846153844
3100000,Yenimahalle Mah.,1229382196,17 Mayıs 2025,50,45,1+1,5,Yerden Isıtma,1,Açık (Amerikan),Var,Var,Açık Otopark,Hayır,Boş,Hayır,Belirtilmemiş,,Hayır,Kat İrtifaklı,Emlak Ofisinden,Hayır,0.0,1,2,5,1214,1229382196,2025-05-17,,,328.0,62000.0
3150000,Cumhuriyet Mah.,1235288093,17 Mayıs 2025,55,50,1+1,4,Yerden Isıtma,1,Açık (Amerikan),Var,Var,Açık & Kapalı Otopark,Hayır,Boş,Hayır,Belirtilmemiş,Belirtilmemiş,Evet,Kat Mülkiyetli,Emlak Ofisinden,Hayır,0.0,4,2,4,1240,1235288093,2025-05-17,,,328.0,57272.72727272727
3250000,Yenimahalle Mah.,1203289759,17 Mayıs 2025,56,45,1+1,5,Yerden Isıtma,1,Açık (Amerikan),Var,Var,Açık Otopark,Hayır,Boş,Hayır,Belirtilmemiş,,Evet,Kat İrtifaklı,Emlak Ofisinden,Evet,0.0,1,2,5,1282,1203289759,2025-05-17,,,328.0,58035.71428571428
3500000,Yenimahalle Mah.,1246958239,17 Mayıs 2025,85,80,2+0,7,Kombi (Doğalgaz),2,Açık (Amerikan),Var,Var,Açık Otopark,Hayır,Mülk Sahibi,Hayır,Belirtilmemiş,,Evet,Kat Mülkiyetli,Emlak Ofisinden,Hayır,7.5,1,2,7,1370,1246958239,2025-05-17,,,328.0,41176.470588235294
3650000,Atakent Mh.,1228788485,17 Mayıs 2025,115,100,2+1,5,Kombi (Doğalgaz),1,Kapalı,Var,Var,Açık Otopark,Hayır,Boş,Hayır,Belirtilmemiş,,Evet,Kat Mülkiyetli,Emlak Ofisinden,Hayır,0.0,5,3,5,1431,1228788485,2025-05-17,,,328.0,31739.130434782608
3900000,Atakent Mh.,1247013517,17 Mayıs 2025,135,125,3+1,4,Kombi (Doğalgaz),1,Kapalı,Var,Var,Açık Otopark,Hayır,Boş,Hayır,Belirtilmemiş,,Evet,Kat Mülkiyetli,Emlak Ofisinden,Hayır,7.5,4,4,4,1534,1247013517,2025-05-17,,,328.0,28888.88888888889
3900000,Atakent Mh.,1246859236,17 Mayıs 2025,135,125,3+1,4,Kombi (Doğalgaz),1,Kapalı,Var,Var,Açık Otopark,Hayır,Boş,Hayır,Belirtilmemiş,,Evet,Kat Mülkiyetli,Emlak Ofisinden,Hayır,7.5,4,4,4,1536,1246859236,2025-05-17,,,328.0,28888.88888888889
3950000,Atakent Mh.,1246989041,17 Mayıs 2025,140,120,3+1,6,Kombi (Doğalgaz),2,Kapalı,Var,Var,Açık Otopark,Hayır,Boş,Hayır,Belirtilmemiş,300,Evet,Kat Mülkiyetli,Emlak Ofisinden,Hayır,2.0,1,4,6,1560,1246989041,2025-05-17,300,,328.0,28214.285714285714
3950000,Atakent Mh.,1196791761,17 Mayıs 2025,135,125,3+1,6,Kombi (Doğalgaz),2,Kapalı,Var,Var,Açık Otopark,Hayır,Kiracılı,Hayır,Belirtilmemiş,200,Evet,Kat Mülkiyetli,Emlak Ofisinden,Evet,4.0,6,4,6,1561,1196791761,2025-05-17,200,,328.0,29259.25925925926
4100000,Yenimahalle Mah.,1246894619,17 Mayıs 2025,115,95,2+1,6,Yerden Isıtma,2,Kapalı,Var,Var,Açık Otopark,Hayır,Boş,Hayır,Belirtilmemiş,,Evet,Kat İrtifaklı,Emlak Ofisinden,Evet,0.0,2,3,6,1624,1246894619,2025-05-17,,,328.0,35652.17391304348
4150000,Yenimahalle Mah.,1246877954,17 Mayıs 2025,190,160,5+2,5,Kombi (Doğalgaz),2,Kapalı,Var,Var,Yok,Hayır,Boş,Hayır,Belirtilmemiş,200,Evet,Kat İrtifaklı,Emlak Ofisinden,Hayır,18.0,5,7,5,1640,1246877954,2025-05-17,200,,328.0,21842.105263157893
4350000,Yenimahalle Mah.,1220334575,17 Mayıs 2025,150,135,3+1,6,Kombi (Doğalgaz),2,Kapalı,Var,Var,Açık Otopark,Hayır,Boş,Hayır,Belirtilmemiş,,Evet,Kat Mülkiyetli,Emlak Ofisinden,Hayır,7.5,6,4,6,1707,1220334575,2025-05-17,,,328.0,29000.0
4350000,Yenimahalle Mah.,1243838757,17 Mayıs 2025,134,121,3+1,4,Yerden Isıtma,2,Kapalı,Var,Var,Açık & Kapalı Otopark,Hayır,Boş,Hayır,Belirtilmemiş,,Evet,Kat İrtifaklı,Emlak Ofisinden,Evet,0.0,1,4,4,1708,1243838757,2025-05-17,,,328.0,32462.68656716418
4650000,Atakent Mh.,1168156378,17 Mayıs 2025,170,145,3+1,6,Kombi (Doğalgaz),2,Kapalı,Var,Var,Açık & Kapalı Otopark,Hayır,Mülk Sahibi,Hayır,Belirtilmemiş,150,Evet,Kat Mülkiyetli,Emlak Ofisinden,Hayır,7.5,6,4,6,1804,1168156378,2025-05-17,150,,328.0,27352.941176470587
4985000,Yenimahalle Mah.,1246988360,17 Mayıs 2025,90,85,2+1,6,Yerden Isıtma,1,Kapalı,Var,Var,Açık Otopark,Hayır,Boş,Hayır,Belirtilmemiş,0,Evet,Kat Mülkiyetli,Emlak Ofisinden,Evet,0.0,3,3,6,1886,1246988360,2025-05-17,0,,328.0,55388.88888888889
5000000,Atakent Mh.,1246917103,17 Mayıs 2025,152,132,3+1,5,Yerden Isıtma,2,Kapalı,Var,Var,Açık Otopark,Hayır,Boş,Hayır,Belirtilmemiş,,Evet,Kat Mülkiyetli,Emlak Ofisinden,Evet,0.0,1,4,5,1905,1246917103,2025-05-17,,,328.0,32894.73684210526
5000000,Güzelyalı Mh.,1217477149,17 Mayıs 2025,63,47,1+1,3,Kombi (Doğalgaz),1,Açık (Amerikan),Var,Var,Açık Otopark,Hayır,Boş,Hayır,Belirtilmemiş,,Evet,Kat İrtifaklı,Emlak Ofisinden,Hayır,0.0,1,2,3,1906,1217477149,2025-05-17,,,328.0,79365.07936507936
5500000,Atakent Mh.,1235290617,17 Mayıs 2025,160,140,3+1,5,Kombi (Doğalgaz),2,Kapalı,Var,Var,Açık Otopark,Hayır,Boş,Hayır,Belirtilmemiş,,Evet,Kat Mülkiyetli,Emlak Ofisinden,Evet,0.0,2,4,5,2010,1235290617,2025-05-17,,,328.0,34375.0
6500000,Atakent Mh.,1217276053,17 Mayıs 2025,153,143,3+1,9,Kombi (Doğalgaz),2,Kapalı,Var,Var,Açık Otopark,Hayır,Boş,Hayır,Belirtilmemiş,,Evet,Kat Mülkiyetli,Emlak Ofisinden,Evet,2.0,5,4,9,2176,1217276053,2025-05-17,,,328.0,42483.660130718956
6500000,Atatepe,1247028466,17 Mayıs 2025,176,155,3+1,9,Kombi (Doğalgaz),2,Kapalı,Var,Var,Açık Otopark,Hayır,Boş,Evet,Kuryapı Atapark,600,Evet,Kat Mülkiyetli,Emlak Ofisinden,Hayır,0.0,1,4,9,2177,1247028466,2025-05-17,600,,328.0,36931.818181818184
6600000,Atakent Mh.,1240870758,17 Mayıs 2025,150,125,3+1,5,Kombi (Doğalgaz),2,Kapalı,Var,Var,Açık Otopark,Hayır,Boş,Hayır,Belirtilmemiş,,Evet,Kat Mülkiyetli,Emlak Ofisinden,Hayır,1.0,1,4,5,2189,1240870758,2025-05-17,,,328.0,44000.0
7000000,Atatepe,1247030293,17 Mayıs 2025,179,155,3+1,9,Kombi (Doğalgaz),2,Kapalı,Var,Var,Açık Otopark,Hayır,Boş,Evet,Kuryapı Atapark,250,Evet,Kat Mülkiyetli,Emlak Ofisinden,Hayır,0.0,4,4,9,2224,1247030293,2025-05-17,250,,328.0,39106.14525139665
7499000,Atakent Mh.,1240861341,17 Mayıs 2025,160,140,3+1,5,Kombi (Doğalgaz),2,Kapalı,Var,Var,Açık Otopark,Hayır,Boş,Hayır,Belirtilmemiş,,Hayır,Kat Mülkiyetli,Emlak Ofisinden,Evet,0.0,4,4,5,2246,1240861341,2025-05-17,,,328.0,46868.75
7500000,Atakent Mh.,1235301257,17 Mayıs 2025,170,150,3+1,7,Yerden Isıtma,2,Kapalı,Var,Var,Açık Otopark,Hayır,Boş,Hayır,Belirtilmemiş,0,Evet,Kat Mülkiyetli,Emlak Ofisinden,Hayır,0.0,7,4,7,2254,1235301257,2025-05-17,0,,328.0,44117.64705882353
7650000,Yenimahalle Mah.,1247021514,17 Mayıs 2025,180,155,3+1,7,Kombi (Doğalgaz),2,Kapalı,Var,Var,Açık Otopark,Hayır,Kiracılı,Hayır,Belirtilmemiş,650,Evet,Kat Mülkiyetli,Emlak Ofisinden,Hayır,7.5,7,4,7,2262,1247021514,2025-05-17,650,,328.0,42500.0
8250000,Yenimahalle Mah.,1247017680,17 Mayıs 2025,195,170,3+1,7,Kombi (Doğalgaz),2,Kapalı,Var,Var,Açık Otopark,Hayır,Mülk Sahibi,Hayır,Belirtilmemiş,650,Evet,Kat Mülkiyetli,Emlak Ofisinden,Hayır,7.5,7,4,7,2279,1247017680,2025-05-17,650,,328.0,42307.692307692305
1985000,Yenimahalle Mah.,1247053206,18 Mayıs 2025,60,50,1+1,5,Kombi (Doğalgaz),1,Açık (Amerikan),Var,Var,Açık Otopark,Evet,Boş,Hayır,Belirtilmemiş,,Evet,Kat Mülkiyetli,Emlak Ofisinden,Hayır,0.0,1,2,5,380,1247053206,2025-05-18,,,329.0,33083.333333333336
2050000,Yenimahalle Mah.,1247045702,18 Mayıs 2025,45,40,1+1,5,Kombi (Doğalgaz),1,Açık (Amerikan),Var,Var,Açık Otopark,Evet,Kiracılı,Hayır,Belirtilmemiş,,Evet,Kat Mülkiyetli,Emlak Ofisinden,Hayır,7.5,1,2,5,476,1247045702,2025-05-18,,,329.0,45555.555555555555
2650000,Yenimahalle Mah.,1247067132,18 Mayıs 2025,70,60,1+1,5,Kombi (Doğalgaz),1,Açık (Amerikan),Var,Var,Açık Otopark,Evet,Boş,Hayır,Belirtilmemiş,400,Evet,Kat Mülkiyetli,Emlak Ofisinden,Evet,7.5,5,2,5,984,1247067132,2025-05-18,400,,329.0,37857.142857142855
2750000,Yenimahalle Mah.,1247029118,18 Mayıs 2025,90,75,2+1,5,Kombi (Doğalgaz),1,Açık (Amerikan),Var,Var,Açık Otopark,Belirtilmemiş,Boş,Hayır,Belirtilmemiş,,Evet,Kat Mülkiyetli,Emlak Ofisinden,Hayır,7.5,2,3,5,1034,1247029118,2025-05-18,,,329.0,30555.555555555555
2750000,Cumhuriyet Mah.,1237819964,18 Mayıs 2025,110,100,2+1,4,Kombi (Doğalgaz),1,Kapalı,Var,Var,Açık Otopark,Hayır,Boş,Hayır,Belirtilmemiş,100,Evet,Kat Mülkiyetli,Emlak Ofisinden,Hayır,18.0,1,3,4,1059,1237819964,2025-05-18,100,,329.0,25000.0
2850000,Yenimahalle Mah.,1162335332,18 Mayıs 2025,60,50,1+1,6,Yerden Isıtma,1,Açık (Amerikan),Var,Var,Açık Otopark,Evet,Boş,Hayır,Belirtilmemiş,,Evet,Kat Mülkiyetli,Emlak Ofisinden,Hayır,0.0,2,2,6,1098,1162335332,2025-05-18,,,329.0,47500.0
2900000,Yenimahalle Mah.,1240049242,18 Mayıs 2025,90,85,2+1,5,Kombi (Doğalgaz),1,Açık (Amerikan),Var,Var,Açık Otopark,Hayır,Boş,Hayır,Belirtilmemiş,,Evet,Kat Mülkiyetli,Emlak Ofisinden,Evet,3.0,4,3,5,1122,1240049242,2025-05-18,,,329.0,32222.222222222223
2995000,Yenimahalle Mah.,1247036447,18 Mayıs 2025,60,48,1+1,6,Kombi (Doğalgaz),1,Açık (Amerikan),Var,Var,Yok,Hayır,Mülk Sahibi,Hayır,Belirtilmemiş,300,Evet,Kat Mülkiyetli,Emlak Ofisinden,Hayır,7.5,5,2,6,1161,1247036447,2025-05-18,300,,329.0,49916.666666666664
3350000,Yenimahalle Mah.,1240889882,18 Mayıs 2025,75,65,1+1,9,Kombi (Doğalgaz),1,Açık (Amerikan),Var,Var,Açık & Kapalı Otopark,Evet,Boş,Hayır,Belirtilmemiş,500,Evet,Kat Mülkiyetli,Emlak Ofisinden,Hayır,4.0,7,2,9,1316,1240889882,2025-05-18,500,,329.0,44666.666666666664
3990000,Atakent Mh.,1247125386,18 Mayıs 2025,165,140,3+1,7,Kombi (Doğalgaz),2,Kapalı,Var,Var,Açık Otopark,Hayır,Mülk Sahibi,Hayır,Belirtilmemiş,300,Evet,Kat Mülkiyetli,Emlak Ofisinden,Evet,7.5,6,4,7,1569,1247125386,2025-05-18,300,,329.0,24181.81818181818
4250000,Yenimahalle Mah.,1240648167,18 Mayıs 2025,135,120,3+1,5,Kombi (Doğalgaz),1,Kapalı,Var,Var,Açık Otopark,Hayır,Boş,Hayır,Belirtilmemiş,250,Evet,Kat Mülkiyetli,Emlak Ofisinden,Evet,18.0,1,4,5,1672,1240648167,2025-05-18,250,,329.0,31481.48148148148
4350000,Cumhuriyet Mah.,1247069554,18 Mayıs 2025,60,55,1+1,4,Yerden Isıtma,1,Açık (Amerikan),Var,Var,Açık Otopark,Evet,Boş,Hayır,Belirtilmemiş,450,Evet,Kat Mülkiyetli,Emlak Ofisinden,Hayır,0.0,4,2,4,1717,1247069554,2025-05-18,450,,329.0,72500.0
4500000,Atakent Mh.,1240674054,18 Mayıs 2025,140,125,3+1,5,Kombi (Doğalgaz),2,Açık (Amerikan),Var,Var,Açık Otopark,Hayır,Boş,Hayır,Belirtilmemiş,300,Evet,Kat Mülkiyetli,Emlak Ofisinden,Hayır,7.5,5,4,5,1769,1240674054,2025-05-18,300,,329.0,32142.85714285714
5250000,Atakent Mh.,1228157145,18 Mayıs 2025,165,150,3+1,6,Kombi (Doğalgaz),2,Kapalı,Var,Var,Açık Otopark,Hayır,Boş,Evet,Belirtilmemiş,,Evet,Kat Mülkiyetli,Emlak Ofisinden,Evet,0.0,1,4,6,1953,1228157145,2025-05-18,,,329.0,31818.18181818182
6250000,Atakent Mh.,1241097191,18 Mayıs 2025,170,145,3+1,7,Yerden Isıtma,2,Kapalı,Var,Var,Açık & Kapalı Otopark,Hayır,Boş,Hayır,Belirtilmemiş,1,Evet,Kat Mülkiyetli,Emlak Ofisinden,Hayır,0.0,1,4,7,2154,1241097191,2025-05-18,1,,329.0,36764.705882352944
6250000,Atakent Mh.,1240632403,18 Mayıs 2025,165,145,3+1,8,Yerden Isıtma,2,Kapalı,Var,Var,Açık Otopark,Hayır,Boş,Hayır,Belirtilmemiş,,Evet,Kat Mülkiyetli,Emlak Ofisinden,Evet,0.0,4,4,8,2155,1240632403,2025-05-18,,,329.0,37878.78787878788
6950000,Güzelyalı Mh.,1247037682,18 Mayıs 2025,105,90,2+1,5,Kombi (Doğalgaz),2,Açık (Amerikan),Var,Var,Açık & Kapalı Otopark,Hayır,Boş,Hayır,Belirtilmemiş,400,Evet,Kat Mülkiyetli,Emlak Ofisinden,Hayır,0.0,2,3,5,2214,1247037682,2025-05-18,400,,329.0,66190.47619047618
7500000,Atakent Mh.,1228267896,18 Mayıs 2025,170,155,3+1,7,Kombi (Doğalgaz),2,Kapalı,Var,Var,Açık Otopark,Hayır,Boş,Hayır,Belirtilmemiş,250,Evet,Kat Mülkiyetli,Emlak Ofisinden,Hayır,2.0,4,4,7,2253,1228267896,2025-05-18,250,,329.0,44117.64705882353
3500000,Cumhuriyet Mah.,1217875017,19 Mayıs 2025,135,117,3+1,6,Kombi (Doğalgaz),1,Kapalı,Var,Var,Yok,Hayır,Mülk Sahibi,Hayır,Belirtilmemiş,Belirtilmemiş,Evet,Kat Mülkiyetli,Emlak Ofisinden,Hayır,13.0,4,4,6,1377,1217875017,2025-05-19,,,330.0,25925.925925925927
3550000,Cumhuriyet Mah.,1235750598,19 Mayıs 2025,110,100,2+1,4,Kombi (Doğalgaz),2,Kapalı,Var,Var,Yok,Hayır,Mülk Sahibi,Hayır,Belirtilmemiş,Belirtilmemiş,Evet,Kat Mülkiyetli,Emlak Ofisinden,Hayır,13.0,1,3,4,1399,1235750598,2025-05-19,,,330.0,32272.727272727272
7000000,Cumhuriyet Mah.,1239297020,19 Mayıs 2025,160,140,3+1,5,Kombi (Doğalgaz),2,Kapalı,Var,Var,Açık Otopark,Hayır,Boş,Hayır,Belirtilmemiş,Belirtilmemiş,Evet,Kat Mülkiyetli,Emlak Ofisinden,Evet,0.0,5,4,5,2228,1239297020,2025-05-19,,,330.0,43750.0
